annotation_id,tweet_id,customer_message,suggested_intent,annotation_status,final_intent,review_notes
1,99791,@AmazonHelp @AmazonHelp your team doing totally farud with us we are seller if our account was suspend then why your team not giving any support or guide us. You charging a big amount commission and also doing farud,SELLER,weak_label,,
2,982300,@115850 @AmazonHelp whenever I try to contact customer service by Amazon app it says they are unable to find my order @115851 #pathetic,WEBSITE_OR_APP,weak_label,,
3,134858,@AmazonHelp Why should I be the one chasing this parcel anyway? You as a company promised this parcel yesterday. According to the tracking info it was attempted yesterday but I was home all day waiting for it.,DELIVERY_TRACKING,weak_label,,
4,207557,@AmazonHelp how does amazon give next day delivery if the seller is from china?,SELLER,weak_label,,
5,16473,@AmazonHelp i didnt do anything wrong.. then why doing some wierd things like that? why???,,unlabelled,,
6,16877,@AmazonHelp @119704  https://t.co/rUjHdeMm9G,,unlabelled,,
7,95372,@AmazonHelp I already got to chat with one of your reps. Is there a way for me to get a refund without having to ship the LENS CAPS back to the US? Thanks,REFUND,weak_label,,
8,15443,@AmazonHelp I will just a bit frustrating that’s all considering it was on amazon prime,,unlabelled,,
9,1121304,"@AmazonHelp Yes, I have filled the form, further twice the amount was deducted, and I tried from 3 different cards, again it’s showing payment failed.",PAYMENT,weak_label,,
10,42553,@AmazonHelp I don't think the package is damaged.Rather carrier communication issue. Why else the changing stories ?found out about return from email.,RETURN,weak_label,,
11,398726,@AmazonHelp Yeah one was a back order. I expected that but the others were shipped and charged and withdrawn from my account and now were charged again,PAYMENT,weak_label,,
12,1030294,"@115850 didn't receive cashback for Order ID: #402-2114609-1385952, 
Please check @AmazonHelp",PACKAGE_NOT_RECEIVED,weak_label,,
13,835815,"@AmazonHelp i did shopping of 3817 between 4 to 8 october, but i have not received cashback for all orders, why you people fooling customers",PACKAGE_NOT_RECEIVED,weak_label,,
14,99777,"@AmazonHelp you guys literally have no idea how to process a return. Every time I call, it's like I'm teaching a new lesson to a new person. ????",RETURN,weak_label,,
15,18729,@AmazonHelp  https://t.co/LzRfyE5m3q,,unlabelled,,
16,12544,@AmazonHelp Can you please update over this quickly,,unlabelled,,
17,1739900,@AmazonHelp Thank you that link was very helpful. Im actually trying to connect my echo to a bt router which is listed as a problem atm.,DEVICE,weak_label,,
18,5328,@AmazonHelp Trying to place an order this happened before and deleting and rentering my address fixed it but now it's across multiple prime accounts to the same address,,unlabelled,,
19,101809,@AmazonHelp Ordered on Tuesday evening for guaranteed Thursday delivery. Now delayed until 4 Dec at latest apparently.,DELIVERY_DELAY,weak_label,,
20,536601,"@AmazonHelp Can I make an Amazon smile purchase on the Amazon app? If so, how? Thanks.",WEBSITE_OR_APP,weak_label,,
21,18177,@115850 @AmazonHelp Does you app have a feedback option “product not delivered” ?,,unlabelled,,
22,238785,@AmazonHelp Such a same for you!! You event can't track order!! America m kaise serve kr lete ho bhai,DELIVERY_TRACKING,weak_label,,
23,128815,"@AmazonHelp No, I am not having any problem with waiting but I am having problems with your service. Amazon's service could be so bad that it wasn't thought. Amazon was the most different for its delivery but now it has been to give just the assurance. Thks 4 answering going to cancel order",ORDER_CANCELLATION,weak_label,,
24,3728,@AmazonHelp All of them,,unlabelled,,
25,18944,"@AmazonHelp I know that... But nobody is gonna do anything wrong with my order id.
So provide a proper resolution.",,unlabelled,,
26,430015,"@AmazonHelp @115850 It says I have to wait for another 24-48 hours. I can't. I'm leaving the city tomorrow. If you can't have it delivered today, please change the delivery address for the same.",DELIVERY_INSTRUCTIONS,weak_label,,
27,13164,"@AmazonHelp After getting a confirmation that it will be delivered post 7 pm, i have got an email at 1:30 in the afternoon that i was not available !",,unlabelled,,
28,180922,"@AmazonHelp All customer care can reply is ""its a seller issue"", ""i will escalate your matter"" but no avail . 6-7 chat n phonecalls made no difference",SELLER,weak_label,,
29,127397,@AmazonHelp No one ready to hear. Each and every time you cannot satsify your customers by saying that we will take action against seller. You have to deliver my order else I will move to consumer forum,SELLER,weak_label,,
30,676141,@AmazonHelp This isn't really acceptable when I pay for express delivery by 1pm why was it not left a the safe place or with a neighbour?,DELIVERY_INSTRUCTIONS,weak_label,,
31,23218,"@AmazonHelp I was told my account is on hold, if I can’t use my gift cards please return my money back to me Okay",RETURN,weak_label,,
32,2130878,"@AmazonHelp my recent order has been put on hold, and my account locked. The email says to log into my account but it's locked. So how might one do what you've asked? https://t.co/kC0EsFY9Y9",ACCOUNT,weak_label,,
33,21482,@AmazonHelp @120261 But Amazon seller service we found pathetic response. After chasing 3-4times in a day from 23rd Oct to till today. Still NO resolution.,SELLER,weak_label,,
34,18383,@AmazonHelp Placed the order on 30th October and I am getting it on 2nd November,,unlabelled,,
35,2176730,"@AmazonHelp I have a new Kindle Oasis, with Audible. I've bought an Audible book, but it won't download to the Kindle. Kindle team says it's Audible's problem, Audible says it's Kindle's. I asked for an email address for complaints. Wrote the complaint, the email bounced back. Really cross.",DEVICE,weak_label,,
36,14853,@AmazonHelp no body inform me. once u return that parcel. please send the tracking id or parcel details. but after 10days i call amazon custamare care,,unlabelled,,
37,91287,"@AmazonHelp Yes, reported every one of the above. Multiple times &amp;requested a reason for 'failed to deliver'. Had 2 products re-ordered twice, but most just get a 'refund' notice- no further action, usually a week or two later after being PROMISED it will be delivered 24-48 hours later...",REFUND,weak_label,,
38,52933,"@AmazonHelp There is no option there, just says my refund has been issued as i requested - i did not request a refund!",REFUND,weak_label,,
39,3732,@AmazonHelp I can’t log in because it’s locked.,,unlabelled,,
40,155117,@AmazonHelp Update: I'm still waiting @AmazonHelp. Where is my parcel? https://t.co/vuVWDm9tN1,DELIVERY_TRACKING,weak_label,,
41,348673,@AmazonHelp where is my product are you looting customers for order no 406-3971997-7415546 not received till now i had paid,DELIVERY_TRACKING,weak_label,,
42,281920,@AmazonHelp @115821 One of the products is now also late. No one cares. This was a $1000 order. I am going to vastly decrease my amazon shopping,DELIVERY_DELAY,weak_label,,
43,16837,@AmazonHelp No updates even after 2 weeks....poor n shame on Amazon...#JeffBezos https://t.co/L7ZGVDnJA9,,unlabelled,,
44,348800,@AmazonHelp Amazon has decided not to deliver my product on time. A week late than expected delivery YOLO,DELIVERY_DELAY,weak_label,,
45,30506,@AmazonHelp don't believe this. After having to cancel last order &amp; reorder for Amazon locker you've done exact same and sent from (cont),ORDER_CANCELLATION,weak_label,,
46,868061,"@AmazonHelp No I have not, can you change the delivery address please?",DELIVERY_INSTRUCTIONS,weak_label,,
47,12494,@AmazonHelp I already emailed y’all.,,unlabelled,,
48,40377,"@AmazonHelp really ticked, order wont ship. 200$ worth of stuff not being shipped. Can you please help me?",ORDER_DISPATCH,weak_label,,
49,15272,@AmazonHelp Please don't help.u have very useless process of helping.if u want plz refund me atleast in time which is also now least expected,REFUND,weak_label,,
50,19441,@AmazonHelp Ok thank for helping.,,unlabelled,,
51,18146,@AmazonHelp Have shared the details in the above linked which was shared by u. Need early resolution from u.,,unlabelled,,
52,1215400,@AmazonHelp I have instructions to deliver to a neighbour and there is no safe place.,DELIVERY_INSTRUCTIONS,weak_label,,
53,16885,"@AmazonHelp I am getting any mails nor any calls from u.
If not able to solve let me know...I ll uninstall Amazon n share my feedback with others too",,unlabelled,,
54,1160651,"20 minutes later, couldn't download #Kindle version on Amazon App or Kindle App on iPhone nor iPad. WTF @AmazonHelp? Not from sample, either https://t.co/FOR1quoOsf",WEBSITE_OR_APP,weak_label,,
55,16419,"@AmazonHelp It says it's at the warehouse now, but I got a notice stating they would attempt another delivery",,unlabelled,,
56,930201,@AmazonHelp I was contacted again today at noon and for the 3rd time I had to reconfirm the new delivery instruction. #amazon please can you #centralize your #customerservice #information ?,DELIVERY_INSTRUCTIONS,weak_label,,
57,73630,"@AmazonHelp Hi there!
Can't do so - neglected to mention I'm a Seller and not a regular customer. Well, I'm both. But this was for the Seller side.
I understand the 2 halves of Amazon are separate like that so a normal customer procedure wouldn't work.",SELLER,weak_label,,
58,64173,@AmazonHelp  i ordered bluetooth speaker worth 1799/-INR and got a prime membership of worth 459/-INR  i cancelled both bluetooth speaker and prime  membership.So they initiated my refund but unfortunately i haven't  received it yet.I also call to help center but prblm remainsame https://t.co/GEAsFcCmnG,REFUND,weak_label,,
59,132487,"@AmazonHelp Today you put a deal on and then no stock, rang up customer service she told me to buy from another seller! Some staff you lot employ!",SELLER,weak_label,,
60,425055,@AmazonHelp Package didn’t arrive yesterday either. Now 3 days late and no update on tracking. Seems lost in transit. Unbelievable,DELIVERY_DELAY,weak_label,,
61,3748,"@AmazonHelp Many times, but still failing, and it happen with some show",,unlabelled,,
62,17644,@AmazonHelp Did you guys do anything?,,unlabelled,,
63,109935,@AmazonHelp y u guys cancelled my order 407-0880525-1284313 without any intimation.,ORDER_CANCELLATION,weak_label,,
64,199227,"@AmazonHelp @115850 Death "".So if i brought product considering Amazon as service delivery agent, what do i do, if your seller is fraud or you both are selling",SELLER,weak_label,,
65,74641,"@AmazonHelp Plz check now i have updated again and my refund/ replace date is 2 dec, then is this possible solved the issue before? https://t.co/m6rGVf7JBq",REFUND,weak_label,,
66,124004,"@AmazonHelp The thing is - I don’t have access to the email address my amazon account was linked to, the address was desactivated. So there’s nothing I can do from my end. Thats why I don’t understand why i was debited for a membership for an account suspended by you guys!",ACCOUNT,weak_label,,
67,1479715,@AmazonHelp I’ve not received anything can I not message you the order number to see what’s going on?,PACKAGE_NOT_RECEIVED,weak_label,,
68,395987,@AmazonHelp I placed a very important book order for collage weeks ago. Where is my book?? Can't wait for November - you kidding me? https://t.co/JgA4GHLllH,DELIVERY_TRACKING,weak_label,,
69,65722,@AmazonHelp Well I didn’t authorise it either so where exactly did it come from? I am in the process of returning it now.,RETURN,weak_label,,
70,8526,@AmazonHelp Well it says arriving today but honestly I know that’s fake as looked last four days and it’s still the same then https://t.co/3T23E69GE0,,unlabelled,,
71,17652,@AmazonHelp Collect product at my home address will pay him courier charges. Hope u help your valuable customers.?,,unlabelled,,
72,264761,@AmazonHelp Tracking ID 211176371119 . Status- Delivery Attempted!! supposed to get the item yesterday!! Very Disappointed!! No Agent info!!,DELIVERY_TRACKING,weak_label,,
73,1053501,@AmazonHelp time I place an order on an international Amazon website.,WEBSITE_OR_APP,weak_label,,
74,46537,@AmazonHelp I thought returning it to an actual amazon store meant that it would eliminate the problem of items getting lost in the mail,RETURN,weak_label,,
75,352131,@AmazonHelp I ordered on Amazon app. What is copy link. I dont get it,WEBSITE_OR_APP,weak_label,,
76,225016,@AmazonHelp To cancel the order .. is the way customers are treated,ORDER_CANCELLATION,weak_label,,
77,351862,@AmazonHelp That link is taking me to Amazon app what to do please call 9768155978,WEBSITE_OR_APP,weak_label,,
78,93507,@AmazonHelp Indeed I tried my two regular delivery addresses. I can set the future delivery for either address when setting up a new order but cannot edit anything after the fact (such as ordering a subscribed item immediately),DELIVERY_INSTRUCTIONS,weak_label,,
79,288626,"@115850 @AmazonHelp I'm a prime member and placed order for prime fulfilled product on 21st Nov. Forget quick delivery, it is not yet dispatched. ORDER # 404-1465394-9701149. https://t.co/BjArOZaiiC",ORDER_DISPATCH,weak_label,,
80,16829,@AmazonHelp My guaranteed delivery date was Monday.,,unlabelled,,
81,1702,@AmazonHelp They sent me the email I sent you guys that said I wasn't gonna be charged. He must have been able to look up my account a different way.,,unlabelled,,
82,19207,@AmazonHelp details shared,,unlabelled,,
83,823585,@AmazonHelp Amazon app just changed expected delivery moments ago. I'm more concerned with the guaranteed delivery of the 12th though. Got my hopes up.,WEBSITE_OR_APP,weak_label,,
84,176365,"@AmazonHelp It's a lot more than I can fit here, but here is a truncated version:
11/11-Ordered clothes to be delivered to me in Las Vegas, 11/15-Late delivered but told they would arrive next day, 11/16-ordered some underwear/socks on primenow (they were late) and main order never arrived",DELIVERY_DELAY,weak_label,,
85,67483,@AmazonHelp I have £173.94 of pending transactions currently waiting to be paid to amazon. I have only ordered about £127 of stuff and I was told the transactions would clear and the extra payments would be cancelled when I received the order. I sent two emails regarding this and got 1 back.,ORDER_CANCELLATION,weak_label,,
86,301813,"@AmazonHelp yo, my package says delivered but it has not been. it was shipped with something else, which I DID receive.",ORDER_DISPATCH,weak_label,,
87,2735658,@AmazonHelp any reason my brand new #firestick won't connect to an LG tv in perfect condition? @118302 @115821 @5459 #help,DEVICE,weak_label,,
88,17251,@AmazonHelp This is my account only. How you can say this is duplicate account.,,unlabelled,,
89,156767,"@AmazonHelp @AmazonHelp I ordered call of duty on ps4 yesterday, but my little brother came on and cancelled my order and is no longer in stock!! Any help please",ORDER_CANCELLATION,weak_label,,
90,1666208,"@AmazonHelp 
Order not received
Order# 402-8236444-9314749
Status:Delivered yesterday
Courier: Delhivery, Tracking #: 5180792515113",PACKAGE_NOT_RECEIVED,weak_label,,
91,1409080,Never received an @115821 package — can someone from @AmazonHelp help me locate it?,PACKAGE_NOT_RECEIVED,weak_label,,
92,13188,"@AmazonHelp Thanks, did you receive my other tweet regarding a VAT receipt?",,unlabelled,,
93,180424,@AmazonHelp There are too many items price show wrong on amazon website,WEBSITE_OR_APP,weak_label,,
94,19451,@AmazonHelp Aap logo ki complain national consumer forum me bhi Jr di hai. Complain no is - 483856,,unlabelled,,
95,158624,@AmazonHelp help pleaseeee amazon website wont recognize my phone number I just made an account yesterday,WEBSITE_OR_APP,weak_label,,
96,145715,@115821 @115850 ordered black shoes n received grey shoes n both the shoes pattern is also different @AmazonHelp #A2Z Alpha seller..... https://t.co/b0FUbC0dbd,SELLER,weak_label,,
97,55063,@AmazonHelp Please tell your Indian division to stop showing Pantry products under Prime results because Pantry does not have free shipping.,ORDER_DISPATCH,weak_label,,
98,18378,@AmazonHelp わわ、ご丁寧に返信頂き、ありがとうございます(_ _*)もしかしたらそうなのかも知れません💦引き落とし確認前に購入してしまった物があるので、取り敢えず月会費に変更してみました。次月利用予定なければキャンセルする予定です。,,unlabelled,,
99,19191,@AmazonHelp is my parcel lost in transit I’ve never experienced a delay with delivery from you!! https://t.co/DJ4tGuR94P,DELIVERY_DELAY,weak_label,,
100,16437,@AmazonHelp I am not filling up any more forms now. My details and complaint are in your system already and my name is sameer taimni.,,unlabelled,,
101,89193,"@AmazonHelp I just got off the line with you guys, in summary: @116324 lied about delivery, lied about coming to my door, hung up on your own customer service (poor girl). So I refunded it.",REFUND,weak_label,,
102,19464,"@AmazonHelp Scam, just scam, sellers don't send out my products~ 6 orders. so bad~",,unlabelled,,
103,46548,@AmazonHelp I got a msg saying that my order has been cancelled for no specific reason and the payment has already been done https://t.co/8pCGmquCer,ORDER_CANCELLATION,weak_label,,
104,1261157,"@AmazonHelp Two items shipped separate, due today, delivery firm never received. Order: 204-9937770-9905926 maybe someone could call me.",PACKAGE_NOT_RECEIVED,weak_label,,
105,65688,.@AmazonHelp I’m kinda done - I spent 1.5 hours in talks with four (!) different hotliners which ended up not being able to help until I bought more (!) to have my cart be above $25 so I could return three other broken CDs. Will return &amp; scout local stores instead. @115851,RETURN,weak_label,,
106,105250,"@AmazonHelp Hi, my item has been marked as returned/not-delivered by Hermes , can you tell me why please? Cheers C",RETURN,weak_label,,
107,669,@AmazonHelp I just said it's been sorted! I've been refunded! I'm just not impressed with the service any more.,REFUND,weak_label,,
108,63878,"@AmazonHelp I fear you have missed the point... I would be more patient if I knew how long I have to be patient for, or if I have to add items to my @Tesco order.

I would prefer to cancel the entire £100 order as you can not get it to me by the date you agreed to, but I was locked in 24/11",ORDER_CANCELLATION,weak_label,,
109,758950,@AmazonHelp unlock my account please! I can't purchase my order virtual Yandex money MasterCard. I sent fax and email with billing address,PAYMENT,weak_label,,
110,133803,@AmazonHelp What do I do about a parcel that according to your tracking was delivered yesterday but actually nothing turned up??!!,DELIVERY_TRACKING,weak_label,,
111,294270,@AmazonHelp Ur SM team is in touch on mail with us. Refer order no 408-9078885-0557167. track its history.U delivered it to someone else &amp; took my money,DELIVERY_TRACKING,weak_label,,
112,9802,"@AmazonHelp Haven’t received any mail, can you please resend mail to __email__",,unlabelled,,
113,498513,@AmazonHelp Hey my last order says confirmed on the Amazon app but I've still not received any email nor has my card been debited,WEBSITE_OR_APP,weak_label,,
114,77532,"@AmazonHelp it just says ""Saturday, November 25: Package has left seller facility and is in transit to carrier.""",SELLER,weak_label,,
115,136879,@AmazonHelp Yes. I moved it to my cart but now it's telling me it's not available from the seller. Is this a glitch or does it mean it's sold out?,SELLER,weak_label,,
116,2727072,"@AmazonHelp You just linked to a page that requires me to sign in. And it's clear from the lengthy notes I sent you, I can't log in... fml.",ACCOUNT,weak_label,,
117,2584,@AmazonHelp Well ok but @116324 said it’s been dlvd so I can’t see how they will bother to deliver it now! I think they have washed their hands of it,,unlabelled,,
118,137116,"@AmazonHelp I haven't received any email, there was a revised delivery date the first time it was delayed but not this time.",DELIVERY_DELAY,weak_label,,
119,109929,@AmazonHelp Team may i know the reason. Y u guys were cancelled my order,ORDER_CANCELLATION,weak_label,,
120,533223,"@AmazonHelp I contacted amazon at 5:30pm (after the office was close) I was assure instructions were given to the driver to deliver today from 10 to 12, he apparently still tried to deliver a 7:05pm, instructions WERE never given to deliver TODAY https://t.co/fqgzEOB6Sj",DELIVERY_INSTRUCTIONS,weak_label,,
121,11577,@AmazonHelp beleza 😢,,unlabelled,,
122,16892,@AmazonHelp Every time just an useless reply....,,unlabelled,,
123,1734563,@AmazonHelp Is there a way to put a custom delivery instructions? there isn't a suitable instruction for my location . thanks!,DELIVERY_INSTRUCTIONS,weak_label,,
124,2872468,I can't sign in nor find my account!! @AmazonHelp,ACCOUNT,weak_label,,
125,16763,@AmazonHelp Was promised supervisor would call today after a series of bad deliveries where groceries were thrown over fence or not delivered at all.,,unlabelled,,
126,5792,"@AmazonHelp Okay, thanks so much!",,unlabelled,,
127,1085157,@AmazonHelp The Amazon app has stopped working on my tv since yesterday. Any idea why??,WEBSITE_OR_APP,weak_label,,
128,114361,"@AmazonHelp hi I returned an item via amazon locker, I put the item in on Sunday and the return status is still “return requested” and hasn’t acknowledged that I’ve put it in the locker. Is this normal?",RETURN,weak_label,,
129,14012,"@AmazonHelp Don't be silly.  Read the Tweet!  I NEED 2 KNOW HOW U INSTRUCT CUSTOMERS.

What is the plan?  We've tenants who think they've the rite 2 store empty AF totes in the common area presumably awaiting PickUp 10+ days is 10 days longer that the small front hall common area can handle.",,unlabelled,,
130,74817,"@AmazonHelp Have u gone mad or you're making me mad, you won't deliver order, won't refund the amount and you doesn't act on complaint just ask to fill or tell details every time I contacted you. Not a single time I got a positive response Sir action taken, if asked it's against your policy",REFUND,weak_label,,
131,17654,@AmazonHelp Why should I suffer if product is not up to the mark. We know Amazon only not to other things. I bought because of Amazon name only.,,unlabelled,,
132,133596,@AmazonHelp Yes what it was one item in my cart was holding it up.  Apparently there was an issue with the item and or seller and the place order wouldn’t go through the page just kept reloading. One of Amazons customer service from home folks helped me troubleshoot and track down the issue.,SELLER,weak_label,,
133,1565030,@AmazonHelp Would like some action taken against this as this is outright lies &amp; I have obviously not received my package. Not satisfactory,PACKAGE_NOT_RECEIVED,weak_label,,
134,889429,"@AmazonHelp Account locked, responded to email, account still locked after amazon sent response. Why...?",ACCOUNT,weak_label,,
135,13884,"@AmazonHelp why are you removimg @79087 from your tweets? I have official email from @79087 they dont care , they did not sell this product.",,unlabelled,,
136,14302,@AmazonHelp @119042 Thank you! Solved 2 problems with coustomer service. I LOVE Amazon. Super helpful. 👍👍,,unlabelled,,
137,127393,@AmazonHelp Please deliver the order. Don't reach by saying that we will take against seller. And we promise that this won't happen with you again. As in last cancellation you said the same thing and it happen again.,SELLER,weak_label,,
138,5127,@AmazonHelp And you guys have officially lost me as a customer. Was promised today...was never shipped. Give me my refund please so I may take my business else where. https://t.co/69tW0B5r9H,REFUND,weak_label,,
139,570809,@AmazonHelp do you guys see LiteCoin as a payment method any time soon?,PAYMENT,weak_label,,
140,246372,@AmazonHelp Not yes dispatched yet.. Yesterday it said delivery tomorrow,ORDER_DISPATCH,weak_label,,
141,757709,"Hi @33868 + @AmazonHelp, how do I register my Dutch debit card on AmazonUK as a payment method. Doesn't appear to be a proper card number?",PAYMENT,weak_label,,
142,132401,@AmazonHelp Should I cancel the order?,ORDER_CANCELLATION,weak_label,,
143,64119,@AmazonHelp since when did you start charging return postage??,RETURN,weak_label,,
144,16851,@AmazonHelp Great response by Amazon.... compensation of 500 INR...no legal action against seller &amp; brand #JeffBezos https://t.co/JmwhiGX814,SELLER,weak_label,,
145,1159300,@AmazonHelp Account hacked and no phone call from accounts specialist as promised in 7 days - nothing but the same useless email 5 times.,ACCOUNT,weak_label,,
146,307199,@AmazonHelp Please provide me an update on my package. It still has not arrived and tracking has not been updated since Thursday.,DELIVERY_TRACKING,weak_label,,
147,11981,@AmazonHelp Many times..Always got them saying well deliver it by deadline...I hate your service now,,unlabelled,,
148,257183,"@AmazonHelp I sent someone a gift card via mail / ups and they have not received it, even though it shows delivered.  Can you help?",PACKAGE_NOT_RECEIVED,weak_label,,
149,67442,@AmazonHelp By a seller. Not Amazon.,SELLER,weak_label,,
150,5307,"@AmazonHelp Can do, but that means I will miss out on Black Friday and Cyber Monday shopping.",,unlabelled,,
151,13189,"Hi @AmazonHelp, I’ve purchased something via your app and it’s broken! How can I get it replaced?",,unlabelled,,
152,12517,@AmazonHelp Rather than wasting time here can you please check with your team &amp; confirm whether they have responded. Use basic communication skills Sir,,unlabelled,,
153,1065671,"@AmazonHelp i did not receive an item that shows as delivered, and can't find a way to report the issue via your site. please advise.",PACKAGE_NOT_RECEIVED,weak_label,,
154,631615,"@AmazonHelp I managed to reapply for Prime, and then get it switched to  Student Prime. In the meantime, even though there were the correct funds in the preferred payment method, you proceeded to take it out of the wrong card - £79 on 18/11, £79 on 22/11, &amp; £39 on 23/11 - causing that to /1",PAYMENT,weak_label,,
155,919427,@AmazonHelp Shit service you guys are giving. Cc says order is delivered we can't do anything. Just leave it. Shame on you. M suffering for ur mistake.,DELIVERY_INSTRUCTIONS,weak_label,,
156,2567,@AmazonHelp Bummer! I was hoping to get it quick. Oh well! Thanks for the response.,,unlabelled,,
157,18709,@AmazonHelp why is Videos option missing in the skills for Alexa in India? Not able to connect my fire TV.,,unlabelled,,
158,13902,@AmazonHelp Thanks! I will.,,unlabelled,,
159,18150,@AmazonHelp I gave it another day and still not delivered. 😡,,unlabelled,,
160,1886074,.@AmazonHelp will you ever get a delivery right? Yet again delivery instructions have being ignored. Already contacted the head of logistics,DELIVERY_INSTRUCTIONS,weak_label,,
161,331969,@AmazonHelp (2/2)if customer has paid for the same he has right to know where is the order &amp; who is delivering. Right???,DELIVERY_TRACKING,weak_label,,
162,627,@AmazonHelp @115826 Yeah this is crazy we’re less than a week away and still no Shipping Information on something that we Pre-ordered back in August,,unlabelled,,
163,6958,"@AmazonHelp Will do in morning. By the way, I’ve complained about this same issue 3 times and twice before directly to carrier.",,unlabelled,,
164,205006,@AmazonHelp 30 minutes on the phone and I was told Amazon will not be responsible for any items that is sold by third-party.,SELLER,weak_label,,
165,1672900,"@AmazonHelp It's my Firestick Issue, not a Tablet issue! Did you not read the tweet or watch the video?",DEVICE,weak_label,,
166,651,"@AmazonHelp I don't want a form to fill out that logs a response no one reads. I want to prevent AMZL from touching my stuff. Possible, or no?",,unlabelled,,
167,312118,@AmazonHelp Don't i have any other work to keep reporting to contact for every order i place. Don't u guys yourself track such delays from your end,DELIVERY_TRACKING,weak_label,,
168,1594650,"@AmazonHelp About 10 minutes after I received the original email in your team. I don't know the latest tracking status, I can't log in, my phone crashes.",ACCOUNT,weak_label,,
169,62299,@AmazonHelp It’s now 8:03. I’ve yet to see the packages that were promised by 8. The gps tracking says there is one delivery before mine. I️ LIVE LESS THAN 10 MILES FROM THE WAREHOUSE. Can I️ just pick them up there next time,DELIVERY_TRACKING,weak_label,,
170,96724,"@AmazonHelp  @115821 placed an order, paid for expedited shipping. Wasn't delivered by 9PM as promised. How do I request refund of paid shipping that didn't happen? Thanks.",REFUND,weak_label,,
171,17227,"@AmazonHelp This is very irritating. When I request a call, each time on the call it says, you don't have any order. For more info visit website. Poor!",,unlabelled,,
172,419611,"@AmazonHelp i have not received this order yet
i paid 100rs extra for one day delivery.
#4__credit_card__ order ID https://t.co/hoTfYEyLes",PACKAGE_NOT_RECEIVED,weak_label,,
173,16122,@AmazonHelp Bought a washing machine from Amazon and had a nightmare getting it installed. Neither you guys or the brand was helpful.,,unlabelled,,
174,1148731,"@AmazonHelp Package was opened by neighbour!This time package not delivered,e mail received saying unable to deliver.Called to query,stressed safe place",DELIVERY_INSTRUCTIONS,weak_label,,
175,760418,"@AmazonHelp Very ridiculous service
I still not received my order...
Contacted to Amazon care more than 10 times each morning evening but ..",PACKAGE_NOT_RECEIVED,weak_label,,
176,4857,@AmazonHelp USAs Amazon. Com,,unlabelled,,
177,105006,"@AmazonHelp my order shipped on Monday and was due today, the shipping info has nothing more than passed to carrier since the apparent dispatch. Ru able to look into this more? Thanks",ORDER_DISPATCH,weak_label,,
178,16792,"@AmazonHelp All m getting is apologies but no refund.. everything is online, unable to understand the delay!!",REFUND,weak_label,,
179,419240,@AmazonHelp @115850 ur delivery staff falsely update delivery status as addressee not available if they can not make  delivery on time 1/n,DELIVERY_INSTRUCTIONS,weak_label,,
180,99782,"@AmazonHelp No one knows how to order a return prepaid UPS label, no one knows it is a return of a replacement item, there is a language/accent barrier.",RETURN,weak_label,,
181,1068759,@AmazonHelp Your driver lied and claimed that my building couldn’t be accessed despite being given delivery instructions. On a time sensitive package.,DELIVERY_INSTRUCTIONS,weak_label,,
182,182838,@AmazonHelp Now that has failed a customer service manager has cancelled my order and rebooked it as he recons it has been lost or misplaced,ORDER_CANCELLATION,weak_label,,
183,2598,@AmazonHelp Multiple calls to call amazon call center with zero resolution and never a promised call back.,,unlabelled,,
184,16888,@AmazonHelp As compensation you are giving me 500 InR in account.. shame &amp; unethical...,,unlabelled,,
185,11339,"@AmazonHelp お答え、どうもありがとうございました。
出品者を確認の上、これからも利用させて頂きます。",,unlabelled,,
186,176437,@AmazonHelp I have already emailed seller with no reply,SELLER,weak_label,,
187,59561,@AmazonHelp still no delivery or sign of refund. Absolute joke!,REFUND,weak_label,,
188,12529,"@AmazonHelp Nobody has called till now, why are you sending fake replies",,unlabelled,,
189,954021,@AmazonHelp @346377 @AmazonHelp this link you provided requires us to sign in. My account has been hacked and I cannot sign in. I have tried skip login also,ACCOUNT,weak_label,,
190,18125,@AmazonHelp The package will be returned to us within 5 business days after two unsuccessful delivery attempts. ...4/4 WTF! NO DELIVERY ATTEMPT MADE,RETURN,weak_label,,
191,11612,"@AmazonHelp いえいえ、Amazonさんこそとばっちりの迷惑かけられてお疲れ様ですm(__)m 

詐欺軍団はあの手この手で迷惑極まりないですねヽ(`Д´)ﾉﾌﾟﾝﾌﾟﾝ",,unlabelled,,
192,1693666,@AmazonHelp It's always Amazon Logistics. Never reads the delivery instructions.,DELIVERY_INSTRUCTIONS,weak_label,,
193,427767,@AmazonHelp Just to prove how long my order have been delayed,DELIVERY_DELAY,weak_label,,
194,37636,@AmazonHelp Yr link: 'track package' page: tells me the package was handed to resident: delivery card indicates otherwise. No contact option = unhelpful https://t.co/sfVPWgKmCR,DELIVERY_TRACKING,weak_label,,
195,42514,@AmazonHelp Hi @AmazonHelp I’m still waiting on a package and no reply from the seller. Can you help?,SELLER,weak_label,,
196,75997,"@AmazonHelp when give my refund 
Order date

03-Oct-2017

Order #

404-4257423-7818717",REFUND,weak_label,,
197,2176529,"@AmazonHelp Account hacked, email address changed, can’t verify ‘new’ email address because I don’t know it!",ACCOUNT,weak_label,,
198,11081,"@AmazonHelp At time of order, del date was 10/29. Carrier is AMZL US.",,unlabelled,,
199,3740,"@AmazonHelp na ultima atualização da entrega do meu pedido, consta que não foi possível localizar o meu endereço, poderia ajudar?",,unlabelled,,
200,80543,"@AmazonHelp I have sent you the details. There is no question of refund now, I want my order completed. Get it?",REFUND,weak_label,,
201,1208364,"@AmazonHelp I left specific instructions for my delivery, Item was not received and it says delivered.
 Order# 114-6470303-3753861",PACKAGE_NOT_RECEIVED,weak_label,,
202,17675,@AmazonHelp #Discrimination if you can't deliver at rural locations please don't take an order but do not discriminate customers!,,unlabelled,,
203,1412486,@AmazonHelp Already did that. Received the link for password reset. That was not my concern.,ACCOUNT,weak_label,,
204,28413,@AmazonHelp @115821 Two more days and still nothing. Delivery over a week late now. This has been going on for two months.,DELIVERY_DELAY,weak_label,,
205,2558464,"@AmazonHelp My Echo Dot has developed a hearing problem, it barely recognises anything I say to it :( Who should I get in touch with?",DEVICE,weak_label,,
206,249879,@AmazonHelp What is the benefit when my order got cancelled second time I wrote on twitter regarding my problem but third time it happened again,ORDER_CANCELLATION,weak_label,,
207,1698,@AmazonHelp Thats the thing I told customer service. I created a new email address for the Prime trial and forgot it. What can I do so I'm not charged?,,unlabelled,,
208,13146,@AmazonHelp Can someone please call me. I have responded to multiple emails and surveys now without my question being addressed. This is very annoying.,,unlabelled,,
209,320322,@AmazonHelp Changed my payment method and it worked! Thanks!,PAYMENT,weak_label,,
210,144116,"@AmazonHelp This is ridiculous, thrice in line the call got disconnected. Is dis how u treat ur cx's? What's the whole point in shipping with Amazon of they do not wish to help there cx's? Being a prime member offers little help",ORDER_DISPATCH,weak_label,,
211,89203,"@AmazonHelp  - dear Amazon help - HELP! I'm dealing with Amazon for more than over a week now trying to cancel my order that has been partially paid with a giftcard and partially with a creditcard, but Amazon does not accept the creditcard payment 1/2",ORDER_CANCELLATION,weak_label,,
212,132402,@AmazonHelp So what happens with this order should I cancel it?,ORDER_CANCELLATION,weak_label,,
213,14020,@AmazonHelp We have 2 work 2gether to accommodate UR new service.  I simply need 2 know how exactly U instruct AF customers re disposition of the large green insulated carriers.  Not a difficult question--need the written instrux.,,unlabelled,,
214,5312,"@AmazonHelp Still not working.  They sent me a link to reset the password, try and sign in with new password and still locked out.",,unlabelled,,
215,746000,"@AmazonHelp We finally got a hold of a supervisor that understood. However, my American Express was still charged twice. Done w/ #amazon",PAYMENT,weak_label,,
216,11020,"@AmazonHelp U pay for prime. You expect the befits of the membership. I ordered a package on the 25th, it still isn't here.",,unlabelled,,
217,3737,@AmazonHelp Warum ist es mir (und scheinbar auch ein paar anderen) nicht möglich per Bankeinzug zu bezahlen?,,unlabelled,,
218,16813,@AmazonHelp This says will be reaching please can some one really #help me I promise wont make any further purchase with #Amazon #help #shameful https://t.co/yuU8kSbKOs,,unlabelled,,
219,1427916,Grrr. Getting the #Echo setup is a humongous task. I seem to be failing at it. @115821 @AmazonHelp @115850,DEVICE,weak_label,,
220,180518,@AmazonHelp https://t.co/3C1p8oTKlq Wondering if its because I didn't sign in for a while. I have a non-active seller account (non biz). Is that why? :/,SELLER,weak_label,,
221,232918,@AmazonHelp Previous laptop too which i cancelled but it says you can order maximum one quantity of this laptop,ORDER_CANCELLATION,weak_label,,
222,426301,@AmazonHelp Than simply track the order id and get delivered to the given address.,DELIVERY_TRACKING,weak_label,,
223,198802,"@AmazonHelp You dumb ass, did you see who is the seller in the mentioned order?did u see the price on the other websites? Stop barking if u dont know.",SELLER,weak_label,,
224,1732125,"@AmazonHelp hi, had a text about a missed delivery. I’d set my safe place but they’ve not used it. Can they leave it where I’ve said?",DELIVERY_INSTRUCTIONS,weak_label,,
225,1423031,@AmazonHelp Courier has delivery instructions to deliver to neighbor &amp; that wasn't done either.,DELIVERY_INSTRUCTIONS,weak_label,,
226,18689,@AmazonHelp What do you mean prices are ever changing? Is @115850 a stock exchange? And how can you charge more than MRP? Should I sue you?,,unlabelled,,
227,1694,@AmazonHelp Thanks for quick response. Pic attached. https://t.co/yNhYE638YS,,unlabelled,,
228,11019,@AmazonHelp 2 other orders that were due to arrive today did not show up.,,unlabelled,,
229,2478935,"@AmazonHelp I'm thoroughly frustrated and confused. The type is now telling me Kindle App books issue is due to licenses &amp; rights, and that I can't download books to internal SD card. Why type of nonsense is that?",DEVICE,weak_label,,
230,1394543,@AmazonHelp Not received my order yet?,PACKAGE_NOT_RECEIVED,weak_label,,
231,58143,"So I accidentally ordered a bed frame I already own on @115821 &amp; I immediately cancelled. It never shipped, I still got charged? @AmazonHelp",ORDER_DISPATCH,weak_label,,
232,18909,@AmazonHelp I would like to know what action taken from your side regarding my issue apart from regret emails??,,unlabelled,,
233,1699,@AmazonHelp I called customer service and was told my membership wouldn't be renewed. I was just charged today. How do I get a refund? https://t.co/SeoQUsA0VA,REFUND,weak_label,,
234,19125,@AmazonHelp I already call your linked courier service they all not ready for home pick up and some courier service cha rges is very high,,unlabelled,,
235,18198,@AmazonHelp On 1st Nov your team agreed in mail for cashback of INR1500 and now someone else from your team is saying max INR450. This Is cheating.,,unlabelled,,
236,13864,@AmazonHelp nice game ha. first fool the customer then extend the issue until warranty expires and then you are free. cheating enterprises amazon,,unlabelled,,
237,278717,@AmazonHelp I have ordered few things yesterday and it is still not dispatched. Very urgent. Now amazon is delaying the shipping.,ORDER_DISPATCH,weak_label,,
238,17661,@AmazonHelp Thanks a lot for helping your consumers we always grateful to u. There is no online shopping app where problems not occur but to help,,unlabelled,,
239,350784,@AmazonHelp Dishonest delivery setup. Worst cust care. Order no 404-1061350-8629132 against canceled order at high price &amp; late delivery.,DELIVERY_DELAY,weak_label,,
240,5796,I go to watch #thebay and episode 7 &amp; 8 aren’t there??? 😭 @117090 @AmazonHelp,,unlabelled,,
241,145822,@AmazonHelp still not shipped my order. When will i get any update?,ORDER_DISPATCH,weak_label,,
242,122681,"@AmazonHelp It's still in its plastic, but the disc is loose and there is rattling parts, it has been squashed or broken during transit or packing. I didn't click return on the website because it will cost me more than the original item and postage combined to return the broken DVD.",RETURN,weak_label,,
243,19123,@AmazonHelp I allready replied. I clearly say that please pick up from your hand.,,unlabelled,,
244,309955,@AmazonHelp Nope this didn’t fix it.  I have a zip code entered there.   Same as my amazon billing account and @127550 acct,PAYMENT,weak_label,,
245,15304,"@115850 @115821 @AmazonHelp I waited 15 days,sent 10 email,was assured tht case escalted,todays response WE CANNOT HELP,customer service?",,unlabelled,,
246,48913,"@AmazonHelp @1713 It says expected 21 Nov, contact courier for more info. DHL tracking says 2nd delivery attempt will be made (it'll be 3rd), that the driver usually leaves note but sometimes just sets the status but no driver came, i saw no1 out window :(",DELIVERY_TRACKING,weak_label,,
247,103074,@AmazonHelp I just checked the tracking on that delivery.  What is going on? https://t.co/kdf9jgDHAS,DELIVERY_TRACKING,weak_label,,
248,105016,@AmazonHelp By a third party,SELLER,weak_label,,
249,1525022,"@AmazonHelp Pre ordered call of duty WW2 my Amazon app was showing as dispatched for delivery today, got to 9pm &amp; contacted Customer svs who told me that It not out for delivery today and will go some time tomorrow.. some time???",WEBSITE_OR_APP,weak_label,,
250,13878,@AmazonHelp all emails already shared with earlier tweet. https://t.co/2sVFZ4iG9Q,,unlabelled,,
251,467523,@AmazonHelp Contact no. of delivery personnel is unavailable! There is a sense of lack of liability with your delivery service. I have not received my last 2 orders.,PACKAGE_NOT_RECEIVED,weak_label,,
252,739720,"@AmazonHelp Not sure what the issue is since Wi-Fi works, &amp; watched @116602 on tablet &amp; through app on DVD player. Seems like FireStick issue. /4",DEVICE,weak_label,,
253,2586,@116324 not dlvd after 1 wk. U lied 2 @AmazonHelp saying left in safe place on Fri. Yesterday u said wld be dlvd 24-48hrs. Sort this now!,,unlabelled,,
254,287403,@AmazonHelp tracking page says ‘delivery was received by &lt;my name&gt;’ but it wasn’t cos I’m at work!,DELIVERY_TRACKING,weak_label,,
255,1922858,@AmazonHelp i have been locked out of my account twice for trying to purchase amazon coins. password reset doesn't work either???,ACCOUNT,weak_label,,
256,183287,@AmazonHelp Claim has been issued lets c seller will respond it or not https://t.co/nqBR7CqTRg,SELLER,weak_label,,
257,270,"@AmazonHelp ありがとうございます。
今、電話で主人が対応していただいてます。",,unlabelled,,
258,191728,".@amazonhelp why did you cancel my pre-order of ""art of the larder"" and why did you not bother to send me an email informing me?",ORDER_CANCELLATION,weak_label,,
259,11053,@AmazonHelp it's been 7 days &amp; my @115821 order still hasn't shipped. #fail https://t.co/apV29xdWuM,ORDER_DISPATCH,weak_label,,
260,665617,@AmazonHelp Thanks. I would also like to add a new complaint as I’m trying to change the delivery address of my Xbox One X pre order and your...,DELIVERY_INSTRUCTIONS,weak_label,,
261,17229,"@AmazonHelp I am unable to drop you a mail through this link as there's no email id associated with this account, it's a mobile account. Facing trouble.",,unlabelled,,
262,248668,@AmazonHelp estimated date of shipment was 4th and it has not been shipped yet. Earlier it was showing 4th as shipping date now it doesn’t show any date,ORDER_DISPATCH,weak_label,,
263,18964,@AmazonHelp Then how should I reach you for assistance,,unlabelled,,
264,295374,"WHY HAS MY ALBUM NOT SHIPPED @AmazonHelp 

Pls amazon pls",ORDER_DISPATCH,weak_label,,
265,9773,@AmazonHelp Incredible! I shouldn’t post my details here Coz it’s public. While you can’t access it being in Amazon! Are you kidding me ?,,unlabelled,,
266,475144,@AmazonHelp Ive already sent a notice to get ny password reset 10.minutes ago a need this done now or what ever fucking restriction there is in place removed so i can get back on,ACCOUNT,weak_label,,
267,98680,"@AmazonHelp Yep, https://t.co/ziEVp241yz. My order is fine, but hers was cancelled. :/",ORDER_CANCELLATION,weak_label,,
268,16844,@AmazonHelp Many mails done...need clarification on what I asked...why 500 deposited as compensation..why no action against seller &amp; brand,SELLER,weak_label,,
269,18939,@AmazonHelp Sure.I m waiting since 30 days.,,unlabelled,,
270,180736,@AmazonHelp @10261 Final request; Now nearly 2 months late on order. RAM Prices are up $1.5+ per GB; Is MD16GK2D3186610AB discontinued?,DELIVERY_DELAY,weak_label,,
271,96855,I need to contact a seller I purchased something from but I can't figure out how to do that. @AmazonHelp,SELLER,weak_label,,
272,668508,@AmazonHelp It’s an iPad 2 running iOS 9.3.5 and using the Amazon app Version 9.22. I’ve also attempted using an iPhone 5s running iOS 11.1.2 running the same version of the Amazon app (9.22).,WEBSITE_OR_APP,weak_label,,
273,17200,@AmazonHelp Kindly note i will not received or accept my last order. I have choosen COD but due bad service of Prime i will not accept,PACKAGE_NOT_RECEIVED,weak_label,,
274,686,@AmazonHelp Already contacted 3-4 times in the last month. But all I got was assurance that matter is escalated &amp; new status will be provided in 1 day!,,unlabelled,,
275,156775,"@AmazonHelp I ordered call of duty on ps4 yesterday, but my little brother came on and cancelled my order and is no longer in stock!! Any help please",ORDER_CANCELLATION,weak_label,,
276,83503,"@AmazonHelp 12/1. I was trying to get a status update because it still has not shipped out as of this morning and has not entered “preparing for shipment” stage. This normally means there’s going to be a delay, but I haven’t heard anything. Still says it’s coming tomorrow.",ORDER_DISPATCH,weak_label,,
277,144072,"@AmazonHelp Thanks, I have corrected my payment method &amp; restarted my Fire. Unfortunately still no changes. Do I have to subscribe to Amazon Prime to download the apps? Now my Fire is wo memory card, is that a problem too?",PAYMENT,weak_label,,
278,9804,@AmazonHelp I have filled the details,,unlabelled,,
279,64116,@AmazonHelp Well I won't be buying anything else from Amazon - it's going to cost me £8 to return goods worth £16. Disgusting!!!!,RETURN,weak_label,,
280,274744,@AmazonHelp order#113-4367791-7462639 was supposed to be delivered 11/24 after tracking the order I see USPS will be delivering it and now I cannot see when it will arrive. If I am paying for prime I expect the 2 day service!,DELIVERY_TRACKING,weak_label,,
281,16815,@AmazonHelp Guyzzz i have not received any mail have some common sense if i would i have received it why the f*** i would hav not replied #CommonSense,,unlabelled,,
282,142101,@AmazonHelp 400% longer is slightly longer? BF is busy? Who knew? Why didn't you plan ahead then? This is Europe-wide too. Not a single item can be ordered for next day delivery. It seems very artificial delay given everything is in stock had have not had delays on orders last night.,DELIVERY_DELAY,weak_label,,
283,314404,@AmazonHelp my order 171-2460518-1290763 is delayed for more than 05 days. What is the use of having Prime Membership ? Even our local post office delivers fast.,DELIVERY_DELAY,weak_label,,
284,17209,@AmazonHelp After prime membership gaurantied delivery option has vanished now,,unlabelled,,
285,16831,@AmazonHelp USPS still doesn't have it. Said it departed your facility Sunday. Then said it again yesterday.,,unlabelled,,
286,2544,@AmazonHelp Wasn't tracked as sent via Royal Mail. I've emailed the seller.,SELLER,weak_label,,
287,210503,"@AmazonHelp Dear @37185 @AmazonHelp  Our seller account still suspended,none responded us yet,Whats going on exactly?respond us asap",SELLER,weak_label,,
288,384410,@AmazonHelp If I give you my tracking code can you tell me how long away my package is? Thank you 📦,DELIVERY_TRACKING,weak_label,,
289,16422,@AmazonHelp Intelcom Express. I couldn't contact them last night since I got home after their operating hours. Sent them an email this morning,,unlabelled,,
290,9765,"@AmazonHelp Order date
06-Oct-2017
Order #
406-8895581-1413106
Order total
   3,719.00 (1 item) check out yourself",,unlabelled,,
291,1580412,"@AmazonHelp Hey! Can't sign in or reset password. I don't get the code emails, and internet/email are all working. I'm in California.",ACCOUNT,weak_label,,
292,4848,@AmazonHelp will i loose my account?I've tried help from that link and yesterday by phone customer service and no one is able to solve this,,unlabelled,,
293,21469,@AmazonHelp First thing i have not possible for self return. So pls arrange from your hand,RETURN,weak_label,,
294,254575,@AmazonHelp where is my package I’ve waited since 7am and the order states it’s arriving for last 2 days?,DELIVERY_TRACKING,weak_label,,
295,65837,"@AmazonHelp (Cont) a computer of some kind, so going through all the steps of sending the laptop back, waiting for my refund to be available, and then ording a new laptop and waiting for it get here will take too much time. I just want them to send the right computer I ordered. (Cont)",REFUND,weak_label,,
296,40423,@AmazonHelp They have no any resolution rest self return,RETURN,weak_label,,
297,34577,@AmazonHelp How does one get a refund on a never delivered package when you require us to send it back for the refund?,REFUND,weak_label,,
298,11015,"@AmazonHelp Didn’t know I needed to. Is that really a thing?! But still Prime shipping should be 2 days, correct?",,unlabelled,,
299,294852,"@AmazonHelp I've not received the order and paid INR. 18K, I've clarified the doubts with evidence still claim is denied. Is this really a resolution?",PACKAGE_NOT_RECEIVED,weak_label,,
300,391141,@AmazonHelp I provided delivery instructions in case I was out but failed to deliver. Needed package urgently.,DELIVERY_INSTRUCTIONS,weak_label,,
301,218084,@AmazonHelp incredibly disappointed that my amazon prime pantry order is over a week late with no explanation,DELIVERY_DELAY,weak_label,,
302,224212,@AmazonHelp you don't have reverse pickup on metro City like Kolkata? Brought from #amazon seller Cloudtail and now I am facing this issue.,SELLER,weak_label,,
303,1516280,@AmazonHelp Cannot be recovered due to not finalizing my billing info/profile more than 3 years ago.,PAYMENT,weak_label,,
304,65869,@AmazonHelp @115850 @115821 I contacted your customer service center and even selected return option. But service boy refused to take back product this is fruad .I want to share such fruad info with people to aware of your such fruad work,RETURN,weak_label,,
305,192322,@AmazonHelp I am not able to cancel my order..plz help,ORDER_CANCELLATION,weak_label,,
306,13458,@AmazonHelp Schnippig ist sie auch noch? Wird ja immer interessanter 😅,,unlabelled,,
307,1457976,@AmazonHelp I confirmed with my front office that they had not received the package https://t.co/cxT1twxqwN,PACKAGE_NOT_RECEIVED,weak_label,,
308,595619,@AmazonHelp Yup. Email said today. Amazon App says today. USPS says tomorrow.,WEBSITE_OR_APP,weak_label,,
309,134923,"@AmazonHelp And whoever I speak to virtually shrugs their shoulders. I am truly astonished that nobody can track a parcel, to a depot, to a driver/van.......and then get in touch and find out what is going on. You tell me within mins when it's delivered! So.....",DELIVERY_TRACKING,weak_label,,
310,206008,"@AmazonHelp They closed my account for failure of verification of payment method, but somehow still managed to charge me for Amazon Prime",PAYMENT,weak_label,,
311,49144,Can you help me? My account unlock because my billing address. I sented every day my bank statement but noone answer and fix it! @AmazonHelp,PAYMENT,weak_label,,
312,1260147,"What's the point in having an  delivery safe place  if you keep disturbing my neighbours to get them to take it I
in? 🤔 @AmazonHelp",DELIVERY_INSTRUCTIONS,weak_label,,
313,1556306,"@AmazonHelp Hi, is it possible to edit the delivery instructions once ordered (leaving with a neighbour etc?)",DELIVERY_INSTRUCTIONS,weak_label,,
314,779994,"Amazon is no more reliable. Status shows delivered but did not receive the product. 2nd thought b4 placing new order.
@115850 @AmazonHelp",PACKAGE_NOT_RECEIVED,weak_label,,
315,2535,@AmazonHelp ご丁寧にありがとうございます！トライしてみて改善されなければCSへご連絡します。返信いただけると思っていなかったので本当に嬉しいです！,,unlabelled,,
316,64208,"@AmazonHelp This is ridiculous, I’ve literally just shown what the tracking is showing and your asking again, can you not look through the thread of tweets? Something needs to be done ASAP otherwise I’ll just cancel my order",ORDER_CANCELLATION,weak_label,,
317,287911,"@AmazonHelp tracking Number Q13032416523
ORDER NUMBER : 402-4412145-1437128",DELIVERY_TRACKING,weak_label,,
318,128712,"@AmazonHelp Yes, apparently because I deleted that item from my shopping cart and found a similar one from a different seller and my GC worked.",SELLER,weak_label,,
319,1550255,@AmazonHelp Even charged TWICE in August! https://t.co/SRR42CpSwv,PAYMENT,weak_label,,
320,18195,"@AmazonHelp @115850 @120040 I have mailed 3-4 times after that but i am still getting the same standard email, exact same mail",,unlabelled,,
321,21053,@AmazonHelp I did recieve an email indicating the package is being returned to the fulfillment centre. What type of nonsense is this?,RETURN,weak_label,,
322,286845,@AmazonHelp Your Amazon.in order #6954724 has been delivered. Wondering where is the order has been delivered to. Check where is it?,DELIVERY_TRACKING,weak_label,,
323,17242,@AmazonHelp I have shared the details I need immediate solution for this I have to give order today,,unlabelled,,
324,643874,"@AmazonHelp @AmazonHelp ,your customer cafe and email response is very unhelpful, see tge image,i have that issue and all i am getting is password reset https://t.co/2iAajDeOzc",ACCOUNT,weak_label,,
325,278890,@AmazonHelp We pre ordered and it still Hasn't been dispatched,ORDER_DISPATCH,weak_label,,
326,1279032,"@AmazonHelp P.S The order summary shows an invoice address, but no delivery address so I assumed a digital delivery of the code rather than physical?",DELIVERY_INSTRUCTIONS,weak_label,,
327,149261,"@AmazonHelp That form requires me to sign in, which I can’t with my account locked :(",ACCOUNT,weak_label,,
328,1713,@AmazonHelp if I add another adult to my Amazon household (with their own account) can they see my wishlists/photos/order history?,,unlabelled,,
329,18390,@AmazonHelp Not interested in feedback and stuff..I want to know what is advantages of prime if still delivery is same or normal like other,,unlabelled,,
330,13924,@AmazonHelp It doesn't say.  It shows it hasn't shipped yet.,ORDER_DISPATCH,weak_label,,
331,345128,@AmazonHelp They completely changed my account email address so I can't sign in at all. I can prove that the account is mine from an invoice,ACCOUNT,weak_label,,
332,253970,@AmazonHelp Still I have not received my order,PACKAGE_NOT_RECEIVED,weak_label,,
333,843374,@AmazonHelp I have received “Amazon Logistics attempted to deliver your package but couldn't leave it unattended. They will make another delivery attempt the next day” I missed it due to being in University halls and the reception closed as the time of delivery!,DELIVERY_INSTRUCTIONS,weak_label,,
334,77372,"@AmazonHelp Amazon themselves, cancelled the order and ordered a (more expensive) similar item cause it wasn't to be in stock till first week of January after ordering Wednesday last week and it saying it was to be delivered today. Having so many problems with Amazon recently.",ORDER_CANCELLATION,weak_label,,
335,26918,"@AmazonHelp Pre ordered a book and treated myself to another book, neither have even dispatched! The order is still at will dispatch on 22nd Oct.",ORDER_DISPATCH,weak_label,,
336,69666,"@AmazonHelp Oh, look at that. They now have my item up for sale for almost double the price. Making it very obvious they did not wish to seller for the price I got it for. Looked into it and found a forum topic. Do you confront sellers for pulling stunts like these?",SELLER,weak_label,,
337,321981,@AmazonHelp haven't received any information regarding the order till yet as it is not been dispatched yet.,ORDER_DISPATCH,weak_label,,
338,249865,@AmazonHelp OK if so how my order is cancelled thrice,ORDER_CANCELLATION,weak_label,,
339,1299481,@115850 @AmazonHelp  payment issue so call me urgently  9426890231 / 9687675505,PAYMENT,weak_label,,
340,21465,@120612 @AmazonHelp Right some time they people make fool. Before perchasing they people not mention anywhere for self return so why we do it otherwise we...,RETURN,weak_label,,
341,1507930,@AmazonHelp is there a way of giving an alternative delivery option or “safe place” for an item that’s already been ordered?,DELIVERY_INSTRUCTIONS,weak_label,,
342,74804,@AmazonHelp i had sol my nokia luma on 22nd september nd its been more than 60 days i havent neither recieved back my product nor the money is been reimbursed..despite contacting u many times no solution is been provided..the order status says product is been returned but hasnt.,RETURN,weak_label,,
343,2858134,"@AmazonHelp hello, my account is locked for security purposes and I've been sent an email but keep receiving the same automated response! Can't access help as I can't log in...",ACCOUNT,weak_label,,
344,27875,@AmazonHelp I am requesting to return this product since last 15 days but no response at all. WORST return policy I have ever seen.....,RETURN,weak_label,,
345,17190,@AmazonHelp See after getting amount it happens that eveyone become unable in assisting.,,unlabelled,,
346,2561,Erm @AmazonHelp I bought this item for £5.99... why am I only getting £1.67 back?! https://t.co/lb33bFOcW0,,unlabelled,,
347,16859,@AmazonHelp Stop asking non sense. it's been mid of the day providing hell of details but no response yet. Not even Surya Flames responded #JeffBezos,,unlabelled,,
348,365600,@AmazonHelp i am not able to track it. it says no order placed. what is this offer then? https://t.co/EY6XDYPaeX,DELIVERY_TRACKING,weak_label,,
349,25272,@AmazonHelp YES paid an extra $10 for delivery today. Assuming that will be refunded.,REFUND,weak_label,,
350,71837,@AmazonHelp Done. I am awaiting for my refund.......,REFUND,weak_label,,
351,469456,@AmazonHelp It's a debit card... There's no billing statement. https://t.co/nF5IWFqgYh,PAYMENT,weak_label,,
352,1250236,@AmazonHelp it doesn't say anywhere that I need to provide proof of enrolment. hand covering billing address https://t.co/0rVCexyzza,PAYMENT,weak_label,,
353,2565,@AmazonHelp Where is my order? https://t.co/pXnKSCo2ex,DELIVERY_TRACKING,weak_label,,
354,1387284,@AmazonHelp still I didn't receive my order,PACKAGE_NOT_RECEIVED,weak_label,,
355,156662,@AmazonHelp Can. I cancel my order? I'll just buy it in store,ORDER_CANCELLATION,weak_label,,
356,665147,@AmazonHelp I can't log in without my password.,ACCOUNT,weak_label,,
357,4956,@AmazonHelp I have no option but to see if my delivery arrives on the scheduled date. But I will contact customer services if it doesn't arrive on time.,,unlabelled,,
358,19187,@AmazonHelp sell them.  ;),,unlabelled,,
359,63983,@AmazonHelp GUYS ITS NOT ABOUT REFUND. ITS ABOUT MY MONEY WHICH I LOADED. I have the mail acknowledgement from the form which i filled. I can forward the mail. Don't want to explain in form again.  #AmazonFails #AmazonPayQuiz #AmazonPay #AmazonFraud @115851,REFUND,weak_label,,
360,17676,"@AmazonHelp Being #harrassed by the delivery guys for days, reached out to customer service multiple times but hardly any resolution !",,unlabelled,,
361,320325,@AmazonHelp Why don’t your prime drivers not read delivery instructions?,DELIVERY_INSTRUCTIONS,weak_label,,
362,1176273,@AmazonHelp Each device registered on app so why not automatically playing Unlimited? Only played sample of 'Ebony &amp; Ivory'. Amazon app show only 1 Dot,WEBSITE_OR_APP,weak_label,,
363,78825,@AmazonHelp Button popped up today for a refund. I requested it. Thanks for the quick replies,REFUND,weak_label,,
364,15676,"@AmazonHelp Oh, I cancelled it after your phone CSR explained to me that I didn't understand what ""guaranteed"" means.  #besteffort",,unlabelled,,
365,18978,@AmazonHelp I have already tried that option so hopeing you could provide better option,,unlabelled,,
366,249868,@AmazonHelp No every time they say my order got cancelled due to product got damaged in transit .RU joking with me same order is being damaged everytime,ORDER_CANCELLATION,weak_label,,
367,426338,"@216404 @AmazonHelp @115821 @115850 Still awaiting... Not received any revert. I am sharing IMEI number of delivered Wrong Intex phone, however Cc is not listening.",PACKAGE_NOT_RECEIVED,weak_label,,
368,16101,Thanks @AmazonHelp for solving my issue . But after 8 day it's really long time you took to solve . But #thanks,,unlabelled,,
369,2556,"@AmazonHelp I made a same day ship mid Monday and it said it would deliver that day. It didn’t. Today it still says out for delivery, still no show.",,unlabelled,,
370,2967727,@AmazonHelp The U2 Experience will only play about 30 seconds at a time on my echo. Is this a known problem or is it just me? 😢,DEVICE,weak_label,,
371,225003,@AmazonHelp another ecomm site is providing that product at less then half price you providing. that effects only your customer not that seller.,SELLER,weak_label,,
372,51608,@AmazonHelp I'm not sure where it is. I'm still waiting for it so i can return it because I don't need it anymore,RETURN,weak_label,,
373,99798,@AmazonHelp I already reach there which you link send me i mention there every thing but i know your team is very busy they very well know how to farud with seller its sound very good . Amazon have own policy sellers are nothing right @115851,SELLER,weak_label,,
374,1179722,@AmazonHelp i still have not received my package after waiting the rare 36 hours. Id like instructions on how to follow up on this.,PACKAGE_NOT_RECEIVED,weak_label,,
375,16444,"@AmazonHelp Another was due today, and up until 8pm said it would be. Now it says maybe later this week. How can it not even know which day?",,unlabelled,,
376,73445,"@AmazonHelp Brilliant, one of the items doesn’t work and another has a defect, only the third time in the past week I’ll have to return items 😊",RETURN,weak_label,,
377,5317,"@AmazonHelp Danke für die schnelle Antwort... ja, ich werde mal nachfragen, was da schiefgelaufen sein soll. Ihnen auch einen schönen Abend noch.",,unlabelled,,
378,24986,@AmazonHelp order 406-5346056-8286767 I want a refund for the product. https://t.co/CKTsoBPMgb,REFUND,weak_label,,
379,162141,"@AmazonHelp I have been on my order for two hours and not yet shipped  
The amount has not been withdrawn credit card why?",ORDER_DISPATCH,weak_label,,
380,17677,"@AmazonHelp LMK if you need more elaboration, i am free all day, i love ordering on #Amazon and then spend weeks trying to get delivery issues resolved🤣",,unlabelled,,
381,243226,@AmazonHelp This is what it says when I track the package. Does this mean it's at the post office? I need ASAP before we leave for a trip. https://t.co/fiBCQTvIos,DELIVERY_TRACKING,weak_label,,
382,311333,"@AmazonHelp @115850 order a book, when i tried to track it shows delivered to tamanna i don't know who she is not in my contact https://t.co/TnXk44SyAM",DELIVERY_TRACKING,weak_label,,
383,2424612,@AmazonHelp I released my skill for beta testing for few people. My skill works fine in developer portal testing module but in the echo device its not working. In aws cloud watch there is no log while testing with echo device. Please help me.,DEVICE,weak_label,,
384,4859,@AmazonHelp Im not receiving 2step code by text or call in my smartphone can't log in into my account already got help by phone with no luck,ACCOUNT,weak_label,,
385,19198,@AmazonHelp filled once already...,,unlabelled,,
386,2733984,"@AmazonHelp In addition to shouting at her at increasing volume levels, I did also try turning the echo off and playing the audiobook manually. The issue isn't starting the book, it's trying to resume when she stops reading after each chapter.",DEVICE,weak_label,,
387,519697,"@AmazonHelp 113-1241576-8137009   &lt;&lt;&lt; that's the order number I need completed. It's account specific, but I don't care because the only payment method on my account is a gift card without any money on it because I used the money to buy this which was cancelled by you.",PAYMENT,weak_label,,
388,1384329,@AmazonHelp is there anything wrong with payment on the amazon app today . Seeing this for sometime https://t.co/nglSVSmInz,WEBSITE_OR_APP,weak_label,,
389,40396,@AmazonHelp I have no option for self return. So please arrange from your hand,RETURN,weak_label,,
390,1575609,@AmazonHelp I’m an Amazon Prime member but I paid $13.98 for one day service and did NOT receive pkg. Now order says will be here 5 Days after I ordered!!!! Credit my acct $13.98 please!!  Ord # 113-3809001-9731469,PACKAGE_NOT_RECEIVED,weak_label,,
391,199984,@AmazonHelp How would that help with the iPhone app not working. I work in the industry (InfoSec) so you may wish to consider your answers ;-),WEBSITE_OR_APP,weak_label,,
392,121093,"@AmazonHelp Last update from the support team was to wait, have patience, or cancel my order. And that it takes longer than expected but don't know what exactly. I just know the initial reason why it wasn't sent faster but not why it still has such a delay",ORDER_CANCELLATION,weak_label,,
393,314515,@AmazonHelp I sent an inquiry through the amazon app. Hope to hear back soon!,WEBSITE_OR_APP,weak_label,,
394,73640,@AmazonHelp i sold my product on ur site..the product was taken nd from dat tym neither the product is returned nor my money..take some serious actioc as soon as possible,RETURN,weak_label,,
395,71894,"@AmazonHelp I already responded, but your team trying to faking the issue and not accepting their mistake. I'm showing u my problem with vedio then what remains else. Then i request to you to revert with ur team and make my refund  soon.",REFUND,weak_label,,
396,1706,"@AmazonHelp I have tried. It’s not allowing me to access my account to cancel my membership, I haven’t even used prime in almost 3 months.",,unlabelled,,
397,250665,@AmazonHelp where is ur delivery guy.. waiting for pick up from past 15 days?,DELIVERY_TRACKING,weak_label,,
398,435116,@AmazonHelp I'm trying to download apps on a fireTV and it says I have an invalid billing address even tho I changed it to the right one.,PAYMENT,weak_label,,
399,179698,"@AmazonHelp this is not the first time when its delayed ..  now pls share by when l""ll get my order ..",DELIVERY_DELAY,weak_label,,
400,17265,@AmazonHelp I have a samsung and roku tvs. On both models I have trouble watching. The roku the most. The samsung is better but I've experienced buffer,,unlabelled,,
401,1408360,@AmazonHelp The message on the Amazon app was unclear how I was supposed to buy an Audible book from the app. Basically says can’t buy here.,WEBSITE_OR_APP,weak_label,,
402,31381,@AmazonHelp Thanks but this doesn't really help me as only let's me contact the seller which I've already done.,SELLER,weak_label,,
403,179991,"@AmazonHelp tracking my package it says it arrived, has been scanned but now it says it is out of stock? how can that be the case?",DELIVERY_TRACKING,weak_label,,
404,2636940,"@AmazonHelp hey I've contacted customer service three times in the last week and been promised I'd be helped by your advance team every time, yet I just keep getting my password reset and have never been contacted. What's up with that.",ACCOUNT,weak_label,,
405,27826,@AmazonHelp I’ve found a parcel at my door that’s not mine.Googled address and it’s not recognised. How do I return it ?,RETURN,weak_label,,
406,163650,"@AmazonHelp got home at half 6 Thinking my order was still to be delivered. Check online just to find it had been left by the front door! Checked all out side even checked with the neighbours, can't find it anywhere. Why would your delivery drivers leave it by the front door!?",DELIVERY_INSTRUCTIONS,weak_label,,
407,5793,@AmazonHelp I’m trying off my fire stick,,unlabelled,,
408,2573745,@AmazonHelp That link takes me to a sign in page. I cannot sign in because my account was compromised. What do I need to do to talk to someone that can actually help me?,ACCOUNT,weak_label,,
409,11570,@AmazonHelp Es una devolucion,,unlabelled,,
410,18908,@AmazonHelp In the last four days U people are not able to arrange the pick up??? Is there any time limit for this to solve the issue???,,unlabelled,,
411,4850,"@AmazonHelp already tried help by mail and still problem persist, please close my account and don't want to be a customer anymore https://t.co/m2g5tP26fX",,unlabelled,,
412,206754,@AmazonHelp Amazon has chosen to lock me out of my seller account. I have asked the teams 3 times over the last 2 months but get nowhere.,SELLER,weak_label,,
413,10321,"@AmazonHelp I have a package that is showing as delivered last Friday, however it has not been and there is no note. Thanks",,unlabelled,,
414,11021,@AmazonHelp The carrier doesn't sell free 2 day shipping as part of a membership. Amazon does.,,unlabelled,,
415,296765,@AmazonHelp so I ordered something 2 weeks ago paid 56 bucks for prime shipping and I still haven't gotten it???? I want my money back,ORDER_DISPATCH,weak_label,,
416,17234,Going to take this in the consumer court...total fraud from amazon @AmazonHelp i will sue you guys for this ... https://t.co/R8hCqnIS4i,,unlabelled,,
417,11022,@AmazonHelp You're customer service reps were no help in resolving the issue. They just blamed the carrier.,,unlabelled,,
418,234578,@AmazonHelp discount applied is not as advrtised. I have compltd SD card order to check &amp; cancelled the second order. check the SD card scrn shoot,ORDER_CANCELLATION,weak_label,,
419,38808,@AmazonHelp I’m requested a courier pick up a package to return it yesterday and nobody’s turned up to pick it up yet,RETURN,weak_label,,
420,249128,@AmazonHelp What I don’t understand is why it won’t be ship till the expected delivery date range? That pkg will not be shipped till the 9th or 10th.,ORDER_DISPATCH,weak_label,,
421,364654,"@AmazonHelp wrost services after 4 days no COD facilities provided , now going to quite Amazon, uninstalled Amazon app.
Good byee https://t.co/Euw7XEp1N4",WEBSITE_OR_APP,weak_label,,
422,28909,@AmazonHelp Dont make people foolds.unblcok my aocunt or refund my all money in my bank account,REFUND,weak_label,,
423,140082,@AmazonHelp Yeah I'm just going to cancel my order and never use Amazon again. Sick of dealing with my orders never coming on time and your site lied about the ship date to get me to purchase it. Thanks for letting me waste money on prime.,ORDER_CANCELLATION,weak_label,,
424,2408671,"@AmazonHelp Hello, I have recently bought the echo and the fire tv stick. Both of them are not working. The Echo keeps saying not registered, and the Fire tv stick does not get set up after looking for updates.",DEVICE,weak_label,,
425,754117,"@AmazonHelp Yes, does the discount just not get added until delivery address and payment type selected? I.e in basket?",DELIVERY_INSTRUCTIONS,weak_label,,
426,249884,@AmazonHelp Fourth time u have cancelled my order .Amazon is a big fake company u don't think I will let u go this time u have to face consequences,ORDER_CANCELLATION,weak_label,,
427,91300,@AmazonHelp There's really no good way to report that an item was missing. It asks if I want to return an item but there is no item to return.,RETURN,weak_label,,
428,2588,@AmazonHelp I have made many calls to Amazon CS. No resolution. Now what? Member since ‘98. Need corporate involved.,,unlabelled,,
429,1710,@AmazonHelp where can I chat with a support member for a false charge,,unlabelled,,
430,1731,@AmazonHelp It’s literally in the description of the item... “Players who pre-order Star Wars Battlefront...”,,unlabelled,,
431,191534,@AmazonHelp the seller said they sent me a replacement for a broken product but it does not show anything on the site,SELLER,weak_label,,
432,69634,"Had to cancel an Amazon Prime order, as it was undelivered even after 8 days, on Prime next day delivery. And its STILL showing on the site as available next day on prime. @115821 @AmazonHelp @115830",ORDER_CANCELLATION,weak_label,,
433,3723,@AmazonHelp Have completed form and emailed you.,,unlabelled,,
434,1435700,"What's wrong with u @AmazonHelp ,one side u showing order placed n other u messaged payment failed, while my amt deducted. Deplorable https://t.co/3h9EUYYiH2",PAYMENT,weak_label,,
435,2902483,@AmazonHelp I just spoke with customer service last week (and have a 5 or 6 times before regarding this) and all they do is try and do a password reset. I'm still waiting for the account specialist to contact me to disable the 2-step. It's been 3 months when it should have been 1-2 days.,ACCOUNT,weak_label,,
436,426293,@AmazonHelp It's a question of when. There is no update on where it is. Status is being updated as delivery delayed on customer request.,DELIVERY_DELAY,weak_label,,
437,249888,@AmazonHelp And ur saying same thing when order got cancelled for first time now its fourth time .no body does anything from ur side only fake promises,ORDER_CANCELLATION,weak_label,,
438,13130,@AmazonHelp I had replied almost as soon as you posted about the email and sent it. I want to know what action has been taken on my complaint.,,unlabelled,,
439,17655,@AmazonHelp I need a solution why u r not helping consumers on self return things. M not bought product to self return. Why Amazon allows such seller,,unlabelled,,
440,427772,@AmazonHelp Your tracking says delivery today but the tracker hasn't been updated from last night. Can you help me please. AR100009146,DELIVERY_TRACKING,weak_label,,
441,52939,"@AmazonHelp So i will just accept the refund i did not ask for and buy the book in another place, thank you.",REFUND,weak_label,,
442,135053,"@AmazonHelp Bank has the correct info, &amp; I did put the correct billing address as mentioned with the bank, the fact that Particular Card is working with other online Portals is kind of weeee bit strange, I'd remove and try to add the card again...",PAYMENT,weak_label,,
443,804016,@AmazonHelp Im trying to establish if I had an account hacked after a dodgy email but cant log into the account with that email address.,ACCOUNT,weak_label,,
444,152157,@AmazonHelp your the seller!! why display it for sale then!,SELLER,weak_label,,
445,440513,@AmazonHelp is there a place I can put special delivery instructions? None of the delivery instructions match my criteria.,DELIVERY_INSTRUCTIONS,weak_label,,
446,134823,@AmazonHelp Cancel my order and try again. Which does the same thing. So I'm debating if I should cancel it and just pick it up tomorrow from Target which at this point seems easier.,ORDER_CANCELLATION,weak_label,,
447,1426697,"@AmazonHelp Yes, I'm aware of that, and that was the case with the first generation echo, but it's not working properly with echo plus",DEVICE,weak_label,,
448,1227046,@AmazonHelp Thanks for your reply. The order has been shipped out and yes it said I was charged twice.,PAYMENT,weak_label,,
449,58084,"@AmazonHelp ""not yet shipped, we'll email you when available""",ORDER_DISPATCH,weak_label,,
450,11579,@AmazonHelp Please do it fast,,unlabelled,,
451,147264,"@AmazonHelp Same item, same screen just changed delivery address. Swapping between the 2 addresses ones always Tuesday ones always Monday",DELIVERY_INSTRUCTIONS,weak_label,,
452,182644,"@AmazonHelp again #bad #experience Product ordered, cancelled. Now not able to order tht product due to qty restrictions #badservice #amazon",ORDER_CANCELLATION,weak_label,,
453,1078437,"@AmazonHelp On Underground it said something like ""click here to download the new Amazon App Store"" so it's a new version I guess. I was able to get to the sign in page not tapping ""sign in"" does nothing, it just stays on the sign in page.",WEBSITE_OR_APP,weak_label,,
454,351805,"@AmazonHelp BTW, where is the attempt delivery card?! 😂, no where because no driver came... lol",DELIVERY_TRACKING,weak_label,,
455,63120,@AmazonHelp My feedback is simple: items should be packed so as to not move during shipping,ORDER_DISPATCH,weak_label,,
456,9957,"@AmazonHelp I was on the phone for an hour; kids fire tablet not working , warranty is a lie and your agents are rude.",DEVICE,weak_label,,
457,36535,"@AmazonHelp I am not receiving any help from @123964 nor u. 
My money is LOOTED by u. 

REFUND MY MONEY",REFUND,weak_label,,
458,11085,@115821 @AmazonHelp I'm so frustrated w/how things keep changing. Making it hard on POOR people!!! Free isn't free anymore.,,unlabelled,,
459,17648,"@AmazonHelp @7108 Found error on website, one click on $4.85 makes it $285 on card select screen https://t.co/zrzUwV6Cl1",,unlabelled,,
460,3724,@AmazonHelp There was only one costing a lot more than £20 and  FBA -stating eligibility !,,unlabelled,,
461,11617,@AmazonHelp Lol that's not my real name. But basically yeah they won't just leave it at my front door. Tomorrow's the final attempt.,,unlabelled,,
462,5117,"@AmazonHelp I would like it replaced not refunded. But the sale is over, and doesn’t look like you have it in stock at the site. What are my other options?",REFUND,weak_label,,
463,18952,@AmazonHelp Done this. What about resolution ??,,unlabelled,,
464,215220,@AmazonHelp The seller is luxerynara.,SELLER,weak_label,,
465,180000,@AmazonHelp So my wait is complete!! No delivery update no sms!! Too irresponsible shopping site in india !!     Ur system do'nt know where is package,DELIVERY_TRACKING,weak_label,,
466,317899,@AmazonHelp I brought something on amazon on the 6th September and I have been charged twice since and been sent the same product twice,PAYMENT,weak_label,,
467,277107,@AmazonHelp No. Customer service just said prime only applies to after its shipped.And I’ve never not had something fulfilled by amazon shipped next day,ORDER_DISPATCH,weak_label,,
468,35149,@AmazonHelp Yes many times since yesterday however am getting very little help and the return pick is getting rescheduled every time,RETURN,weak_label,,
469,379694,@AmazonHelp but I'm leaving today at 6pm. &amp; the package is already in my town. Where is the problem???,DELIVERY_TRACKING,weak_label,,
470,18721,"@AmazonHelp Seems like it's a random issue, checked just now mike and molly episodes are back",,unlabelled,,
471,10643,@AmazonHelp Does it matter that I purchased from https://t.co/iOigqL9Q9K?,,unlabelled,,
472,224207,@AmazonHelp If I just cancel the order and then reorder it again will I get it tomorrow? It's been in transit to the carrier.,ORDER_CANCELLATION,weak_label,,
473,272166,"Thanks, @AmazonHelp, for having your delivery guys leave my package in plain view like this. https://t.co/RFGheJ7vKU",DELIVERY_INSTRUCTIONS,weak_label,,
474,229079,@AmazonHelp What is that I suppose to do in it..It is the package tracking status,DELIVERY_TRACKING,weak_label,,
475,64062,@AmazonHelp They told me to wait 5 business days to investigate and another 5 days for the refund..what a joke..wasted so much of my time and energy...atleast i should get some compensation,REFUND,weak_label,,
476,421745,@AmazonHelp I did not received my ordr which was supposed to be delivered yesterday and updated the delivery status to false as delivery attempted,PACKAGE_NOT_RECEIVED,weak_label,,
477,16778,"@AmazonHelp Response in mail is just asking to wait n m doing that since last 1 month..it's more than 15 days on Twitter n u doing the same
No solution",,unlabelled,,
478,16784,"@AmazonHelp That's what m doing n u making me believe more that refund policy by Amazon in India is really poor..!
Ur seller is even not taking calls nw",,unlabelled,,
479,15668,"#SuperValueDayQuiz

Where is the result of super value day quiz conducted on Oct 1 and 2 ? @AmazonHelp",,unlabelled,,
480,192320,@AmazonHelp I hve done all these steps but still i am not able to cancel my order,ORDER_CANCELLATION,weak_label,,
481,11597,@AmazonHelp  don't promise a 1 day shipping with a GUARANTEED 8pm delivery when you can't keep it,,unlabelled,,
482,684814,"@AmazonHelp I had one “delivered” yesterday and no one knows where it was delivered to. Spoke with Amazon logistics and was basically told I need to leave delivery instructions for the carriers. No, they need to learn to read.",DELIVERY_INSTRUCTIONS,weak_label,,
483,74811,@AmazonHelp hi! I made an order on Black Friday with a cancelled card and the price has gone back up 🙈 Can I pay with a working card?,ORDER_CANCELLATION,weak_label,,
484,205705,@AmazonHelp It says the seller is https://t.co/KGFOl43nmh,SELLER,weak_label,,
485,1744,@AmazonHelp It’s not allowing me to update it to register my new amazon account. I read I’d have to do so manually. Thx 4 response.,,unlabelled,,
486,470874,"@AmazonHelp You  have all my details.  You can check my account from anywhere. Why can't you accept that your are making terrible mistakes. Just to skip from public embarrassment, you want to discussed over Amazon app, which I already done. After making more than 10 complaints 1/2",WEBSITE_OR_APP,weak_label,,
487,65630,@AmazonHelp @131027  @115851  @3974 CEO .why my pickup request is cancel .please tell whats the timeline for return for my money,RETURN,weak_label,,
488,1544552,"@AmazonHelp I have ordered Samsung galaxy tab E for £139.
I did not receive my good and it says it's been delivered. and is not been delivered.",PACKAGE_NOT_RECEIVED,weak_label,,
489,49897,@AmazonHelp no UPS says it's On Time b/c you shipped it VIA UPS GROUND not UPS overnight!!!,ORDER_DISPATCH,weak_label,,
490,474215,"@AmazonHelp @115830 so now want credit card number, expiry date, csc, card holder name and billing address and then password to account - all on twitter - really!!",PAYMENT,weak_label,,
491,633600,"@AmazonHelp @115850 guys! You told me my payment failed and that I need to pay again. I did that, and now you send me dispatch details for 2 items..! 😐

Help!!",PAYMENT,weak_label,,
492,5141,"@AmazonHelp いえいえ！
問題解決しました！！助かりました、ありがとうございます(´；ω；｀)
はい！これからもお世話になります〜🎶",,unlabelled,,
493,19134,@AmazonHelp @120261 Amazon seller support team is not providing pickup service on time to new seller. We are chasing them from 23rd Oct and lost our 4 orders,SELLER,weak_label,,
494,227342,@AmazonHelp no I have not recieved any dispatch confirmation emails,ORDER_DISPATCH,weak_label,,
495,18163,"@AmazonHelp They are not solving my problem from last one month I'm in contact with them @115850 

You have to do something now",,unlabelled,,
496,179173,@AmazonHelp See d awb num 111.Wat ajoke.placed this order on 23 sep.till now I haven't rcved.fake seller.Fake order https://t.co/2s5nnOuoxy is stucked. https://t.co/jIryATmdn2,SELLER,weak_label,,
497,63119,"@AmazonHelp In hindsight, I don't know what it would have been shipped in had I not selected that option",ORDER_DISPATCH,weak_label,,
498,994274,@AmazonHelp Didn't receive the package still. Spoke to customer care also. I do hope that other packages arrive on time. Unlike this one.,PACKAGE_NOT_RECEIVED,weak_label,,
499,356696,"@AmazonHelp package delay, no updates! Oct 5, then 7, no further updates :(",DELIVERY_DELAY,weak_label,,
500,13135,@AmazonHelp 6 different emails about the same order and none actually resolve the issue. You should be quite ashamed.,,unlabelled,,
501,1337997,@AmazonHelp There are several issues. I ordered for a we can last year. Didn't receive. No updates on it. Ordered a skate scooter last year.,PACKAGE_NOT_RECEIVED,weak_label,,
502,18173,@AmazonHelp Package yet to be received. The delivery boy must’ve signed himself or delivered to someone else. Also if possible send me photo of the sign,,unlabelled,,
503,1288430,@AmazonHelp Both my payment method and shipping address were changed somehow after I placed my order last night and the CS lady told me there's nothing you can do about it.,PAYMENT,weak_label,,
504,18168,"@AmazonHelp Ah okay, thank you so much!",,unlabelled,,
505,180913,@115850 received a message saying am not reachable and package delayed. So much for @117795 membership. @AmazonHelp,DELIVERY_DELAY,weak_label,,
506,1693,@AmazonHelp but I can’t find the options to cancel or re-order?,ORDER_CANCELLATION,weak_label,,
507,439321,@AmazonHelp both the orders are billed in my name.at least the guys on the phone tried to address the issue after verifying the mail id and billing info,PAYMENT,weak_label,,
508,16441,@AmazonHelp One of the items was supposed to be delivered yesterday but UPS is apparently yet to receive anything but a shipping label…,,unlabelled,,
509,19431,@AmazonHelp Anyway you are redirecting the above link to your customer support..What is the use of it?? Same reply from them...,,unlabelled,,
510,13575,"@AmazonHelp __email__, notifying me about the missed call and asking me to call 1-877-243-2913 to verify purchase.Is this legit?",,unlabelled,,
511,320580,@AmazonHelp Finally Amazon failed to provide service to customer without my knowledge updated delivery delayed customer requested @115850 @AmazonHelp https://t.co/rBsqUV5lHv,DELIVERY_DELAY,weak_label,,
512,1452446,"@AmazonHelp Delivery for 3rd when I preordered, got an email this morning saying update payment method, updated it and now saying dispatched for 4th",PAYMENT,weak_label,,
513,17233,@AmazonHelp I have replied to the mail also check it and provide some useful reply,,unlabelled,,
514,888202,"@AmazonHelp the person i talked to told me to reply to the email that told me to fax my billing adress,id,social security,phone number,&amp; credit card and i did",PAYMENT,weak_label,,
515,11046,@AmazonHelp at 7 it said it was out for delivery by 8 pm. It now says sorry for your package being late and will arrive by November 3rd,DELIVERY_DELAY,weak_label,,
516,20750,@AmazonHelp haan MC woh toh dekh hi liya hai ek order mai delivery date se bas 5 din hi late aaya order Tm harami ke pille yaha kyun baithe ho jb kch1/2,DELIVERY_DELAY,weak_label,,
517,1563543,"@AmazonHelp We had a missed delivery on Friday, driver must have ignored delivery instructions. Now we have been given a delivery date of Wednesday.",DELIVERY_INSTRUCTIONS,weak_label,,
518,3751,@AmazonHelp Sadly yes,,unlabelled,,
519,123395,"@AmazonHelp It was impossible for it to have arrived on time when it left 23 minutes before the deadline. Am I blacklisted or something? My recent experiences have been terrible, this is the 9th time I've had to engage support due to delivery issues, either late or lost outright in 3 orders.",DELIVERY_DELAY,weak_label,,
520,10636,"@AmazonHelp My apologies, it says now that the delivery date is October 31st. Still hasn't come though.",,unlabelled,,
521,25293,@AmazonHelp where is my order? I paid for 1 day delivery yesterday and no notification to say to pick it up at the pick up point.,DELIVERY_TRACKING,weak_label,,
522,685,@AmazonHelp Details sent. Please check.,,unlabelled,,
523,13916,"@AmazonHelp Worse part, customer support thought it was coming today too, which I reached out at 4:30 pm",,unlabelled,,
524,1396662,"@AmazonHelp Prime has been suspended. Updated payment method, still not working! Help.",PAYMENT,weak_label,,
525,2909197,"@AmazonHelp Hello, an account specialist contacted me via email asking me to verify my payment information by logging into my account and uploading a statement. They want me to log into my account which they have just said they have locked! I can't log in to do anything!",ACCOUNT,weak_label,,
526,282501,@AmazonHelp oneplus 5 payment issue..auto debit issue https://t.co/Ez6eOo1RFL,PAYMENT,weak_label,,
527,980472,"@AmazonHelp It's very strange that I can sign in Amazon App with my CN account. After I signed in Amazon App, Kindle App worked automatically.",WEBSITE_OR_APP,weak_label,,
528,233513,@AmazonHelp Wow that was really unhelpful. I haven’t received my courier yet. But the same parcel that was shipped via another courier already reached 🙄,ORDER_DISPATCH,weak_label,,
529,50762,@AmazonHelp No not yet it’s just usually dispatched very quickly and I’m hoping you haven’t run out of stock as I need them by Saturday 🤞🏽,ORDER_DISPATCH,weak_label,,
530,2562272,"@115830 @AmazonHelp I cannot log in to amazon echo, changed password, nothing works, just get (UnknownOperationException/) can't find out how to fix it/what issue is, so please respond.",ACCOUNT,weak_label,,
531,182923,@AmazonHelp Any updates after 21hours? I want to cancel order. Let me know how to proceed. No cancellation action on the website,ORDER_CANCELLATION,weak_label,,
532,142979,"@AmazonHelp Thanks, we are a seller and we got in touch with someone from the team. Hope they givea resolution soon, we'll update here.",SELLER,weak_label,,
533,19109,@AmazonHelp,,unlabelled,,
534,1181432,@AmazonHelp ive made 2 separate orders tonight but with the same card yet one order keeps asking me to revise my payment method?,PAYMENT,weak_label,,
535,12519,@AmazonHelp Ur customer care is disconnecting my call by saying that we would not be able to give you any further I sight over this issue.Please explain,,unlabelled,,
536,2579,"@AmazonHelp legacy ""shared prime benefits"" account trying to join an amazon household of the prim. account holder to share echo and set up voice profile",,unlabelled,,
537,233521,"@AmazonHelp Nobody has contacted me yet and my order again got cancelled. This is seriously very irritating and nobody is bothered to look into this situation @132994 : Why do you have amazon exclusivity, their support is so bad....it brings your biz down",ORDER_CANCELLATION,weak_label,,
538,182987,@AmazonHelp Already following up. Agent says 4-5 days. How can it will take 4-5 days to track a wrong delivered package. This is absurd.,DELIVERY_TRACKING,weak_label,,
539,2537,"@AmazonHelp ありがとうございます！
テレビにstickを接続しているのですが、WiFi接続がすぐに切れてしまい、数分しか見ることができません。",,unlabelled,,
540,114312,Why does amazon take my money but then cancel my order? @AmazonHelp,ORDER_CANCELLATION,weak_label,,
541,16866,"@AmazonHelp Order id-407-2808023-6902735
Mails already done",,unlabelled,,
542,1983629,@AmazonHelp that's just asking me to log in and i can't log in because someone has changed the email of my account,ACCOUNT,weak_label,,
543,17207,@AmazonHelp When i was not a member everything was under gaurantied delivery and once i paid for membership facility is limited,,unlabelled,,
544,16820,@AmazonHelp Most #pethetic service right look at the time i am waiting since 2 days and guess wat I am a #primemember #badservice #refund https://t.co/KKsr3XCfjz,REFUND,weak_label,,
545,10665,@AmazonHelp Hi is there a way to confirm that I make sure my pre-order of @115766 WWII gets here on time? Last year was day late.,,unlabelled,,
546,9780,@AmazonHelp I've returned several things lately and don't want Amazon to think I'm abusing the return policy.,RETURN,weak_label,,
547,424321,@AmazonHelp Can u put screenshot showing wher exactly is Mobile recharge in Amazon Pay page of Amazon app..can't find..al I c is AmazonPay partners info,WEBSITE_OR_APP,weak_label,,
548,232713,"@AmazonHelp but i recd called ,, he told me my order cancelled pls  check and confirm",ORDER_CANCELLATION,weak_label,,
549,970275,"@AmazonHelp Yes, it installs via the Amazon App store, but if I install it this way then I won't be able to use it in Android Auto.",WEBSITE_OR_APP,weak_label,,
550,69774,"@AmazonHelp have emailed &amp; phoned regarding my recent order being cancelled and still no help, pls can someone look into it?",ORDER_CANCELLATION,weak_label,,
551,111878,"Hi @AmazonHelp how can you get my package “back on track” when it’s already missed it’s next day target, and I’m looking at up to Tuesday? https://t.co/NYiFD4ai4h",DELIVERY_TRACKING,weak_label,,
552,838617,"@AmazonHelp Being charged twice, being told that the first charge is simply an authorization charge when it isn’t so you guys were contacted as well",PAYMENT,weak_label,,
553,313265,@AmazonHelp Please let me know the update. Where is my order,DELIVERY_TRACKING,weak_label,,
554,81755,@AmazonHelp Have shared the details. Please get it delivered by today or feel free to cancel the order.,ORDER_CANCELLATION,weak_label,,
555,15275,@AmazonHelp Seriously!!! Ur customer service already told me cancel d order .. Amazon can't do anything to it..n till now it's showing expected on 25th👏,ORDER_CANCELLATION,weak_label,,
556,233459,"@AmazonHelp Sorry that your order is late, if it doesn't arrive by Saturday (this is a school address so closed on Sat.) then come back to the site.",DELIVERY_DELAY,weak_label,,
557,973994,"@AmazonHelp Can’t do that either since as per amazon website, delivery is not yet done. What’s the resolution?",WEBSITE_OR_APP,weak_label,,
558,54365,"@AmazonHelp @118373 @128305 Yes there is, last Wednesday tried to deliver and we were in, then it got delivered next day when we were not there, but didn't receive parcel, this time said today....... So no good as stayed in all day again for no delivery",PACKAGE_NOT_RECEIVED,weak_label,,
559,1525093,@AmazonHelp this says my package was delivered to my mailbox but I never received it. I received orders in my mailbox before and after this https://t.co/nYqg56b0el,PACKAGE_NOT_RECEIVED,weak_label,,
560,253968,@AmazonHelp Where is my order ?,DELIVERY_TRACKING,weak_label,,
561,86131,"@AmazonHelp The carrier told me it would arrive tomorrow. You are missing the point. I am upset that your reps assured me of delivery when they had no business to. Because of them, I lost the opportunity to cancel this order and order from a more reliable online retailer.",ORDER_CANCELLATION,weak_label,,
562,346746,@AmazonHelp I'm super pissed that I waited all this time to get a firestick and it won't even fit in my tv 🙃🙃🙃🙃,DEVICE,weak_label,,
563,42573,"Trying to cancel an order on @115821 but the website and app page come up blank when I hit ""cancel order"" @AmazonHelp",ORDER_CANCELLATION,weak_label,,
564,250546,@AmazonHelp Already have. Your rep couldn't find a tracking either. No one knows what's up with this package. So what now?,DELIVERY_TRACKING,weak_label,,
565,1721,@AmazonHelp Never got the beta and now I’m being told I won’t get ANY of the other stuff. Including Last Jedi content and or bonus classes. Anything! :(,,unlabelled,,
566,16799,@AmazonHelp How shameful u guyzz are when product is replaced it come on friday and if i purchase a new it comes tom #complain #amazoneisfraud https://t.co/smxpZ6oidm,,unlabelled,,
567,158772,@AmazonHelp I want to cancel an order...... Your app or website will not allow it and just states there's an error. I want to cancel the order before it dispatches! Apparently I can't!,ORDER_CANCELLATION,weak_label,,
568,145806,@AmazonHelp It’s not been dispatched. Order was created at 9. I contacted you 3 and a half hours later to have it cancelled. https://t.co/KpPH6DIghS,ORDER_DISPATCH,weak_label,,
569,5128,"@AmazonHelp AMZL US Tracking ID TBA566517950000 it says delivered to mail room, I checked the mail and the front offce, the driver listed 1 package, in that one package was my XLR cables...I'm missing the controller.",,unlabelled,,
570,283565,@AmazonHelp Where is my package ? It was supposed to be delivered today. ATS: 184120412520,DELIVERY_TRACKING,weak_label,,
571,18404,@AmazonHelp 丁寧にありがとうございます,,unlabelled,,
572,271,"@AmazonHelp 電話で対応してもらいましたが改良されませんでした。
保証期間も過ぎてるので買い直しになるんでしょうね。",,unlabelled,,
573,280151,@AmazonHelp I can't log in my account is locked,ACCOUNT,weak_label,,
574,666,@AmazonHelp Aww your reply made her night!,,unlabelled,,
575,16890,@AmazonHelp @115851 are you listening the way your team responded me..no contact by any of your higher team management to listen the issues,,unlabelled,,
576,1751860,@AmazonHelp where do I go to get help for my firestick remote not working?,DEVICE,weak_label,,
577,853892,@AmazonHelp Can you please confirm that @116316 has received my fax (billing).  I have been locked out of my account for almost a month!,PAYMENT,weak_label,,
578,95382,@AmazonHelp I just found out it was by a seller named Sandra Gray Store. The feedbacks in their page are very similar to mine. https://t.co/10wlEPJS0T,SELLER,weak_label,,
579,522527,"@AmazonHelp I Want To Know Why I Can't Log In To My Account. I Reset My Password Already, But It Still Says It's Incorrect.",ACCOUNT,weak_label,,
580,792742,@AmazonHelp That it was 'delivered to safe place' despite it not being delivered and no card left.,DELIVERY_INSTRUCTIONS,weak_label,,
581,51613,@AmazonHelp .. Team I am not satisfied with customers care services...  No help from ur end..  Regarding refund issues,REFUND,weak_label,,
582,29537,@AmazonHelp Had notification of 3rd item being refunded.  Nothing for remaining 2 items,REFUND,weak_label,,
583,80806,@AmazonHelp If I dm the order number can you look into this? Lately every package shipped with prime shipping has been delayed and it’s upsetting honestly.,DELIVERY_DELAY,weak_label,,
584,599036,"@AmazonHelp Yes, LaserShip marked delivered a package I have not received, and not for the first time.",PACKAGE_NOT_RECEIVED,weak_label,,
585,18413,@AmazonHelp Call me on 9873388201. I have already spent a good part of my day taking to ur useless customer service and chatting. Not going to fill.,,unlabelled,,
586,13183,"@AmazonHelp Yes, butvthey lied. Told me carrier and said they would contact and call me back. The never called. I hsdvto make 2 additional calls",,unlabelled,,
587,350951,"@AmazonHelp Did not cancel it,  never received it, supposedly delivered 3 weeks ago...",PACKAGE_NOT_RECEIVED,weak_label,,
588,1625468,@AmazonHelp I would love to connect but the above link requires me to sign in and you have my account locked,ACCOUNT,weak_label,,
589,83472,@AmazonHelp Here is what I see. I have also received an email saying that it is out of stock and if I want to cancel the order https://t.co/kjyD9OdoPg,ORDER_CANCELLATION,weak_label,,
590,9955,"@AmazonHelp amazon just doesn’t seem to get it together, poor customer service, warranty is a scam",,unlabelled,,
591,1712,"@AmazonHelp So essentially still two separate accounts, just sharing payment info? I don't want my family to see my Christmas shopping list 😂",,unlabelled,,
592,236179,@AmazonHelp The msg is in my messagea in the amazon app..... i dnt see this email in my mailbox,WEBSITE_OR_APP,weak_label,,
593,77439,"@AmazonHelp ""we're working to get your package back on track, please come back tomorrow""",DELIVERY_TRACKING,weak_label,,
594,83344,@AmazonHelp I guess you should ask @115817 for a refund since they are going to miss their deadline for  2nd day air,REFUND,weak_label,,
595,219019,@AmazonHelp Does a Seller account still allow an individual to sell one off items?,SELLER,weak_label,,
596,19435,"@AmazonHelp Arriving Today: Your package with Dell KM117 Wireless Keyboard Mouse is out for delivery.Amt: Rs.1,399. https://t.co/JuXkvDFU1Q",,unlabelled,,
597,108213,@AmazonHelp the item is in stock and also i spoke with someone with live chat and assured me that my order was going to ship last night. Not,ORDER_DISPATCH,weak_label,,
598,901118,"@115821 @AmazonHelp @116016 I can't sign in to @115821. I get an email saying my account is locked, unless I want to pay $900 for one of those fraudulent orders. 5/X",ACCOUNT,weak_label,,
599,74767,@115850 @AmazonHelp I need to contact customer support ASAP regarding bad behaviour of a seller.,SELLER,weak_label,,
600,230063,"@AmazonHelp This order got cancelled, after being promised by the customer care that it will be delivered on the same day.",ORDER_CANCELLATION,weak_label,,
601,283052,"@AmazonHelp Order #406-5192140-6921118 arriving late need to escalate this on urgent basis SOS.
#Highpriority #Prime https://t.co/K4w4fmhZUW",DELIVERY_DELAY,weak_label,,
602,469457,"@AmazonHelp Another order, another issue. Was ordering @951 G5s plus last night from Amazon app but payment is failing again &amp; again. Tried ordering after 12 hrs, still failed. Tried adding back cover and ordering 2 items still failed. @115821 @115850",WEBSITE_OR_APP,weak_label,,
603,9816,@AmazonHelp you it is late but It is fine I just thought it was hilarious,,unlabelled,,
604,257128,"@AmazonHelp I just want to know then the XZ1 Compact I ordered on https://t.co/z3bpo5tn6c will ship. You are Amazon, not an around the corner shop.",ORDER_DISPATCH,weak_label,,
605,18897,@AmazonHelp Yes.. not single call got regarding that since Saturday.. I want to return this products and never want to purchase again with amazon,RETURN,weak_label,,
606,274,@AmazonHelp こちらこそありがとうございました。,,unlabelled,,
607,253328,@AmazonHelp Still have not received my order after your representatives promised they would be here by October 4.,PACKAGE_NOT_RECEIVED,weak_label,,
608,9775,"@AmazonHelp Order date
06-Oct-2017
Order #
406-8895581-1413106
Order total
   3,719.00 (delete it again)",,unlabelled,,
609,14016,"@AmazonHelp I wonder, will UR uber boss #BenHartman get copied on this thread?  Gotta say, I'm not a customer at the moment, only impacted by UR customers. This customer service experience greatly disinclines me 2 even consider #AmazonFresh.  Maybe Mr. Hartman could change my mind.  I dunno.",,unlabelled,,
610,180923,"@AmazonHelp Despite everything from seller to warehouse to address remaining same, @115850 delivered #FIFA18 to new customer rather than pre ordered https://t.co/69o1OQv2D4",SELLER,weak_label,,
611,11049,@AmazonHelp Original promised delivery date was yesterday to this Friday.,,unlabelled,,
612,17923,@AmazonHelp Means your valuable customer have to suffer with this issue?  Then what about shipping charges? Why your customer pay from his pocket?,,unlabelled,,
613,384419,@AmazonHelp If I give u my order code and tracking number can u tell me how long away it is?,DELIVERY_TRACKING,weak_label,,
614,777244,"@AmazonHelp I had my account locked on previous order and provided address and had my account open, this order again same thing.",ACCOUNT,weak_label,,
615,67460,"@AmazonHelp hi there. ordered some items via https://t.co/fHf6tpP90K which are lost in transit. nobody has contacted me, updated me, refunded me. wondering why I am paying for prime if this is the service I get. can you help? email: __email__. thanks.",REFUND,weak_label,,
616,472273,"@AmazonHelp really really angry with your drivers, I paid £6 for delivery of my parcel to be delivered yesterday with clear instructions what to do with the parcel if I wasn’t in. Turns out your driver didn’t turn up at all. I needed the parcel for today! Useless",DELIVERY_INSTRUCTIONS,weak_label,,
617,15139,@AmazonHelp Nothing other than Pre-formatted responses.  Every order I’ve placed in the last 2 weeks has been delayed.,DELIVERY_DELAY,weak_label,,
618,292898,"@AmazonHelp Your courier apparently tried calling at 11 pm. Again ""Courier centric"" if your delivery person assumes he/she can call people so late",DELIVERY_DELAY,weak_label,,
619,1065683,@AmazonHelp I didn't get my order but it's showing delivered on amazon app. What should I do please share the steps.,WEBSITE_OR_APP,weak_label,,
620,1227959,"Hi @AmazonHelp I am being told that I have requested a change to the delivery location, to a local shop following a failed delivery, but I didn't request this, please can advise",DELIVERY_INSTRUCTIONS,weak_label,,
621,218025,@AmazonHelp Its the professional seller account that I didnt ask for in the first place . Ya ya im sure you have it inthe fine print of the subscription,SELLER,weak_label,,
622,1423519,"Hi @115821 @AmazonHelp I’ve been charged twice for a purchase, how can I get this sorted? Thanks 🙏",PAYMENT,weak_label,,
623,643,"Bought an @115821 Echo Show and it won’t recognize a single @AmazonHelp account in our household. WTF, guys?",,unlabelled,,
624,19199,@AmazonHelp problem not resolved yet...high time now,,unlabelled,,
625,523499,@AmazonHelp From the amazon app. I ordered it on wednesday and it is supposed to be delivered today which is friday. But then it stated that I need to wait another days because of some delays. I use prime so that I can get it delivered fasterr,WEBSITE_OR_APP,weak_label,,
626,519703,@AmazonHelp My account was locked for reasons that were not explained. One email said the billing address associated with my gift card was incorrect. It's a gift card. It doesn't have a billing address.,PAYMENT,weak_label,,
627,19108,"@AmazonHelp Not Amazon customer service, that’s what’s down. Way down.",,unlabelled,,
628,38127,brought the wrong cable £6 later go to return it and this 😭😭😭😭  @AmazonHelp  why u do this to me :( https://t.co/8yr7yr2Ua6,RETURN,weak_label,,
629,9134,@AmazonHelp Love you,,unlabelled,,
630,89209,"@AmazonHelp for security reasons does not show addresses on creditcard statement. As a punishment by Amazon for not doing this, they will not unlock my account in order to retrieve the value of my giftcard that de-facto has not been used a the order as will be cancelled. Blown away by this.",ORDER_CANCELLATION,weak_label,,
631,180377,"@AmazonHelp After canceled orders and delayed order, the only thing left was your customer executives raising their voice. Pathetic services",DELIVERY_DELAY,weak_label,,
632,99967,@AmazonHelp ordered some samples from you. package was damaged and returned. i'd like to reorder the samples but the site won't let me since i technically already ordered the samples. help?,RETURN,weak_label,,
633,558442,"@AmazonHelp My order says that it has been out for delivery since 10:30 this morning despite already being 2 days late and I have not received it today, how can it take 12 hours for the package to get to me?",PACKAGE_NOT_RECEIVED,weak_label,,
634,12515,@AmazonHelp 24 hrs tat was given on written mail on 29th Oct to receive a call but no response since last 60 hrs.Hence we say quality of Amazon has gone,,unlabelled,,
635,1600409,@AmazonHelp I never received my COD WW2 that I preordered. Didn’t get a buzz on the door or a phone call. How’s it “delivered”?,PACKAGE_NOT_RECEIVED,weak_label,,
636,105145,"@AmazonHelp We bought two parts in October to fix a vehicle that broke down in another city. We had to fly to the city to replace the parts, which didn't work. Thinking it was a different issue we returned home and had to wait until we could see a mechanic.",RETURN,weak_label,,
637,811618,@AmazonHelp due to a billing address mistake and though I tried to rectify it have received no confirmation and have no way of following up! https://t.co/SVvi9Y4W4U,PAYMENT,weak_label,,
638,47866,"@AmazonHelp Yes, of course. Now need to claim from @126705 but need proof of posting from seller, which is impossible to obtain.",SELLER,weak_label,,
639,19434,@AmazonHelp Daily same msg coming but do not delivered,,unlabelled,,
640,4847,@AmazonHelp will i loose my account? Already tried help by link and by calling customer service,,unlabelled,,
641,397379,@AmazonHelp @115850 @115821 I have clearly Stated in my complaint on 3rd October that I have not received my order when I received SMS that my order is delivered. 2/n,PACKAGE_NOT_RECEIVED,weak_label,,
642,16443,@AmazonHelp What’s the point in me paying for prime shipping when things are just going to show up days after their estimates? No confidence.,,unlabelled,,
643,792091,"@AmazonHelp i didn't the receive the order yet, now changed the delivery address , i don't know, how many month will take PRIME members , but useless",DELIVERY_INSTRUCTIONS,weak_label,,
644,210279,"@AmazonHelp Not too impressed. Have order to my work, was too late yday. Ok, fair enough. But knowing this, it wasn't even out for..",DELIVERY_DELAY,weak_label,,
645,262169,@AmazonHelp Mr's Amazon App does not appear here. https://t.co/Ze4O2nMdX9,WEBSITE_OR_APP,weak_label,,
646,13927,@AmazonHelp Nothing official,,unlabelled,,
647,18928,@AmazonHelp Is there any update apart from making fool to the customer.,,unlabelled,,
648,965175,"@AmazonHelp No i order products with #subscription, even i left delivery instructions, you left 80pound package to leasing office instead of front door",DELIVERY_INSTRUCTIONS,weak_label,,
649,67504,@AmazonHelp I did report the latest delivery and it seems like it happens a lot as there is a feature for this to complain in place. I also did for the previous delivery and because the box was open then I returned the item.,RETURN,weak_label,,
650,331569,@AmazonHelp I can't sign in because my account has been locked... That's what I'm trying to solve,ACCOUNT,weak_label,,
651,648478,@AmazonHelp Someone has changed my delivery from my home address to a pick up location. I don't understand why you allow that to happen,DELIVERY_INSTRUCTIONS,weak_label,,
652,437883,@AmazonHelp a Prime order was delayed. the chat ppl were rude while offering *apologies*. why can I no longer email customer service?,DELIVERY_DELAY,weak_label,,
653,18698,@AmazonHelp Have sent the prouduct back .. and after a month ur complaining that the product sent is wrong .. @AmazonHelp,,unlabelled,,
654,16782,"@AmazonHelp How much more time is needed?
I think everything is online..
Is ur seller not responding? Or approval is needed from any ministry?",SELLER,weak_label,,
655,1271549,"So @AmazonHelp, which numpty @115830 teaches their delivery drivers to leave parcels out in the rain? Delivery instructions ignored + cardboard box + rain -protection = goods not in perfect condition! Loosing customers is not the best way to start the Christmas period 😡",DELIVERY_INSTRUCTIONS,weak_label,,
656,65893,@AmazonHelp Your agent says it is third party delivery.. he can't reschedule it as it is already paid... He kept calling....  Order 406-9195017-4997117,SELLER,weak_label,,
657,5293,@AmazonHelp Solicitud (foto del estado de cuenta),,unlabelled,,
658,963223,@AmazonHelp Both.  There is no option on my old kindle to transfer the file from laptop to kindle.  Also problem with usb and kindle - can’t update,DEVICE,weak_label,,
659,19447,"@AmazonHelp Name of account -avaneesh Kumar chaubey 
Contact number -8269451504
Order number - 405-3324870-8447534
Product - titan watch",,unlabelled,,
660,654323,"@AmazonHelp If it's only certain skills, it's incorrect to say that echo will not work in Luxembourg. The skills which are licence bound can be restricted based on user location.",DEVICE,weak_label,,
661,973643,@AmazonHelp cannot select my debit card as payment method,PAYMENT,weak_label,,
662,434414,@AmazonHelp Same story again for another order. I have not received my order and the status updated as delivered. Great going @115850,PACKAGE_NOT_RECEIVED,weak_label,,
663,160359,"@AmazonHelp 1) UPS has never successfully delivered a package to me. But this was an AMZL delivery.

2) No, I cancelled the order. I just have to learn not to order from Amazon.",ORDER_CANCELLATION,weak_label,,
664,11060,@AmazonHelp still have not received my package I paid extra for guaranteed next day. Won't do that again,PACKAGE_NOT_RECEIVED,weak_label,,
665,219166,"@AmazonHelp, AMZL is awful. No tracking updates in 24 hours, but my package is still showing delivery ""Today by 8pm"" (it's 20:30 right now).",DELIVERY_TRACKING,weak_label,,
666,401630,@AmazonHelp It's making me sign in to contact you... and this is a problem since I can't sign in or get the reset code.,ACCOUNT,weak_label,,
667,18143,@AmazonHelp If nothing happens then I will put on FB also,,unlabelled,,
668,13866,"@AmazonHelp so after wasting more than 1.5 month, now you are telling me the product is out of warranty. i had gone to iball 1.5 months back .",,unlabelled,,
669,325837,"@AmazonHelp It says expected today but says delayed. Delivery was ""attempted"" earlier. There's no reason it failed as there's someone there 24/7",DELIVERY_DELAY,weak_label,,
670,158761,@AmazonHelp I don't think sharing information is necessary..I have cancelled the order.,ORDER_CANCELLATION,weak_label,,
671,86012,@AmazonHelp I've already done all of this. Just give me a refund. You guys shld also be compensating me for this unwanted stress and disgust. #Cheaters,REFUND,weak_label,,
672,14849,@AmazonHelp ありがとうございました,,unlabelled,,
673,1526880,"@AmazonHelp I would except for the whole ""someone changed my email so I  can't access my account "" thing. If I can't sign in I can't fix it?",ACCOUNT,weak_label,,
674,13907,@AmazonHelp Update ??? What your internal investigation repors tell you ??,,unlabelled,,
675,2559,"@AmazonHelp hello, I’m having an issue with a same day ship order.  Can you help me?",,unlabelled,,
676,1692613,"Hey @AmazonHelp I can't log in, yet KNOW FOR A FACT I am using the correct email &amp; password, even reset it to be sure. Help please...",ACCOUNT,weak_label,,
677,18697,@AmazonHelp U kindly refund the amount back .. I have sent back the product and I demand a refund for the same .never had such dissaponments wit amazon,REFUND,weak_label,,
678,309214,@189841 @115821 Not for me @AmazonHelp ! 4 days after ordering items in stock and the order hasn't even shipped.,ORDER_DISPATCH,weak_label,,
679,1288168,"@AmazonHelp I got an email talking about updating my payment method, so after that was fixed the date changed",PAYMENT,weak_label,,
680,73636,"@AmazonHelp My delivery was scheduled for yesterday (booked it a week ago), and until now I did not receive the parcel",PACKAGE_NOT_RECEIVED,weak_label,,
681,5145,@AmazonHelp 今までコンビニで支払いが出きるという支払い方法でAmazonさんにお世話になっていたんですけど、選択画面にその支払い方法が表示されなくて、色々いじってみたんですけどどうにも……！,,unlabelled,,
682,14283,@AmazonHelp Thank you - done.,,unlabelled,,
683,183573,"@AmazonHelp 

1.AS PER YOUR INSTRUCTIONS I HAVE FORWARDED THE MAIL TO THE THIRD PARTY SUPPLIER.",SELLER,weak_label,,
684,155107,@AmazonHelp I guess it was a third party seller which I didn’t realize at the time of purchase. I was okay with it because no one had yet posted about not receiving anything from them.. it is through HomeHere.. the GARYOB 30pc eyeshadow pallet,SELLER,weak_label,,
685,11014,@AmazonHelp I ordered almost a full week before release. Receiving it almost a full week after. That’s not Prime.,,unlabelled,,
686,1731611,@115830 @AmazonHelp Can't get into my account. Password reset email code not being received inbox or spam. Help please.,ACCOUNT,weak_label,,
687,384165,@AmazonHelp No use of prime membership order is late,DELIVERY_DELAY,weak_label,,
688,12536,@AmazonHelp @118505 You people cheaters mentally harass innocent customers you be pulled to cyber crime cell trying to get bank details blocking cod,,unlabelled,,
689,814876,@AmazonHelp The GPS database in the Amazon app that the drivers use is INCORRECT.  I need someone to call me so I can help them update it for my address,WEBSITE_OR_APP,weak_label,,
690,17889,@AmazonHelp Yes. Once from the original date,,unlabelled,,
691,309194,"@AmazonHelp It's Amazon Logistics that is the issue. I'm a prime member for 2-day shipping, not 3-6 days.",ORDER_DISPATCH,weak_label,,
692,27886,@AmazonHelp Really? Right ok how long for a refund,REFUND,weak_label,,
693,834399,"@115850 @AmazonHelp @115821 Order:408-4742078-0005944 I HAVE NOT RECEIVED MY PRODUCT &amp; BUT STATUS IS ""DELIVERED"" I'M DISHEARTENED WITH 1/2",PACKAGE_NOT_RECEIVED,weak_label,,
694,105193,@AmazonHelp Yes by 6 days...I’ve cancelled the order and amazon prime too! Waste of money,ORDER_CANCELLATION,weak_label,,
695,11593,@AmazonHelp Done that. Was told I would definitely have it by 9pm yesterday &amp; it's still not been delivered!!!!,,unlabelled,,
696,18933,@AmazonHelp When will be the earliest?? 1 more month?,,unlabelled,,
697,78745,@AmazonHelp They said the item was out of stock as of yesterday. However I have a shipping notification from you from November 20 that my order shipped,ORDER_DISPATCH,weak_label,,
698,224624,@AmazonHelp Delivery was supposed to be today by 9PT. CARRIER tracking just says it's left the seller and in transit to CARRIER as of 527 this morning,SELLER,weak_label,,
699,11974,@AmazonHelp My Halloween costume is a day late. Can you help?,,unlabelled,,
700,1731617,@AmazonHelp Help form completed 2 days ago &amp; still no contact or resolution.. Password reset codes still not being received .. not great service..,ACCOUNT,weak_label,,
701,13142,"@AmazonHelp Submitted, for the third time for the same issue.",,unlabelled,,
702,17260,"@AmazonHelp apologies only dnt work. why last tim i was gvn assurance tht i wont repeat and now it happened again, whts your excuse now?",,unlabelled,,
703,11623,@AmazonHelp Will do thank you for the help,,unlabelled,,
704,8529,@AmazonHelp Thank you but unsure how that’s going to help as just says “put for delivery and arriving today when I know it proberly won’t :/,,unlabelled,,
705,865640,"Got a @amazonhelp email saying my package has been delivered to safe place, but Im sat at home, noones rung doorbell &amp; my parcel is nowhere?",DELIVERY_INSTRUCTIONS,weak_label,,
706,746764,"@AmazonHelp Hi. Yes, update was that attempted to deliver but couldn't leave it unattended. We have been in the office all day &amp; the bell hasn't rung",DELIVERY_INSTRUCTIONS,weak_label,,
707,36496,@AmazonHelp Kindergarten Unlimited website will not return any ebooks. Tried returning all 10 but keeps sayjng I have 10 out. Have closed out of browser on pc and reinstalled android app. Nothing helps on either platform. Help! :(,RETURN,weak_label,,
708,15706,@AmazonHelp ok. Thanks.,,unlabelled,,
709,445487,@AmazonHelp I wish to get in touch with the DA to give specific delivery instructions since the address is my workplace.,DELIVERY_INSTRUCTIONS,weak_label,,
710,13138,@AmazonHelp the last email i got was the transcript of the last chat that i requested.. you want me to reply to that??,,unlabelled,,
711,34552,@AmazonHelp Order is dispatched yet Prime not activated.,ORDER_DISPATCH,weak_label,,
712,17921,@AmazonHelp Know Amazon and buy products that Amazon will help his consumers in any conditions,,unlabelled,,
713,2551,"@AmazonHelp I'm learning German, so I don't really mind between German/English. If I have to choose, I say German.",,unlabelled,,
714,1728,@AmazonHelp But your website is offering pre order content.... so it’s just a lie?,,unlabelled,,
715,16418,@AmazonHelp And there was no indication that they had re-attempted delivery,,unlabelled,,
716,457719,"@AmazonHelp Yea, I left specific delivery instructions WITH A GATE access code and they said they could not deliver because they didn't have a gate access code.",DELIVERY_INSTRUCTIONS,weak_label,,
717,31358,"@AmazonHelp I ordered something 3 months ago and haven’t received it, I’ve emailed the seller/you 4 times and haven’t heard a thing back??",SELLER,weak_label,,
718,422452,@AmazonHelp Tried calling customer care and nobody picking up. Tried 5 times. Wrote 2 emails from Amazon app order section. No reply. Pathetic,WEBSITE_OR_APP,weak_label,,
719,89281,"@AmazonHelp A de account, search under my name and you will find them - again, all I want is to cancel the order, get my giftcard amount back asap.",ORDER_CANCELLATION,weak_label,,
720,18152,"@AmazonHelp Yes, I've sent an email through your link.",,unlabelled,,
721,260369,@AmazonHelp I already talked w/ someone &amp; cancelled order &amp; bought locally. It's just annoying that this keeps happening.,ORDER_CANCELLATION,weak_label,,
722,231341,@AmazonHelp is there any way I can find out when a delayed 'prime' order will actually be delivered? It's getting a bit ridiculous now!,DELIVERY_DELAY,weak_label,,
723,93647,"@AmazonHelp And another one guys. I ordered a same day delivery yesterday, and it was meant to come yesterday. It arrived just now, a day late. Can I please get a refund on my Prime subscription?",REFUND,weak_label,,
724,141108,"@AmazonHelp @115821 @1402 @8105 @1840
@AmazonHelp It looks Like #you_know_nothing_johnsnow. Go with past few tweets atleast then reply. And also check the date of the email its 22/11 what the seller was granting me if order was cancelles? #fraudAmazon",SELLER,weak_label,,
725,18199,@AmazonHelp @120040 #AmazonIndia  Expecting your customers to take screenshots of every offer is way too much. I trusted Amazon but the way they treat their customers now a days is ridiculous. Now i don't want any cashback and  credits of Kindle account but treat your customers properly.,,unlabelled,,
726,483826,"@AmazonHelp Thanks SC. That link didn't provied any help. I've checked the two orders that were missed and it says cleary on them to leave with the security guard, who are there 24/7. 

Why are my delivery instructions not followed? 
Is there some other issue? https://t.co/HyxespvDaz",DELIVERY_INSTRUCTIONS,weak_label,,
727,73432,"@AmazonHelp And if they won't be able to get it for me, will I be able to cancel the exchange request and put a request for a refund in?",REFUND,weak_label,,
728,17903,"@AmazonHelp Got it just now about 4 hours after it was supposedly delivered. As I said, unpredictable and non-trustworthy delivery process",,unlabelled,,
729,2574,@AmazonHelp and redund issued on 13th https://t.co/1uydlorGCp no sing of my money and amazonuk just saying its in the billing department.no signof devlp,PAYMENT,weak_label,,
730,10655,@AmazonHelp a previsão é dia 6 😥,,unlabelled,,
731,623,"@AmazonHelp Okay, danke für die Info",,unlabelled,,
732,47926,"@AmazonHelp exp 10.27 arrived in PR 10.25 returned 10.28
no new tracking info by @115817 even after inquiring to @AmazonHelp about it within the time frame",RETURN,weak_label,,
733,86108,@AmazonHelp Prime’s 2 day shipping apparently means nothing 🙄,ORDER_DISPATCH,weak_label,,
734,11072,@AmazonHelp yes it was due today by 8pm and now its changed to tomorrow or the next couple days... but isn;t there a guarantee?,,unlabelled,,
735,293780,"@AmazonHelp Nope, app says will be delivered tomorrow but is delayed and to follow instructions on attempted delivery notice- which I didn't get",DELIVERY_DELAY,weak_label,,
736,18178,@115850 i have received a message that product has been delivered whereas it hasn’t been delivered. Second time happened @AmazonHelp,,unlabelled,,
737,11051,@AmazonHelp Will do. Thanks,,unlabelled,,
738,21577,@AmazonHelp Feedback? Are you kidding me? Where is my money and the package...bloddy idiots I am the prime customer and I want the shipment to be delivered rite now...I don't care about ur internal review...get me ur escalation point of contact to call me,DELIVERY_TRACKING,weak_label,,
739,65842,"@AmazonHelp Also, I just want to let y'all know, all my anger and frustration is directed at this seller and not y'all. Amazon has actually been nice, professional , and helpful in trying to help me.",SELLER,weak_label,,
740,616993,@AmazonHelp I didn’t change anything related to my payment method since my last purchase which was yesterday!,PAYMENT,weak_label,,
741,253403,@AmazonHelp I did not opt for any such options. Why did my order delay? Order# 407-8248571-8536341 via amazon.in (2/2),DELIVERY_DELAY,weak_label,,
742,11586,@AmazonHelp Not received any email,,unlabelled,,
743,177339,"@AmazonHelp Since @115821 screwed up, I feel you should fix it.  Billing wasn't messed up till you shipped.

What you sent me when I created the order.  https://t.co/4OKUZy3KMR

What you actually did when you shipped. https://t.co/iSQZ46VMlt",PAYMENT,weak_label,,
744,1325895,"@AmazonHelp What miscommunication? Got 2 mails yesterday regarding the reschdl time, also in Amazon App asking to print the AWB. So altogether 3.",WEBSITE_OR_APP,weak_label,,
745,257147,@AmazonHelp Not received the order till now wtf #AmazonGreatIndianFestival #disgraceamazon #Amazon #AmazonIndia,PACKAGE_NOT_RECEIVED,weak_label,,
746,15701,@AmazonHelp You have all my details. Please expedite the process,,unlabelled,,
747,490542,@AmazonHelp Just received an email saying that my order was posted through the letter box showing that the missing item was delivered (which it deffo wasn’t) along with the item I actually did receive but still “out for delivery” on amazon app,WEBSITE_OR_APP,weak_label,,
748,123413,@AmazonHelp All my orders came in but it looks like I'm returning this duvet cover. Looks like a burn hole in it. https://t.co/kOFDaUUWcH,RETURN,weak_label,,
749,1258296,@AmazonHelp saying lack of address info but orders were delivered on the address in the past and one more to be delivered by tomorrow.,DELIVERY_INSTRUCTIONS,weak_label,,
750,298955,@AmazonHelp One of my orders has been stuck at Not yet dispatched for nearly a month! How long do things usually take to get back in stock?,ORDER_DISPATCH,weak_label,,
751,182890,"@AmazonHelp I did not receive anything I changed the password from amazon website but it did not work, even if i write the code it says incorrect",WEBSITE_OR_APP,weak_label,,
752,318788,@AmazonHelp Why can't i order my subscribe-and-save items before schedule? Have changed payment method as suggested. Still see this. https://t.co/lfFH64W0JA,PAYMENT,weak_label,,
753,93588,"@AmazonHelp All it says  is ""Tuesday, November 28

Package has left seller facility and is in transit to carrier

US"" and it hasn't changed at all. It was supposed to be delivered today. Seems like my prime membership doesn't matter or the $900+ bucks I spent",SELLER,weak_label,,
754,246435,"@AmazonHelp 1970s delivery service from amazon! 
*Can’t give time of delivery.
*Cant change to a new delivery address. 
Utter crap!",DELIVERY_INSTRUCTIONS,weak_label,,
755,73499,@AmazonHelp A seller. It wasn’t obvious that they’re in the States when ordering.,SELLER,weak_label,,
756,78740,@AmazonHelp order#113-9333218-4668221 not delivered. I left a message via the return button but no one has contacted me. I would like the order to be delivered please,RETURN,weak_label,,
757,11029,@AmazonHelp I purchased the items specifically for the wedding.,,unlabelled,,
758,2073924,@AmazonHelp It was yesterday but they didn’t read the alternative delivery instructions so now I’m waiting around for redelivery,DELIVERY_INSTRUCTIONS,weak_label,,
759,222706,@AmazonHelp This error is coming for all 3 devices and issue is only with Amazon app https://t.co/xdPeTBSZbZ,WEBSITE_OR_APP,weak_label,,
760,133801,"@AmazonHelp Hi, still no parcel has arrived over the last 24 hours! The tracking says “delivered to resident”. Have checked with neighbours and in the usual safe place but nothing!",DELIVERY_TRACKING,weak_label,,
761,16436,@AmazonHelp Pls call me on 9820255387,,unlabelled,,
762,14280,@AmazonHelp Today; 1st November. Or I wouldn't have ordered. I needed them to arrive at mums today so she can bring to me urgently in hospital tonight.,,unlabelled,,
763,80560,@AmazonHelp is there anyway to get an update on return that was delivered to Amazon 2 days ago?,RETURN,weak_label,,
764,13921,@AmazonHelp I talked on the phone to someone who offered 10 percent off but that isn't on the account yet.  Still don't know delivery date.,,unlabelled,,
765,231808,"@AmazonHelp Hi, my order hasn't dispatched yet. I made the order on Monday &amp; it was supposed to dispatch yday and arrive tomorrow. Help?",ORDER_DISPATCH,weak_label,,
766,222631,"@AmazonHelp I want to cancel the order but I can't. We are running in circles here Honestly I am not expecting help from u guys. 5 days, 3 people 0 help",ORDER_CANCELLATION,weak_label,,
767,17641,@AmazonHelp #pathetic customer service. New low in e-commerce. Trying to raise a return request 5 times. #Fail,RETURN,weak_label,,
768,15694,@AmazonHelp How many times will the pick-up be rescheduled? https://t.co/oQuGBF84QS,,unlabelled,,
769,375827,@AmazonHelp No. Still haven't received an email notification. Had to log in to find out the package is late.,DELIVERY_DELAY,weak_label,,
770,1003637,"@AmazonHelp Pixel with Amazon app, windows 10 pc with Google chrome browser, different windows 10 pc with MS edge browser",WEBSITE_OR_APP,weak_label,,
771,25287,@AmazonHelp Will I get a refund? I paid extra for next day delivery.,REFUND,weak_label,,
772,5331,@AmazonHelp live chat down in the UK and as a prime member I cannot t get any items delivered before Tuesday whats going on?,,unlabelled,,
773,349735,Where is my parcel @AmazonHelp??? 🙄 First email was sent on THURSDAY. https://t.co/lmku6BmgJb,DELIVERY_TRACKING,weak_label,,
774,26961,"@AmazonHelp Not yet, have tried to contact the seller several times and no response. Not got access to a laptop to further the complaint at the moment",SELLER,weak_label,,
775,19127,@AmazonHelp U people allready reply me and now say we cant access?,,unlabelled,,
776,107244,"@139817 @AmazonHelp Yeah I had to cancel, order, and then cancel again the lady was as helpful as she could be but would have all been avoided if it was delivered the normal day and time they promised.",ORDER_CANCELLATION,weak_label,,
777,1252053,@AmazonHelp @115850 i have not received the amazon pay csshback against order 405-7981836-3136360 was that fake or what..,PACKAGE_NOT_RECEIVED,weak_label,,
778,80750,"@4774 sold an iPhone to a buyer who requested return &amp; returned phone with different IMEI. Apple confirmed the phone was not the same, and had also been tampered with. @115821 is taking the buyer’s side. I’m out $600! What can I do? What are my rights? @AmazonHelp",RETURN,weak_label,,
779,1095892,"@AmazonHelp If the Amazon website let me sign up for Prime with a card that has no money on it, will the membership be cancelled if 1/2",WEBSITE_OR_APP,weak_label,,
780,877034,"@AmazonHelp Nope
It says in the Amazon website,the delivery guy came twice to deliver the pakage but nobody signed to collect the order
Connect by email",WEBSITE_OR_APP,weak_label,,
781,1165634,@AmazonHelp Yes. They asked to provide name and billing address and last 4 digits of card,PAYMENT,weak_label,,
782,1735168,@AmazonHelp I have not gotten an email about a password reset yet.,ACCOUNT,weak_label,,
783,15279,@AmazonHelp 408-9273159-6369903.replacement ordered from 24th Oct.no1 contact me.Really worst courier service from Amazon,,unlabelled,,
784,363708,@AmazonHelp There's no contact details on the amazon website! Otherwise no I haven't,WEBSITE_OR_APP,weak_label,,
785,1151121,@AmazonHelp Why don't you email me. Why should I keep on opening the Amazon App.,WEBSITE_OR_APP,weak_label,,
786,1473749,@AmazonHelp Yes. All are on same wi-fi network. Both echo &amp; &amp; dot w/ same errors. Even did un-pair and re-pair of Echo w. fire tv. Still not working.,DEVICE,weak_label,,
787,137114,@AmazonHelp how come my order has been delayed 3 TIMES in just a week? This has never happened to me before,DELIVERY_DELAY,weak_label,,
788,11073,@AmazonHelp isn't prime two day shipping supposed to be guaranteed? what happens when its late?,,unlabelled,,
789,17915,@AmazonHelp I have emailed you.. can you please reply to that as your system is too slow. Or give me a call.!,,unlabelled,,
790,198115,@AmazonHelp That did nothing...chat support is trying to cancel my pre-order to apply $40 to the remaining balance..,ORDER_CANCELLATION,weak_label,,
791,377970,@AmazonHelp Arriving Oct 8-10. Second “prime” book order that arrives late. Last one was very late.,DELIVERY_DELAY,weak_label,,
792,324397,@115850 @AmazonHelp Pathetic experience with ur delivery as Order# 406-3337694-5036344 not delivered on time. CSE can't track order,DELIVERY_TRACKING,weak_label,,
793,2594,@AmazonHelp Want to speak to someone at corp to address these issues.,,unlabelled,,
794,10640,@AmazonHelp No package.,,unlabelled,,
795,227921,Unable to add product in cart. What is the use of sale if the app crashes so frequently. @119356 @115850  @AmazonHelp https://t.co/ds3F5QbgnY,WEBSITE_OR_APP,weak_label,,
796,244716,"@AmazonHelp Alright I guess I'll cancel my pre order and order else where, thanks.",ORDER_CANCELLATION,weak_label,,
797,831570,Day 20:Still not received order nor any updates. Receiving lot of apology and escalation 🚨 from @AmazonHelp @115850 but no actions. Poor! https://t.co/NW3wjzOXey,PACKAGE_NOT_RECEIVED,weak_label,,
798,36589,"@AmazonHelp @115850  still not picked..

No refund.. no call received

What more excuse

#pathetic",REFUND,weak_label,,
799,17918,@AmazonHelp Please elaborate. If the charges are of prime subscription on https://t.co/PDFhxlk2Fc then why was i charged 499 in the first place??,,unlabelled,,
800,1159353,"@AmazonHelp  this is crazy, I've been on hold so long. Your agent doesn't understand that I was double charged and both cleared in bank https://t.co/BBWSmBaR4e",PAYMENT,weak_label,,
801,80622,".@AmazonHelp You say you ""extended my extended"". I don't know what that means or how it helps me. Do I have to return the items that I did not get? Will my packages still get carried by AMZL? All I have is hassle and all you did was send me a nonsense sentence and that you care.",RETURN,weak_label,,
802,690,@115850 @115821 @AmazonHelp @115851 Order# 3632693-6196346. You couldn't deliver EVEN AFTER A MONTH. You should be ashamed of yourself.,,unlabelled,,
803,18918,@AmazonHelp I had already submitted the info 5days ago.i don’t understand why u are asking again??,,unlabelled,,
804,362467,@AmazonHelp  where is my order it was suppose to get delivered by today havent got it yet,DELIVERY_TRACKING,weak_label,,
805,710001,@AmazonHelp Heya! I have a question about my payment method being denied for one part of the same order. Just kinda confused &amp; concerned :/,PAYMENT,weak_label,,
806,183415,@AmazonHelp It has happened twice in the last 2 months. I wouldn't mind if the order was for me. But as I finished work late I was in asleep and wokenup,DELIVERY_DELAY,weak_label,,
807,17899,@AmazonHelp I have called already and spoken to the rep. This keeps repeating. Fire your courier managers in my locality,,unlabelled,,
808,45535,@AmazonHelp my order is missing two pieces of the value pack. I don't want to return what I received but can I get those pieces?,RETURN,weak_label,,
809,5319,"Ach schau an. Meine Bestellung war unzustellbar... @AmazonHelp, was ist da denn passiert? Bekomme ich mein Geld nun wieder?",,unlabelled,,
810,138915,"@AmazonHelp Hi, I've ordered Style Boutique 3 on 3DS from you but it's not shipped yet, says arriving today. It's out of stock though.",ORDER_DISPATCH,weak_label,,
811,243174,"@AmazonHelp here it is... there used to be a calculator where it tell the total amount including shipping etc, now it's not there... https://t.co/E2ObOOqtW4",ORDER_DISPATCH,weak_label,,
812,80850,"@AmazonHelp Yes. No sign of it. I'm giving Amazon one last try, I've ordered the same item for delivery tomorrow and requested a refund on the other. If it doesn't arrive this time, Prime Membership is cancelled.",REFUND,weak_label,,
813,118751,"@AmazonHelp The form has been filled out, but I repeat that there is already an open ticket about this,  [CASE 4672816421] . This needs to be resolved ASAP. We are receiving return shipments to the house because someone is using our name and address to conduct business on your platform.",RETURN,weak_label,,
814,18139,"@AmazonHelp Have already shared my registered mobile no. 9673101122, but I m currently contactable on 9818601122",,unlabelled,,
815,832107,@AmazonHelp I provide delivery instructions why do the drivers fail to follow and pay attention to detail in order to deliver my package?,DELIVERY_INSTRUCTIONS,weak_label,,
816,4866,"@AmazonHelp Amazon's tracking says it's ""Shipped &amp; Arriving Today by 8pm"" but UPS Tracking shows just that a label is created.",,unlabelled,,
817,35146,@AmazonHelp I am still waiting for the product to be picked up and refund,REFUND,weak_label,,
818,1048806,"@AmazonHelp I cannot sign in only
How wil i go further",ACCOUNT,weak_label,,
819,210507,"@AmazonHelp Seller support doing nothing to resolve this issue,even none respond us yet about this,whats going on?We are FLEX and FBA seller too,",SELLER,weak_label,,
820,180908,"@AmazonHelp @115850 you have made a joke of delivery. Delayed for every order in the past 2 weeks, even after prime subscription",DELIVERY_DELAY,weak_label,,
821,10645,@AmazonHelp did amazon get hacked?,,unlabelled,,
822,19132,@AmazonHelp Its not my issue for return pick up. U people not mention any where before purchase product otherwise i think about purchase this order.,RETURN,weak_label,,
823,277571,@AmazonHelp Can you tell me right now where is my package I will go there and pick my self i dont believe any more on amazon.,DELIVERY_TRACKING,weak_label,,
824,641869,"@AmazonHelp Buen día, me llegó una notificación en amazon app sobre moto z con 3 moto mods+game pad, pero al ingresar no indica el gamepad, entonces lo incluye o no? link https://t.co/JuPhvCAX4Q",WEBSITE_OR_APP,weak_label,,
825,103129,"@AmazonHelp respected sir, u know its a once in week sale. nd it very hard to place order,
nd it sucks when it get cancelled. 
i was failed to order that on 30th nov.",ORDER_CANCELLATION,weak_label,,
826,11065,"@AmazonHelp it was doing this a few days ago and a factory reset fixed it, for two days. A hard reboot with card in or out does not resolve.",,unlabelled,,
827,287854,"@AmazonHelp 408-6016305-4794733
This is the order number. You track the history. If you can help, help me else I will take the loss and goodbye Amazon",DELIVERY_TRACKING,weak_label,,
828,5781,"@AmazonHelp poo. assinei hj pra ver a terceira e nada.. acha q so qnd acabar na tv americana? de qq forma, obrigado",,unlabelled,,
829,257809,"@AmazonHelp hi Amazon, I have just had an e mail to say I have changed my e mail address (I haven't)now I can't log in and change my details",ACCOUNT,weak_label,,
830,224201,"@AmazonHelp Bought an item on 22nd September. Got Fedx trackng, it says item still has not been shipped yet What is going on?! @115850",ORDER_DISPATCH,weak_label,,
831,27851,@AmazonHelp Ooh..Thanks for your positive reply.Hope you will return the money as soon as possible.,RETURN,weak_label,,
832,611214,@265316 @AmazonHelp Clearly not fixed. Is your Alexa integration broken?,DEVICE,weak_label,,
833,63860,@AmazonHelp It can't be more than the total billing amt which has been finalised while placing the order right? https://t.co/p0nNRIEgmr,PAYMENT,weak_label,,
834,1421942,"@AmazonHelp Hi, my parcel still hasn't been delivered, despite the Amazon app saying it has been.",WEBSITE_OR_APP,weak_label,,
835,77353,@AmazonHelp I have requested a refund.,REFUND,weak_label,,
836,2467919,@AmazonHelp You have locked my account because you think I haven't paid for an item. If I didn't pay for an item you wouldn't have delivered it to me! So I ask for the 100th time... Unlock my account! The longer you keep my account locked. The more you will be paying for my prime membership!,ACCOUNT,weak_label,,
837,1155113,@AmazonHelp Hello. You've delivered a package today to my 'safe place'. I don't know where that is - don't think I've ever had one.,DELIVERY_INSTRUCTIONS,weak_label,,
838,13140,@AmazonHelp For the third time. I HAVE NO RECENT E-MAIL FROM YOUR SOCIAL MEDIA TEAM.,,unlabelled,,
839,197922,@AmazonHelp My order no 408-6448300-4339528 was cancelled it was available for Rs.300 NOw its Price is 4000rs why should I pay more?? I have Ordered for 300 and i have already paid then why should i pay 4000rs for same thing #FakeSale #Cheaters,ORDER_CANCELLATION,weak_label,,
840,172228,@AmazonHelp Cheers. Seller I think https://t.co/wzx2kq5ZCi,SELLER,weak_label,,
841,16847,@AmazonHelp No updates no mailed issue...pure ignorance....,,unlabelled,,
842,287435,@AmazonHelp Order was supposed to arrive fri.  Showed Shipped 27th.  USPS tracking still shows no receipt from origin.,ORDER_DISPATCH,weak_label,,
843,254634,"@AmazonHelp I contacted the support number already, I cannot sign in, the email used to sign in was changed",ACCOUNT,weak_label,,
844,248154,@AmazonHelp if your delivery person  fake update &amp; can not delivered items that address​how is getting option to dilver that location,DELIVERY_INSTRUCTIONS,weak_label,,
845,232725,@AmazonHelp Have cancelled the order and spending my money elsewhere.,ORDER_CANCELLATION,weak_label,,
846,80808,@AmazonHelp @115821 if my package is expected to be delivered tomorrow why does it not show shipped yet status?,ORDER_DISPATCH,weak_label,,
847,18169,"@AmazonHelp Accidentally bought Amazon Prime when I misread it for the free month trial, and I wanted to know if theres any way for a refund",REFUND,weak_label,,
848,17214,@AmazonHelp Pathetic reply by your caller,,unlabelled,,
849,1748,@AmazonHelp that is not my apartment!!!!!!! This is the sending time!!!! Where is my package!!!!!!!!!! https://t.co/EIY6DZUCDC,DELIVERY_TRACKING,weak_label,,
850,80556,@AmazonHelp Per the email for the return my account should have received the credit when the item was received.,RETURN,weak_label,,
851,619,"@AmazonHelp I frankly don't have the patience for another chat with your ""customer service"" people today.",,unlabelled,,
852,40422,@AmazonHelp But please arrange return pick up from your hand,RETURN,weak_label,,
853,387975,"@AmazonHelp USPS tracking is already showing earliest delivery tomorrow. Amazon somehow thinks they’ll still get here today, which makes no sense",DELIVERY_TRACKING,weak_label,,
854,21529,@AmazonHelp Today when I was checking my ordereds I've come to know that refund not initiated for this product. When I called to customer care they said there is problem with product. I dont understand what's happening.,REFUND,weak_label,,
855,17186,@AmazonHelp Kindly share my contact number 9800019281 to ur team to contact me,,unlabelled,,
856,2191428,@AmazonHelp This has been happening for 2+ weeks. I have notified your team. Firestick will not stream NFL games on Thursdays,DEVICE,weak_label,,
857,420427,@AmazonHelp Ok.. is it possible to change the delivery address in that case?,DELIVERY_INSTRUCTIONS,weak_label,,
858,646,.@AmazonHelp Item has not been delivered but tracking says it was handed to me over an hour ago... 2nd time this has happened. Sort it out https://t.co/42W82GcARk,,unlabelled,,
859,430006,"@AmazonHelp And since the app already shows the order status as delivered, I can't even change the delivery address.",DELIVERY_INSTRUCTIONS,weak_label,,
860,12534,@118506 @AmazonHelp Amazon has lost its credibility by buying cheap products from other portals like ebay and selling over their platform. Really cheap,,unlabelled,,
861,234757,"@AmazonHelp furthermore, i sent the email onto your ""stop spoofing"" in the attempt it was just a spam email. but i can't log in at all..",ACCOUNT,weak_label,,
862,56832,@AmazonHelp seller name: ECellStreet Global (India Division) Tell us what more you need?,SELLER,weak_label,,
863,18733,"@AmazonHelp Thank you, I will get in touch.",,unlabelled,,
864,45560,@AmazonHelp Amiunt not refunded,REFUND,weak_label,,
865,16824,@115821 @115850 @AmazonHelp req a replace for one of my purchase it was scheduled for today between 10 to 1 its 3 no one has come #help,,unlabelled,,
866,16776,@AmazonHelp Would like to thankyou for ur efforts..amount credited back to my account today.!!,,unlabelled,,
867,12495,@AmazonHelp Is that a joke amazon! I CANT LOG IN TO CONTACT YOU BECAUSE THEY CHANGED MY EMAIL AND PASSWORD,,unlabelled,,
868,1302281,@AmazonHelp Its literally not available as an option to watch on the app. Ive added it to my watchlist and still not on the roku-amazon app,WEBSITE_OR_APP,weak_label,,
869,1423067,"@AmazonHelp No. All attempts apart from yesterday state failed delivery. I contacted Amazon and begrudgingly changed deliver address, and that hasn't",DELIVERY_INSTRUCTIONS,weak_label,,
870,12504,@AmazonHelp Nah. Just answer my question please.,,unlabelled,,
871,98671,"@AmazonHelp At 15:30, the site updated from ""ship soon"" to ""11:37 AM Shipment has left seller facility and is in transit"". I'm about 20 minutes drive away from the Amazon center, so it seems either the driver left at 15:30, or nearly 5 hours later the driver hasn't come yet? https://t.co/KptMWjWSnX",SELLER,weak_label,,
872,182912,@121657 @AmazonHelp They have cancelled my order thrice after conforming my order and three times I had paid for the order .their customer care is of no use,ORDER_CANCELLATION,weak_label,,
873,1489494,"@AmazonHelp It doesn't even say I have an order, but I can find it on the amazon app?",WEBSITE_OR_APP,weak_label,,
874,19184,@AmazonHelp My orders are fine. I also still have access to you by way of my old Email. I just can't change my new Email address for the old one..,,unlabelled,,
875,2435005,"@AmazonHelp Can't login it says Account locked

Your account has been locked for security purposes. Please check your email for instructions on how to unlock your account.",ACCOUNT,weak_label,,
876,141019,"@AmazonHelp I have been keeping eye everywhere Twitter, email, phone, website tracking,I mean currently getting my package delivered to me is 2nd priority,1st priority is ceeing wen&amp;thru which medium @AmazonHelp @133929 will atleast update me of status or share some info of wats going on",DELIVERY_TRACKING,weak_label,,
877,378672,@AmazonHelp @115850 I have still not received the invoice for my product which was delivered on 27th Sep...Kindly send me the invoice ASAP,PACKAGE_NOT_RECEIVED,weak_label,,
878,1349110,"@AmazonHelp Firestick remote is broken, normally use the app but had to update WiFi router so now no access to settings, replacement (1/2)",DEVICE,weak_label,,
879,11048,"@AmazonHelp Thanks, I called. The agent says the order has been received, but not shipped. Still anticipate a Friday delivery",ORDER_DISPATCH,weak_label,,
880,2922649,@AmazonHelp Cool thanks! I wasn't sure if this is an Echo issue or a Hue issue or both!,DEVICE,weak_label,,
881,13157,@AmazonHelp I have asked the customer care exec on phone to cancel the order. Don't want to waste any more of my time on this.,ORDER_CANCELLATION,weak_label,,
882,37620,@AmazonHelp I filled this out yesterday right after you sent this and still no reply and no another package is late. I don't get it.,DELIVERY_DELAY,weak_label,,
883,1083232,"@AmazonHelp Just used online chat to ask a question about Prime billing. Tried to rate customer service after, but there's no submit button. https://t.co/fxO3DTMtz4",PAYMENT,weak_label,,
884,13175,@AmazonHelp É o livro Os arquivos secretos do homem morcego. Simplesmente magnífico,,unlabelled,,
885,16887,@AmazonHelp @23991 @15316 ..help me out on the issue.no proper response from @AmazonHelp we could have died due to no check of product https://t.co/63A0yr8l33,,unlabelled,,
886,169654,"@AmazonHelp Sadly the guest beds didn't arrive today a promised so I've had to cancel the order and buy them from @116245 instead, where I can collect then tomorrow.",ORDER_CANCELLATION,weak_label,,
887,309930,@AmazonHelp Of course! My order tracker said it was on track to arrive tonight by never came,DELIVERY_TRACKING,weak_label,,
888,18913,@AmazonHelp I did not get any kindly resend.,,unlabelled,,
889,16794,"@AmazonHelp form has been filled awaiting for a solution n refund. I have already invested my energy in explaining before, kindly treat it urgent.",REFUND,weak_label,,
890,158687,"@AmazonHelp Hi . I order this laptop (link: https://t.co/E13tSpMs7R) https://t.co/NB66L9MZMq…
But my account is locked and my order cancelled. But after my account is openened. I want to place an order at this price (900+ 189 $) . Possible ?",ORDER_CANCELLATION,weak_label,,
891,292291,@AmazonHelp Order no. 408-8653798-9822711 Unable to track or call delivery guy. Please tell me where the package is,DELIVERY_TRACKING,weak_label,,
892,183372,@AmazonHelp Amazon Shipping. I’ve had another order arrive as normal yesterday I just don’t know what’s happened to this one,ORDER_DISPATCH,weak_label,,
893,75916,@AmazonHelp I've had two emails to say ita out for delivery (one today one yesterday) and when I click on track parcel it says it was handed to the customer.I have no idea who the courier is to sort this out,DELIVERY_TRACKING,weak_label,,
894,180400,"@AmazonHelp The seller is YOU, @AmazonHelp - that's what makes this such a farce. Aware it's not Prime, but sold by you and advertised FREE UK Delivery",SELLER,weak_label,,
895,101810,@AmazonHelp Had Prime trial a few weeks. Made 2 orders. Both delayed beyond GUARANTEED delivery date. Dont guarantee what you cant deliver.,DELIVERY_DELAY,weak_label,,
896,33172,"@AmazonHelp Thanks again for your reply. Fire TV won't show up in mirroring on my Android. Chromecast mirroring will work though, so the phone is ok",DEVICE,weak_label,,
897,1334329,@AmazonHelp Yes I did. Just got an email. My account is reinstated(by the same employees?). I guess I don't need to send a billing statement anymore?,PAYMENT,weak_label,,
898,47944,@AmazonHelp Contacted my bank and they were unable to track the refund using the refund reference code given by Amazon.,REFUND,weak_label,,
899,515275,"@AmazonHelp I’ve gone I don’t know how many years without any problems and this week I had groceries that weren’t delivered to my door, a pkg that was marked as delivered that I never received, and  a pkg that was delivered leaking its contents inside the pkg. What’s going on? https://t.co/AomjbKvF02",PACKAGE_NOT_RECEIVED,weak_label,,
900,63881,"@AmazonHelp No... I received multiple emails saying this, for multiple items.

There is no estimate for the length of delay.

Your online agents can see no estimate for the length of delay, no dispatch notes, no notes at all.

There is nothing on 'Your Orders' at all. https://t.co/wHOE2o3a0u",ORDER_DISPATCH,weak_label,,
901,2571918,@AmazonHelp No email for password reset,ACCOUNT,weak_label,,
902,318640,"@AmazonHelp Yes, it is clearly listed in my delivery instructions on EVERY order. Nobody else has a problem with it, just this one guy.",DELIVERY_INSTRUCTIONS,weak_label,,
903,2405135,@AmazonHelp Had email with £40 off a Kindle. Website won't allow the code says it's expired.,DEVICE,weak_label,,
904,1227047,"Hi @AmazonHelp, I am writing bc I got charged twice. I am wondering if you can help me with this situation please? Thank you!",PAYMENT,weak_label,,
905,1726,@AmazonHelp Star Wars Battlefront 2 Elite Trooper Deluxe Edition Playstation 4 https://t.co/6K7WdDcY2P preorder info is in description. Thanks for help,,unlabelled,,
906,18120,I'm facing more bullshitting by @115850 Another package of mine is shown 'delivered' yesterday @AmazonHelp Somethings wrong at amazon...,,unlabelled,,
907,727853,"@115850 @AmazonHelp
I am facing multiple payment issue,since 3rd Oct 2017 and still I have not received my payment back.#unhappy #failure",PAYMENT,weak_label,,
908,131711,"@AmazonHelp Yes, just been through all that on chat. Was told it was a website error",WEBSITE_OR_APP,weak_label,,
909,127464,@AmazonHelp Amazon Involved in Fake orders and using our hardworking money for at least a week. As I already guaranteed on 21st nov that my order will get cancelled. Today amazon cancelled my order and this is 4th time in last 3 months. I don't want anything..just want my order delivered.,ORDER_CANCELLATION,weak_label,,
910,11026,@AmazonHelp Shows it was supposed to be delivered today by 8pm. USPS,,unlabelled,,
911,379424,@AmazonHelp I take ur apology bt hw come u guys cn't track orders &amp; give delivery agent's no. I have  been facing issues wd evry order since past 2 mths,DELIVERY_TRACKING,weak_label,,
912,324239,@AmazonHelp And yes already dropped in an email through Amazon app.. still no reply.,WEBSITE_OR_APP,weak_label,,
913,1301261,@AmazonHelp Wasn’t delivered because of “my instructions to the carrier.” I did not provide any instructions.,DELIVERY_INSTRUCTIONS,weak_label,,
914,1553843,"@AmazonHelp I've used that function on both .com and .co.uk - neither has been helpful. 
Password reset function takes &gt;20min to send verification code",ACCOUNT,weak_label,,
915,114377,@AmazonHelp No because I only found out now as I had to manually track the delivery. If I'd have been made aware this morning I could easily have provided an alternative delivery address.,DELIVERY_TRACKING,weak_label,,
916,1047243,"@AmazonHelp Yes, between shioty online and phone customer service and being double charged for an item, I will no longer be using your services, ever.",PAYMENT,weak_label,,
917,183373,@AmazonHelp my prime order is late and has been marked as “out for delivery” for over 48 hours?,DELIVERY_DELAY,weak_label,,
918,103083,"@AmazonHelp Tried it. Not helping. The link took me to a call which sent me a  replacement link.  I want to return the item and not replace it. Your app only has the option to replace. I want to buy it from @5903 directly. 
What do I do. Have someone call me now!!",RETURN,weak_label,,
919,9766,@AmazonHelp What support team are you talking about ? I called twice n they make it sound like they will graciously refund my money. But then nothing,REFUND,weak_label,,
920,1588060,@AmazonHelp Why will it not let me purchase an mp3 download. It keeps saying update payment method. Which I have ✅ multiple times!!!,PAYMENT,weak_label,,
921,18128,"@AmazonHelp 24 to 48 hours 2resolve.But WTH! First,Amazon says 'Delivered' then,says 'Item could not be delivered,as there was no one 2accept delivery'",,unlabelled,,
922,901112,"@115821 @AmazonHelp @116016 So an experience that could have been far worse (having my Amazon account hacked into) was made easy by everyone, until it wasn't. 11/X",ACCOUNT,weak_label,,
923,492191,I don’t remember using Touch ID to login to the Amazon app before @115830 @AmazonHelp when did you guys implement this https://t.co/MmzzxtyNOp,WEBSITE_OR_APP,weak_label,,
924,932271,@AmazonHelp It's been an hour since the call.. but I've not received any messages.. shall I dm you my order details..?,PACKAGE_NOT_RECEIVED,weak_label,,
925,252846,"@AmazonHelp @115850 , I ws already in contact with them, but they couldnt help, afterall I had to cancel my order.. 😐😐 #WorstAmazon",ORDER_CANCELLATION,weak_label,,
926,12498,@AmazonHelp Is that a 24 hr line,,unlabelled,,
927,250580,"@AmazonHelp It hasn't been received yet, because it hasn't even shipped yet. The silence is deafening.",ORDER_DISPATCH,weak_label,,
928,9144,"@AmazonHelp Solved, Thank You",,unlabelled,,
929,384192,"@115821 @AmazonHelp as a prime member curious if you can make a payment with the amazon app, if not @115851 when will it be available?💸",WEBSITE_OR_APP,weak_label,,
930,626588,@AmazonHelp Hello again....so I didn't receive my order yesterday,PACKAGE_NOT_RECEIVED,weak_label,,
931,74588,@AmazonHelp Hi. Could you please provide an update. Would be useful if you could let me know by when I can expect a refund of the money for which I received trash.,REFUND,weak_label,,
932,483029,@AmazonHelp I have an urgent delivery due 30th Nov. Carrier was not able to deliver twice despite me leaving mobile number and delivery instructions and I'm trying to contact them so I can either pick it up or find out what the issue is,DELIVERY_INSTRUCTIONS,weak_label,,
933,16817,@AmazonHelp When will i be getting a refund of this product #help #pleasebesensable https://t.co/gGgeU6tmhP,REFUND,weak_label,,
934,18174,@AmazonHelp Your customer service has reverted saying that apparently the package has been delivered and signed by receipt my yesterday. Not true.,,unlabelled,,
935,585649,"@AmazonHelp I was told via email, my packages will come by 10 p.m. That's insane. I'm in bed by 9. I have to work the next day first thing in the morning. On Amazon website it says I will receive my package by 8 p.m. I am still waiting. This is unacceptable. @AmazonHelp",WEBSITE_OR_APP,weak_label,,
936,18123,"@AmazonHelp This has become a joke, now. Only, I don't feel like laughing.",,unlabelled,,
937,11023,@AmazonHelp This makes 5 consecutive orders that missed their deadline.,,unlabelled,,
938,534252,@AmazonHelp i’m on the Amazon app...,WEBSITE_OR_APP,weak_label,,
939,18159,"Really unhappy, @AmazonHelp. I'm sitting here at home all day and I got this text a few minutes ago. https://t.co/w35PxLWI0K",,unlabelled,,
940,1740,@AmazonHelp I have. No luck.,,unlabelled,,
941,309208,@AmazonHelp I needed my package by today (that’s why I did two day shipping) and now it’s not here?!,ORDER_DISPATCH,weak_label,,
942,16873,@AmazonHelp Do u think it's just normal happening???this is real happened with me...do you still think it's not worth to show quality of product,,unlabelled,,
943,1997742,"Dear @AmazonHelp, why are your delivery drivers incapable of reading instructions? Leave in safe place does not mean ""don't deliver if out"".",DELIVERY_INSTRUCTIONS,weak_label,,
944,14298,@AmazonHelp @115821 consider leaving the delivery of packages to the experts at @115817 or @81. Obvious decline in service when it’s @115821 logistics.,,unlabelled,,
945,397414,@AmazonHelp Since 3rd October I have lodge a complaint that I have not received the order which is showing as delivered.still not resolved.,PACKAGE_NOT_RECEIVED,weak_label,,
946,427369,@AmazonHelp Now what ?? I need to know . Because didn't receive any order and also no message or call to the delivery address and number within address https://t.co/3labC1TiC3,PACKAGE_NOT_RECEIVED,weak_label,,
947,17924,@AmazonHelp If product was not to the mark. And customer had to face tension of self return too with shipping charges. Is this online shopping?,RETURN,weak_label,,
948,14297,@AmazonHelp The carrier in both instances has been Amazon. Service has been awful once @115821 started doing the deliveries.,,unlabelled,,
949,276136,Gutted as @152044 #Butterfly #PictureDisc order now is delayed on @AmazonHelp @115830 😪 https://t.co/aK3in55q5K,DELIVERY_DELAY,weak_label,,
950,98687,@AmazonHelp Called in because order was SUPPOSED to be delivered today and I rearranged my schedule to be here.  Was told to read my email and that what was on the website was only SORT OF a promise until after an email was sent.  The same agent told me I could cancel my order or my prime!,ORDER_CANCELLATION,weak_label,,
951,1192284,"@AmazonHelp No, it wants me to update my payment method first, but every time I try I get this error message... https://t.co/yWg4c704er",PAYMENT,weak_label,,
952,170973,@AmazonHelp It’s supposed to arrive today but says it will be delayed because it was sent to the wrong delivery center,DELIVERY_DELAY,weak_label,,
953,111816,@AmazonHelp The order was placed on the wrong card. Initially I just wanted to change the card. When I was told that was impossible I tried to cancel the order. When that was impossible I was forced to pay $31.00 and have my bank stop payment.,ORDER_CANCELLATION,weak_label,,
954,2435009,@AmazonHelp I can't sign in my account it is locked,ACCOUNT,weak_label,,
955,420275,@AmazonHelp To my original payment method?! Which one is it?,PAYMENT,weak_label,,
956,77256,@AmazonHelp Haven't even gotten a email yet it hasn't even been dispatched by you guys this is just ridiculous I wouldn't mind at least it being dispatched by now but it hasn't,ORDER_DISPATCH,weak_label,,
957,237471,@AmazonHelp Now I have another package that’s a day late. What gives?,DELIVERY_DELAY,weak_label,,
958,386464,.@AmazonHelp I have received emails stating delivery of 2 of my orders are delayed but I received them both. How do I get that updated?,DELIVERY_DELAY,weak_label,,
959,15700,Hey @115850 @AmazonHelp I need an update on my refund! Can you help?,REFUND,weak_label,,
960,132550,"@AmazonHelp So my package came and I wasn’t in, told the delivery man to leave it in the safe place, as I can talk to him through the intercom on my phone and he just totally dismissed it and went away without delivery! 😡 i think im through with amazon!",DELIVERY_INSTRUCTIONS,weak_label,,
961,29948,@AmazonHelp I can't log in to my account to even do that. That's the issue. I have Zero access cause it's been hacked.,ACCOUNT,weak_label,,
962,192321,@AmazonHelp U please cancel my order,ORDER_CANCELLATION,weak_label,,
963,16112,@AmazonHelp Ahhh okay makes sense :) thank you! I hope my package comes Friday 🙌,,unlabelled,,
964,288036,@115850 @AmazonHelp @115821 Order  #171-8557356-7597938 Not received but showing delivered. Not much help from calls. Plz look into this.,PACKAGE_NOT_RECEIVED,weak_label,,
965,1601624,It's 1 month n didn't received my order n it's showing delivered. called bt no fruitful results. Wt a service @115821 @AmazonHelp,PACKAGE_NOT_RECEIVED,weak_label,,
966,18193,"@AmazonHelp @115850 @120040 Wow this is great, now again i am getting mail that max eligible cashback is INR450. What the heck is wrong with Amazon support. @115850",,unlabelled,,
967,493238,"@132994 @115850 @3021 @132994 @115850 @AmazonHelp 
My friend ordered product on 28th November showing as delivered (handed to security) but didn't receive product..
OrderID 406-4970784-2395526
Is amazon promoting such Fraudulent activities in India?
#PatheticExperience #Shameful",PACKAGE_NOT_RECEIVED,weak_label,,
968,726145,@AmazonHelp Did NOT receive packages that were showing up as Delivered. Got in touch w/ customer care and I'm told this is a known carrier issue.,PACKAGE_NOT_RECEIVED,weak_label,,
969,279705,@AmazonHelp Purchased directly through Amazon and it hasn't shipped!!,ORDER_DISPATCH,weak_label,,
970,537442,@AmazonHelp It was for 1 December as I’m a Prime member. It also shown this on the order on the Amazon app too.,WEBSITE_OR_APP,weak_label,,
971,77358,@AmazonHelp I have spoken to someone over the phone. They assure me that a refund has been set up and I should see it credit my accoint in 5-7 working days.,REFUND,weak_label,,
972,2240584,"@AmazonHelp Please can you explain why I can use Alexa on Amazon music and turn my lights on while away from my echo, yet your own actual Amazon Alexa app won't let me talk to Alexa to do anything?",DEVICE,weak_label,,
973,2595449,@AmazonHelp I am so frustrated with the service on my firestick My display will not calibrate. My remote had a hardware failure.,DEVICE,weak_label,,
974,14303,"@AmazonHelp ordered what was on the box for my sister’s wedding gift, that’s what came out of the box. What gives?! https://t.co/8jX9A0Ipcu",,unlabelled,,
975,22172,@AmazonHelp I submitted all the details. Thank you for reply. Expecting a quick response over my refund. Hope @115850 deliver Customer satisfaction.,REFUND,weak_label,,
976,727099,@AmazonHelp I must receive my delivery today but am worried I will miss it again whilst at work. Can I change the delivery address please?,DELIVERY_INSTRUCTIONS,weak_label,,
977,21092,@AmazonHelp Order placed 30/10 with stated prime delivery of 31/10. At 7.30pm informed delayed allow further 2 days! Not 1st time prime has failed!!,DELIVERY_DELAY,weak_label,,
978,18187,"@AmazonHelp They have promised me that my cashback of INR 1500 will be received by 5th November, hope this doesn't repeat in future. Thanks #AmazonIndia",,unlabelled,,
979,391636,@AmazonHelp I think someone changed my login email - found email notifying change but didn't authorize - can't log in to change it back.,ACCOUNT,weak_label,,
980,9123,@AmazonHelp Hello? So how do I contact someone if I can't log in?! I'm really concerned about what is happening with my acct and who has access to it!,ACCOUNT,weak_label,,
981,96865,"@AmazonHelp I was told it was just shipping soon, but it is still unusual it was charged fully and cleared a week before.",ORDER_DISPATCH,weak_label,,
982,74602,"@AmazonHelp @115850 @115821 so as per your help team, if a seller packs trash and sends to a customer then it's fine and he is not liable. As long as the packaging is good and product is received in tact, the customer is at risk of receiving trash. Pathetic customer service.",SELLER,weak_label,,
983,1736,Two fake items in one day. Time to cancel my Amazon Prime membership. @AmazonHelp,,unlabelled,,
984,8524,@AmazonHelp my original echo some time say things without asking here anything ! This is really wired and creepy and scary!!,,unlabelled,,
985,224340,"amazon refuse to provide invoice, seller refuse to provide bill...
only tarik pe tarik di ja rahi h..
@AmazonHelp",SELLER,weak_label,,
986,64169,"@AmazonHelp Please do fast all u can do.
I want my refund as fast as possible.",REFUND,weak_label,,
987,13132,@AmazonHelp I have. And I have spoken to customer care again on chat.,,unlabelled,,
988,594544,@AmazonHelp On my last order I paid 20 dollars for my last delivery and still have not received it and don’t know when it will be delivered,PACKAGE_NOT_RECEIVED,weak_label,,
989,17244,@AmazonHelp Still I didn't received any update from your end. I have to book order today,PACKAGE_NOT_RECEIVED,weak_label,,
990,239491,"@AmazonHelp yo, where is my package ? it says delivered but i never got my package..",DELIVERY_TRACKING,weak_label,,
991,98587,"@AmazonHelp You guys are making fun of me. Again person came and denying for return pick up... Even though mail.
 @15863 see @115850 @115830 @115821 selling fake product in India on ur name, it's just one day old and sole get out.... Sue him for using @15863 name on fake product https://t.co/ziUfFpjl29",RETURN,weak_label,,
992,317589,"@AmazonHelp Tracking msg""delay in delivery due to arrival at incorrect carrier facility""
Then you apologise, arrange redelivery nextday, nextday delayed",DELIVERY_TRACKING,weak_label,,
993,138985,"@AmazonHelp One is sold by third party, one by Amazon EU",SELLER,weak_label,,
994,21530,@AmazonHelp Kindly see this picture.. what kind of crap is this . I haven't received refund for this product.its been two months . https://t.co/7b9FuW1gyI,REFUND,weak_label,,
995,261259,"@178205 @AmazonHelp I agree! Intelcom is THE WORST! Pkgs show up late in evening, terrible website tracking. It's not just a certain order, it's ALL Orders",DELIVERY_TRACKING,weak_label,,
996,1937769,"@AmazonHelp that directs me to a ""log in"" page., and i cannot log in",ACCOUNT,weak_label,,
997,17239,@AmazonHelp Please find attached screenshot https://t.co/uivHzbY3JE,,unlabelled,,
998,426130,@115821 @AmazonHelp where is my order for #TurtlesAllTheWayDown by @127390? 🐢 been waiting all morning! 😭,DELIVERY_TRACKING,weak_label,,
999,18171,"@AmazonHelp Yes. I have sent a mail. I have sent a mail each time this nonsense has occurred, but it keeps happening...",,unlabelled,,
1000,219005,"@AmazonHelp So what you're telling me is that if release date shipping is not available, it could be a month or more before my package ships.",ORDER_DISPATCH,weak_label,,
1001,2514028,@AmazonHelp my alexa having some language configuration issue.,DEVICE,weak_label,,
1002,18387,@AmazonHelp I rather not take prime then and use the normal service as I don’t see any diff or advantages,,unlabelled,,
1003,279024,@115821 @amazonhelp updated the Amazon app on my iPhone 6s on iOS11 but the app can't load anything. Been getting this for 3days now https://t.co/XNMCrlTYF8,WEBSITE_OR_APP,weak_label,,
1004,343779,"@AmazonHelp (UK) Have an essential parcel (track ID Q22628137883) due today &amp; I received email ""delivery failed"". Why? We've been in all day",DELIVERY_TRACKING,weak_label,,
1005,144230,@AmazonHelp Third party seller,SELLER,weak_label,,
1006,1109535,@AmazonHelp why do amzl delivery drivers do this?  Just leave it on top of the mat ffs. https://t.co/MYH5L0brYV,DELIVERY_INSTRUCTIONS,weak_label,,
1007,44928,@AmazonHelp I was promised a full refund for an item but I have been not refunded postage,REFUND,weak_label,,
1008,166513,"@AmazonHelp waited all day for my parcel which should have come by 8pm. Now tracking says “sorry, come back in a week”. Not good enough!",DELIVERY_TRACKING,weak_label,,
1009,191805,"@AmazonHelp I'm sorry I have now cancelled, the delivery date was today, so I've ordered from a different book seller.  I know the book is popular but this was very disappointing.",SELLER,weak_label,,
1010,1207269,@AmazonHelp Did not receive cashback of ₹499 after irdering amazon Fire TV Stick. What is the problem?,DEVICE,weak_label,,
1011,15302,@AmazonHelp I have inked in detail at the given URL...hope to see some useful action,,unlabelled,,
1012,846922,"@amazonhelp  
Expected delivery date was 8th October but not received yet
Order ID 112-0715521-9354638:",PACKAGE_NOT_RECEIVED,weak_label,,
1013,133809,"@AmazonHelp I was looking for product.
I started placing order from 22-nov itself but your amazon app (which is crap) didnt send me OTP on time and few times transaction got declined.",WEBSITE_OR_APP,weak_label,,
1014,729170,"@AmazonHelp Book is Vol 2 of a graphic novel, Kindle link is ISSUE 2. Which you can see I've already got because I bought Vol 1 via you.",DEVICE,weak_label,,
1015,13152,@AmazonHelp Thanks. I wish the same degree of concern were shown about my complaint though.,,unlabelled,,
1016,1094268,"@AmazonHelp pls check, my order # 404-5726716-4364338 not received by myself but your tracking status showing delivered. HOW? Contact imdtly",PACKAGE_NOT_RECEIVED,weak_label,,
1017,1302794,"@AmazonHelp Give a deadline, don't always use 'as soon as'.Don't you any timelines at Amazon.@118702 gives cashback at time of billing,is professional",PAYMENT,weak_label,,
1018,347479,"Hi @115850 @AmazonHelp I still didn't receive my below order, request you to please look into it... 
Order no: 404-1723987-5697113 https://t.co/W0wQOBvjNr",PACKAGE_NOT_RECEIVED,weak_label,,
1019,10628,@AmazonHelp why not? Does Amazon not care about children?,,unlabelled,,
1020,17686,@AmazonHelp hey I started a Amazon prime trial..i was charged $1..wats that about ?,,unlabelled,,
1021,801670,@AmazonHelp Saying we have not received any order from you.,PACKAGE_NOT_RECEIVED,weak_label,,
1022,274750,@AmazonHelp I figured it out.  Old password saved in kindle app. New password on Amazon account.  Kindle app couldn't sync but said it was server issue.  Didn't prompt for correct password.  Uninstall and reinstalling app didnt fix. Had to de register device. Now works. Love my Kindle.,DEVICE,weak_label,,
1023,9137,@AmazonHelp Had a package scheduled for delivery today and it didn’t come I’m not happy,,unlabelled,,
1024,205942,"@158783 @AmazonHelp @115830 So support assured me it would *definitely* arrive today, but still hasn't shipped so that seems to be a lie to get me off the call, and to really take the p**s you won't even let me cancel it to take my business elsewhere! https://t.co/aXrnW1580o",ORDER_DISPATCH,weak_label,,
1025,5321,"@AmazonHelp For now, at least, until Prime Music starts shitting on its subscribers just like @116618.",,unlabelled,,
1026,17639,@AmazonHelp It is a doorstep pick up but I need to bear the charges for the courier while I am struggling to get a refund for the already paid order,REFUND,weak_label,,
1027,6963,"@AmazonHelp Thank you. Spoke with customer service who was very nice &amp; helpful &amp; put me straight through to a Competent logistics person who documented issue, researched my acct &amp; was going to contact delivery Svc directly to ensure procedures followed. Time will tell. Thank you.",,unlabelled,,
1028,272153,@AmazonHelp  @115850 could I pls get my order tracking I'd - 219135358898 delivered 2day - it would be of grt help #pleasehelpamazon https://t.co/0Mq85QNdm3,DELIVERY_TRACKING,weak_label,,
1029,1069965,@AmazonHelp Account blocked cause of wrong billing info. Got told to send a Fax with bank statement to unblock. A fax? I am back to the 90s?,PAYMENT,weak_label,,
1030,56840,@AmazonHelp we have been hearing that since 2 years. Almost 60k monthly is being chewed on wrong shipping updates! Still no actions. #HearUsAmazon,ORDER_DISPATCH,weak_label,,
1031,18712,@AmazonHelp How do I check if prime music is working on my echo device?,,unlabelled,,
1032,18925,@AmazonHelp Now which information left to give u???kindly read previous msg.,,unlabelled,,
1033,80823,"@133928 @AmazonHelp @115851 @120169 @115821 Hello, kindly check with the shipper, as the shipment was returned as per their request. Thanks",RETURN,weak_label,,
1034,18981,@AmazonHelp And secondly I would like to know if it was out of stock how I was able to place the order,,unlabelled,,
1035,16757,@AmazonHelp No one knows what to do to get my refund back to me! https://t.co/q71Ycboikm,REFUND,weak_label,,
1036,19130,@AmazonHelp Its very headache so please pick up from your hand. I dont pick up any charges for courier so please arrange from u.,,unlabelled,,
1037,973974,@AmazonHelp Delay delivery 4 days coz of address change n deliver at d original address after all these follow ups?really kudos 2your service.keep it up,DELIVERY_INSTRUCTIONS,weak_label,,
1038,673085,@AmazonHelp I've had a @248243 for about 3 months and I just can't get it to work. It's only on the pre-installed app on the shield that's the problem. It works fine on my phone but I installed that app from Amazon app store myself.,WEBSITE_OR_APP,weak_label,,
1039,12531,@AmazonHelp Please reply with necessary resolution...,,unlabelled,,
1040,69614,"@AmazonHelp The billing address was the issue, I have a weird address some sites don't register well which is normally fixed by adding or removing  the start of it. It just woulda been easier if I was told a few days ago instead of a last minute email.",PAYMENT,weak_label,,
1041,324379,@193275 @AmazonHelp The order was delivered finally after delay of 2 days and 4 complaints. 😳😳😳😳,DELIVERY_DELAY,weak_label,,
1042,18899,@AmazonHelp Yes.. we got after 1 week from estimated date and still waiting for installation,,unlabelled,,
1043,998123,"@AmazonHelp @356346 Sir

Please solve

My problem i am participant on 2015 amazon app quiz but not any time win i am requst you please solve my problem....",WEBSITE_OR_APP,weak_label,,
1044,1771710,@AmazonHelp Please could somebody get back to me - I can't reset my password and cannot sign in. I can't call the 0808 number from abroad to get help by phone. I'm stuck now and my girlfriend has left me for another man with a working Amazon Prime membership... ;-(,ACCOUNT,weak_label,,
1045,4788,So sad @AmazonHelp @115830 ruined his FIRST Halloween by failing to deliver his tiny costume 2 days running #whypayprime? #amazon #prime,,unlabelled,,
1046,9819,@AmazonHelp if thats the case because if I pay for overnight shipping/delivery i expect to get what I paid for.,,unlabelled,,
1047,103077,@AmazonHelp Amazon Prime delivery failure! I ordered a vacuum cleaner. It was promised for today by 8pm.  Waited all day!Confirmation emails &amp; tracking say out for delivery. At 5:30 I got this email. I’m not happy!😡 Pitiful service! https://t.co/v3NqC1DpcA,DELIVERY_TRACKING,weak_label,,
1048,227362,@AmazonHelp So cheaters....what happened....still not delivered...hence cancelled the order,ORDER_CANCELLATION,weak_label,,
1049,422947,"@AmazonHelp Yes you missed delivery day .your delivery executive reply ""Delay for customer request"" in track ment status whtr i am not received a call",DELIVERY_DELAY,weak_label,,
1050,16801,@AmazonHelp Is there a human working there or robots cant u see i have replied twice guyzzz pls call on 8424869098 #poorcustomerservice #fraud #complain,,unlabelled,,
1051,1722473,"@AmazonHelp My account was locked due to suspicious activity (it was me), made me reset my password now I can't log in to my account at all.",ACCOUNT,weak_label,,
1052,696660,"@AmazonHelp Hi there, when i clicked the link to proceed to the chat it redirected me to another page. Which says do not create any more accounts as they are trying to verify my billing information. Im not sure what to do here...?",PAYMENT,weak_label,,
1053,280360,"@AmazonHelp Hi, got the product delivered today, although your system showed delivery on 31st. Better late than never. Thanks for the effort @115821",DELIVERY_DELAY,weak_label,,
1054,206092,"@AmazonHelp So after confirming that order will reach by 10 nov.
You have cancelled my order today without informing me.
#amazoncheatingwithus",ORDER_CANCELLATION,weak_label,,
1055,9125,@AmazonHelp I'm UK based. Are the contact details the same?,,unlabelled,,
1056,17667,@AmazonHelp @115850 What should I do now then. Self return is not possible as I am working professional do not have time will u arrange some one to pick it,RETURN,weak_label,,
1057,1303742,@AmazonHelp I have an Audible account but I can't sign in because it suddenly doesn't recognize my email address. What can I do?,ACCOUNT,weak_label,,
1058,29540,@AmazonHelp The remaining items are still showing as delivered.  They have not been refunded or replaced,REFUND,weak_label,,
1059,67486,@AmazonHelp The only email I have received said that the money that was ‘pending’ would be taken out or would be cancelled when I received my order but it hasn’t so I still have almost £200 pending and don’t know if the payments are coming or going over a week after I got the first delivery,ORDER_CANCELLATION,weak_label,,
1060,18982,@AmazonHelp First of all a assured by calling about the delivery and both time they said it will be delivered and now it's canceled.,,unlabelled,,
1061,693,@AmazonHelp since when you stop giving 20% off videogame pre-orders (amazon prime members) im confused? why?,,unlabelled,,
1062,1443075,"@AmazonHelp i got my account locked (aka suspended) because some scammer bought $500+ with it and apparently now i'm left here to pay for it? i sent an email, got an automatic response so i sent another email just now",ACCOUNT,weak_label,,
1063,65887,@AmazonHelp Have already cancelled order mentioned since there was no meaning in delivered after valuable time. We live in a very much time respecting world and I wish this can be improved later by @115850 and delivery team. Unfortunately nobody called up for reason of order cancellation.,ORDER_CANCELLATION,weak_label,,
1064,37625,"Help @AmazonHelp! My Amazon Prime biz acct was hacked. Someone reset email address, and I can't sign in to report it.",ACCOUNT,weak_label,,
1065,16808,@AmazonHelp Do u hav brain the product is taking more then a week to reach me and i am #primememeber and can u read i need a #refund now i dnt #trust,REFUND,weak_label,,
1066,191613,@AmazonHelp Crap. What should I do ? Your telephonic team told me to cancel this order. Holding my money in amazon pay. They asked me to call bank.,ORDER_CANCELLATION,weak_label,,
1067,15707,@AmazonHelp have a query regarding cash back during 14-17 October sale. Email/DM ?,,unlabelled,,
1068,13909,@AmazonHelp So what have you decided my dear @115850 @115821 ?? By this time you should've known the entire issue.I'm expecting a response from you,,unlabelled,,
1069,16780,@AmazonHelp No..!!,,unlabelled,,
1070,160314,"@115851 @AmazonHelp @115850 #jeffbezos BE HONEST, EARN RESPECT...YOUR CUSTOMER CARE BEHAVED RUDELY SND FISCONNECTED MY CALL BECAUSE I REACHED TO THEM WITH MY COMPLSINT OF CHEATING FONE WITH ME BY SELLER. I HAVE WRITTEN YOU MANY TIMES EMAIL BUT NO RESPONSE OR ACTION!!!

ABSOLUTELY SHAMELESS BEHAVIOR!!!!",SELLER,weak_label,,
1071,16812,@AmazonHelp This says refund will be initiated once they receive the product https://t.co/Nn1IPwRNUR,REFUND,weak_label,,
1072,16431,@AmazonHelp Is this some kind of a joke where you keep giving new deadlines everyday?? Why promise guaranteed delivery if you can’t deliver??,,unlabelled,,
1073,101836,"@138306 @AmazonHelp Looks like this product is no more available on Amazon, so the seller mentioned about Snapdeal.",SELLER,weak_label,,
1074,84124,@AmazonHelp So there's twice I was promised I'd be refunded. I can keep going.,REFUND,weak_label,,
1075,67436,"@AmazonHelp I haven't. I've been told that I need to revise the payment method for two things I've ordered. When I go in to select my card, I just get ""We're sorry, but we encountered an error when processing your request. Please try again."" Now I'm stuck.",PAYMENT,weak_label,,
1076,15685,@AmazonHelp Yes i have received reference number,,unlabelled,,
1077,197755,"@AmazonHelp It’s not finding the order number because I cancelled it! This isn’t being much help, can you DM so I can give you the order number?",ORDER_CANCELLATION,weak_label,,
1078,277183,@AmazonHelp amazon app built into the hisense TV,WEBSITE_OR_APP,weak_label,,
1079,93682,"@AmazonHelp Yes, but this is becoming unacceptable. Every other order from you is late. Spoke to a rep and saw that one part of my order was available via @117795 but wouldn’t schedule the delivery for today.",DELIVERY_DELAY,weak_label,,
1080,321188,"@AmazonHelp I have requested several times to cancel, they have not been shipped.",ORDER_DISPATCH,weak_label,,
1081,128749,"@AmazonHelp ... that I could have my account suspended. I tried to fix this with customer service again, but they couldn't get to my account because it was suspended. I was told to wait 24 hours for them for a response, but I have been through too much to at this point and I can't help ...",ACCOUNT,weak_label,,
1082,64040,"@AmazonHelp Thank you for providing that information, it is very helpful. The problem is ""Free Delivery"" with Prime is less of a perk when the recourse is a refunded shipping fee.

I literally don't have a place to sleep because I expected to receive this mattress by the ""guaranteed"" date.",REFUND,weak_label,,
1083,183295,"@AmazonHelp really need update on this,no tracking details and also seller not contactng me https://t.co/idporpa7pz",SELLER,weak_label,,
1084,2962740,"@AmazonHelp sorry let me say that again in english, I cannot log in into my account even after reseting the password multiple times (i even got the captcha), please help I wanted to buy something to get the 1st",ACCOUNT,weak_label,,
1085,58159,"@AmazonHelp Everything went wrong in last 1 year.  Every genuine concern is ignored with a Blind Eye.  Seller Support, Escalation Support all failed.",SELLER,weak_label,,
1086,1374934,Dear @AmazonHelp did your delivery person really leave my package on top of my bushes instead of my doorstep!?????? https://t.co/FQsOIbUclt,DELIVERY_INSTRUCTIONS,weak_label,,
1087,65720,"@AmazonHelp Can I get a response please? Having checked the reviews for your app, it seems I’m not the only one with strange activity from it. Am I just supposed to suck up the cost of your app not working?",WEBSITE_OR_APP,weak_label,,
1088,17182,@AmazonHelp Yes thanks all good!,,unlabelled,,
1089,15686,"@AmazonHelp Order no - 403-7559101-5645129 
Return reference - 710398288491
Article name - puma shoes",RETURN,weak_label,,
1090,352819,@AmazonHelp Do you think your email solution templates are going to help? Deliver my order first. You are 4 days late. @115821 @115850  @AmazonHelp,DELIVERY_DELAY,weak_label,,
1091,387545,"@AmazonHelp If the package is ""in transit"" the link doesn't work. UPS tracking shows it delivered it almost a month ago, but it didn't show as received.",DELIVERY_TRACKING,weak_label,,
1092,17212,"@AmazonHelp No use of prime membership, return my money",RETURN,weak_label,,
1093,3729,@AmazonHelp i reset my password 3 times and it still says incorrect you gotta be shitting me,,unlabelled,,
1094,136221,"@AmazonHelp sold by a seller, fulfilled by amazon",SELLER,weak_label,,
1095,86022,@AmazonHelp I filled the details you asked me to thru the link and I still haven't heard back from Amazon on my refund. If I'm not issued a refund immediately+compensation on account of this distress you've caused I'll be forced to go to the court. #cheaters #SHOCKED,REFUND,weak_label,,
1096,1706573,@AmazonHelp Yes. They say wait till Friday. What is the point of prime in that case? And how can it be marked delivered of its not received?,PACKAGE_NOT_RECEIVED,weak_label,,
1097,132478,"@145886 @AmazonHelp Agreed. It’s a joke when it’s a random seller, when it’s sold by Amazon directly it’s just pathetic! (For random sellers it’s usually that the cheap courier they use doesn’t operate in NI)",SELLER,weak_label,,
1098,13137,"@AmazonHelp have already taken multiple surveys, and responded on email, twitter, chat and phone. order cancelled. No action from you guys!",ORDER_CANCELLATION,weak_label,,
1099,1308036,"@AmazonHelp I cannot log in, the error says ""password is incorrect"" even after resetting. This happened on Tuesday 10/24, I was able to call and unlock",ACCOUNT,weak_label,,
1100,3733,"@AmazonHelp um, my account was locked as soon as I tried to login on desktop. I still haven’t received an email on how to get it unlocked...",,unlabelled,,
1101,318633,"@AmazonHelp Yes, they are in the delivery instructions. Every other driver is fine, just this one.",DELIVERY_INSTRUCTIONS,weak_label,,
1102,18185,"@AmazonHelp I am not going to do anything more. If package not recd by nov 8,2017 then I will revert",,unlabelled,,
1103,9124,@AmazonHelp That just takes me to the log in page (I can't log in as I can see from my Audible acct that my log in has been changed to a yopmail acct),ACCOUNT,weak_label,,
1104,16477,"@AmazonHelp installed the alexa app,but it doesn't take my India address alexa weather gives me report of Seattle instead of Pune.",,unlabelled,,
1105,380707,@AmazonHelp The issue is that you guys delayed my delivery date twice because you guys tackle my card with so many chances instead of taking at once.,DELIVERY_DELAY,weak_label,,
1106,89246,"@AmazonHelp Not impressed with the poor standard of packaging on my order, see image, if this happens again I will cancel my Prime membership and never order from Amazon again https://t.co/XgNlxKogUL",ORDER_CANCELLATION,weak_label,,
1107,183699,"hi @amazonhelp, can you please help with order no 114-6790525-1580205! it was placed on 9/30 but hasn't shipped as of yet!",ORDER_DISPATCH,weak_label,,
1108,531615,"@AmazonHelp I did - status was delivered to safe place...which it wasn’t! Daisy from customer Service trying to track down the driver and get it redelivered, not holding my breath",DELIVERY_INSTRUCTIONS,weak_label,,
1109,182643,@AmazonHelp I did not get any mail now. I had 3 conversation on this with no solution. Order also cancelled yesterday but no update on tht,ORDER_CANCELLATION,weak_label,,
1110,274614,"@AmazonHelp its been 36 hours of ordering but still product has not even dispatched yet.

Any issue regarding product or courier service?",ORDER_DISPATCH,weak_label,,
1111,5327,@AmazonHelp But why has every item got  3+ days processing time when it's usually next day,,unlabelled,,
1112,280373,"@AmazonHelp guys package is not delivered, however, ATS tracking shows it's delivered. Tracking number is 203107873557 @115850 @115821",DELIVERY_TRACKING,weak_label,,
1113,219020,"@115821 @AmazonHelp Trying to sign up to become a seller again, but I'm stuck in a loop. https://t.co/LLSZW621lu",SELLER,weak_label,,
1114,19186,@AmazonHelp As far as The gloves made from HUMAN SKIN from THE HANNIBAL HOWES CLOTHING LINE. I'm sure they're selling fine. Who else but YOU &amp; HH would,,unlabelled,,
1115,65756,"@AmazonHelp It says due for delivery by 11pm tomorrow but not dispatched yet.

I’ve had to also order from elsewhere as I’m not confident from recent experience that Prime delivery time will be met.",ORDER_DISPATCH,weak_label,,
1116,1373226,@AmazonHelp @115821 soooo delivery instructions aren’t sent to outside delivery services? Cool. Yay for half a Halloween costume.,DELIVERY_INSTRUCTIONS,weak_label,,
1117,2604197,@AmazonHelp Sir no problem in echo dot but problem is only that ur servers of prime music which is available on echo devices is down. Also we can't create personalized Playlist on prime music.,DEVICE,weak_label,,
1118,86015,@AmazonHelp I've filled in the details on link. Wht i have faced is #ridiculous &amp; I seek a refund + compensation on account of stress caused by you. I've been a regular customer of Amazon and never did I think you guys wld fill in crap in my parcel box instead of actual product #cheaters,REFUND,weak_label,,
1119,240476,"@AmazonHelp Hey guys, just done another order. Has the first one been delayed/no date because I'm a Prime member and got a £2 discount? https://t.co/PP6W5dJdr8",DELIVERY_DELAY,weak_label,,
1120,502525,@AmazonHelp The Amazon app hasn’t been letting me log into my account for the past month or more. Desktop is fine. You have a solution in the works for this yet?,WEBSITE_OR_APP,weak_label,,
1121,180465,"When I pay for next day shipping, I expect my package to get here the next day! Being delayed two days is unacceptable. @AmazonHelp",DELIVERY_DELAY,weak_label,,
1122,65624,@AmazonHelp Why you mention that your complain having sloved .still the pick up not done nor my money return .stop cheating and harresing,RETURN,weak_label,,
1123,21475,@AmazonHelp My return date is near so please fast proccess.,RETURN,weak_label,,
1124,18134,"@AmazonHelp HEY, I have 30 packages that need to be refunded on nov 5th which is the estimated shipping time. fake tracking. never shipped.",REFUND,weak_label,,
1125,127437,@115850 ORDER # 406-2179065-2661962 was supposed to be delivered between 17-22nd Nov. Still waiting for delivery of my package and no reply from seller as well. @AmazonHelp,SELLER,weak_label,,
1126,1193970,"@AmazonHelp hi I keep getting this error when I try to choose payment method,it has happened all day today. ETA on when it will be resolved? https://t.co/dxxpXiwo5v",PAYMENT,weak_label,,
1127,248659,"@AmazonHelp I ordered an item on Prime Tuesday and it was due for delivery today, now I have an email advising a delay. Can you tell me why?",DELIVERY_DELAY,weak_label,,
1128,80621,"@AmazonHelp Please start with what I entered at https://t.co/vGP02JEJpy this morning, per your request last night. ""I've extended your extended"" was your response to that, without addressing whether or not I would be charged for not returning the items that I did not receive, etc.",RETURN,weak_label,,
1129,520669,"@AmazonHelp This isn’t helping, it says I️ have no orders, not even a history of my other past orders. However on the Amazon app, it shows my past orders correctly and the order I’m waiting for says “on the way”",WEBSITE_OR_APP,weak_label,,
1130,207532,"@AmazonHelp Unacceptable. I leave on Monday morning. Can you change delivery to a home address, or a locker at MIA airport?",DELIVERY_INSTRUCTIONS,weak_label,,
1131,69768,"@AmazonHelp Thanks, the order is from Amazon. I've checked my order online repeatedly, and ""Delay in delivery due to external factors"" is the reason given. It was meant to be here last Friday :-(",DELIVERY_DELAY,weak_label,,
1132,17246,@AmazonHelp Afternoon only I have replied. I have screenshot also. Till now I didn't received any update. After doing regular follow-up also no action,,unlabelled,,
1133,18421,@AmazonHelp そんな気もないのに、この様な形式のみの返信は無意味だと思いますが。,,unlabelled,,
1134,1171384,@AmazonHelp Except it’s already been dispatched because up until 7.45pm the Amazon app was telling me it was nearly at my house.,WEBSITE_OR_APP,weak_label,,
1135,326383,@AmazonHelp one more order delayed. Subscribe and save orders are also not reaching on time. PATHETIC,DELIVERY_DELAY,weak_label,,
1136,14854,@AmazonHelp that time u people asking tracking parcel details.,DELIVERY_TRACKING,weak_label,,
1137,11624,@AmazonHelp AMZL US,,unlabelled,,
1138,376288,@AmazonHelp Your app said shipped and out for delivery yet call to support said it never shipped &amp; was delayed. I canceled the order.,DELIVERY_DELAY,weak_label,,
1139,1045014,@AmazonHelp Hi I have not received my package but got an SMS that it is delivered can you check on this.? ORDER # 407-1059243-5547528,PACKAGE_NOT_RECEIVED,weak_label,,
1140,1125175,"@AmazonHelp @118919  I have not received my cashback for order no. 403-7428184-1258738 dated 20 November.
What r u wanted prove? 
I have already mentioned detail on my Facebook account 5 hour ago. No response....
Don't tease me.....",PACKAGE_NOT_RECEIVED,weak_label,,
1141,666918,"@AmazonHelp Yes, and identified it as such in delivery instructions. Every time I order.",DELIVERY_INSTRUCTIONS,weak_label,,
1142,918227,@AmazonHelp Are u in sync with ur Social Media Team? Coz I haven't receivd any reply after 21Oct. I also checked my Messages in Amazon app. https://t.co/GOATfmnUDo,WEBSITE_OR_APP,weak_label,,
1143,6957,@AmazonHelp Please call me,,unlabelled,,
1144,206204,"@AmazonHelp I've not received an email, nor has my bank flagged anything. It's been rectified so dispatch today as planned should still stand!",ORDER_DISPATCH,weak_label,,
1145,24559,How about a ‘where IS my package?’ button @AmazonHelp? £40 lost. 😡 https://t.co/SS9iH4oZFI,DELIVERY_TRACKING,weak_label,,
1146,74684,@AmazonHelp The item is being returned undelivered by the courier,RETURN,weak_label,,
1147,22542,Hi I returned my order and I followed the proper procedure but got back an empty dabba from post office. @115850 @AmazonHelp PFA photos https://t.co/DmP0UrEttf,RETURN,weak_label,,
1148,2543,"@AmazonHelp Just now, don't use Amazon much so didn't know the process if you don't receive an item",,unlabelled,,
1149,95380,"@136738 @AmazonHelp Here. Product: https://t.co/S2VWGHyNCq Seller: https://t.co/hUvTfZtG74

Thanks",SELLER,weak_label,,
1150,17922,@AmazonHelp Where consumers are suffering. Not allow such sellers to sell their products on Amazon then. Amazon name damages. Because we as consumers,,unlabelled,,
1151,45541,"@AmazonHelp As always, I’ve done exactly that. All they do is tell me I have to return the package or pay to have it dropped off elsewhere.",RETURN,weak_label,,
1152,111871,What the fuck @AmazonHelp @115850  I pre ordered the reputation album and it's still not dispatched it was expected by 24 Nov,ORDER_DISPATCH,weak_label,,
1153,137759,"@AmazonHelp Waited in all day for it, poor service, cancelled the order now. Aiming isn’t good enough, do what you say Prime does or stop with the false claims about next day delivery! An email at 4:30pm on the day it’s meant to be delivered not good enough, was the same last 2 times too!",ORDER_CANCELLATION,weak_label,,
1154,335233,@AmazonHelp I ordered something on prime and it was meant to come today and it hasn't even been dispatched.,ORDER_DISPATCH,weak_label,,
1155,73498,"@AmazonHelp Already dispatched, so not possible. It’s how I saw it’s coming from the US.",ORDER_DISPATCH,weak_label,,
1156,17653,@AmazonHelp Now I have suffer in self returning product and also not sure that courier charges will be given by Amazon or not. Please arrange person to,RETURN,weak_label,,
1157,1100474,"@AmazonHelp hi, I’ve made 3 orders and I’ve been told to update my payment method, which I have. But still haven’t had any confirmation. Can you help",PAYMENT,weak_label,,
1158,1466027,@AmazonHelp I never received a package that is displayed as delivered. Hoping to learn what happened and get it sorted out. Can you help?,PACKAGE_NOT_RECEIVED,weak_label,,
1159,230182,@AmazonHelp I just submitted the problem but if I do not hear anything by 1700 I am going to have to cancel my order and buy elsewhere sadly.Thank you.,ORDER_CANCELLATION,weak_label,,
1160,40421,@AmazonHelp Otherwise i cant return this damage product,RETURN,weak_label,,
1161,4947,@AmazonHelp Solo dice “en reparto” pero no tiene un número de contacto con el repartidor que es de Amazon Services 😩,,unlabelled,,
1162,103111,"@AmazonHelp Dear Amazon Help, want to return my newly adquired noctua NH14S because of the wrong description I couldn't use it at all, it did have a little scratch but it doesn't matter. One thing, how in hell do I have to paste and introduce d different codes? XD Thank you!",RETURN,weak_label,,
1163,248671,@AmazonHelp @115821 when are you going to ship my order to me please don’t make me cancel it 🙂 order 112-1151988-6640213,ORDER_CANCELLATION,weak_label,,
1164,637242,@AmazonHelp Your customize and add to cart page for Kindle Paperwhite is not working. https://t.co/Q7Bl2A66FA,DEVICE,weak_label,,
1165,96711,"@AmazonHelp But I don't want a refund, I want a replacement. Is that not possible? I don't see that option. The TV doesn't seem to be available right now, and even if it was it wouldn't be the same price.",REFUND,weak_label,,
1166,76030,"Order No: 171-3705259-1179509

I have received stone in my delivery box instead of the product which I ordered and amazon specialist team said go to hell after committing me the refund today. @115850 @115851 @AmazonHelp https://t.co/KFdsbH6nAg",REFUND,weak_label,,
1167,63888,"@AmazonHelp I just got an email saying delayed. 
The new 'order status' screen is worse than useless.",DELIVERY_DELAY,weak_label,,
1168,1310276,"@AmazonHelp hi, ORDER # 206-8462951-2509108, can i change the delivery address to the amazon locker closest to me?",DELIVERY_INSTRUCTIONS,weak_label,,
1169,332401,@AmazonHelp The number we called was off the amazon website!,WEBSITE_OR_APP,weak_label,,
1170,1002898,"@AmazonHelp Able to place order, but then a few hours later I'm advised to 'Update My Payment Method'. My card is valid and has funds on it! Why?",PAYMENT,weak_label,,
1171,1574304,"@121284 @AmazonHelp Alexa has problem in finding artists whose name has a Dr. in it for music.

Any idea why? Ex Dr. Rajkumar 😬",DEVICE,weak_label,,
1172,147265,@115830 @AmazonHelp if I change the delivery address 3 miles down the road. Why is one day delivery a day different? https://t.co/szuq7a7hf6,DELIVERY_INSTRUCTIONS,weak_label,,
1173,930197,@AmazonHelp New delivery instruction given last night and was guaranteed a delivery by end of today but of course that would be too easy. Followed up and called customer service today and was told that the delivery person will only deliver it tomorrow. #thumbsdown,DELIVERY_INSTRUCTIONS,weak_label,,
1174,11064,"@AmazonHelp it was doing this a few days ago and a factory reset dixednit, for two days. A hard reboot did not resolve.",,unlabelled,,
1175,13892,"@AmazonHelp @115851 @115821 If iball declines my request, I cannot threaten @79087 into providing one.",,unlabelled,,
1176,95375,@AmazonHelp I ordered 2 @136738 64GB SD cards and got 2 generic lens caps. I just found out most feedbacks to the seller are similar to my issue. https://t.co/dfYFzCfLXY,SELLER,weak_label,,
1177,89283,"@AmazonHelp 5 days have passed and still nothing happend, no giftcard refund, no access, no confirmation the order is terminated, in fact no communication AT ALL, so something is going wrong somewhere! Had to create a new account to get in touch - not a great customer experience.....",REFUND,weak_label,,
1178,139011,"@AmazonHelp My book still hasn't been dispatched- today is the last delivery date I was provided, now order is saying: 'Delivery estimate: We need a little more time to provide you with a good estimate. We'll notify you via e-mail as soon as we have an estimated delivery date.' Total joke!",ORDER_DISPATCH,weak_label,,
1179,5778,@AmazonHelp Pago para tener el Prime con vosotros para que me tarden en llegar 10 dias? Reembolsadme la compra y lo compro en cualquier otro sitio,,unlabelled,,
1180,122054,@AmazonHelp This is very misleading the price is the same as it always is ! Is this an official amazon black friday deal ? or is the seller just pretending that it is on a black friday deal as I thought a product has to be discounted for it to be on a black friday promotion??,SELLER,weak_label,,
1181,5779,"@AmazonHelp https://t.co/ohEeuAt7A6 estais de coña no?el reembolso lo quiero ya, era para un regalo para hoy y tenia que llegar ayer.",,unlabelled,,
1182,11607,"@AmazonHelp Once again the answer is ""We'll send again and your Prime membership means nothing and so does 2-day shipping."" This happens TOO OFTEN.",ORDER_DISPATCH,weak_label,,
1183,664,"@AmazonHelp delivery I paid for today,didn’t arrive.why not?i paid enough for it.where is it??I’m unhappy.refund the delivery charge",,unlabelled,,
1184,313989,@AmazonHelp I'm trying 2 order ebooks via my kindle &amp;it's not working.keeps saying it's taking longer to download &amp;cancels. internet is fine,DEVICE,weak_label,,
1185,11063,@AmazonHelp when its removed the system says it's inserted but unrecognized. When it's inserted the tablet behaves as though there's no card,,unlabelled,,
1186,52941,"@AmazonHelp ...then i got a message saying its delivery time is now by the end of November. And now when I checked the order, you say I returned it!",RETURN,weak_label,,
1187,1498549,"@AmazonHelp STILL no package, thanks a lot @AmazonHelp 😡 can't even change delivery address so I'll have to wait until work on Monday 😦",DELIVERY_INSTRUCTIONS,weak_label,,
1188,91381,@AmazonHelp My brother ordered me earphones from his mobile. I got them. They are not working now. And i cant return them as i didnt ordered them. My brother is out of town for some important work and wont be return for a week. I need earphones as i am going to tour with my friends,RETURN,weak_label,,
1189,207585,"@AmazonHelp If it hasn't shipped yet why can't I cancel. They can say when it will ship or anything, so wasted time on phone wasted fuel going to pick",ORDER_DISPATCH,weak_label,,
1190,96846,@AmazonHelp Still have heard nothing from you. Cancel the order. What a fucking joke.,ORDER_CANCELLATION,weak_label,,
1191,236638,Delayed Delivery even though when the product was to arrive yesterday #amazonstrikesback #Amazon @AmazonHelp @115850,DELIVERY_DELAY,weak_label,,
1192,264460,@AmazonHelp @179020 And a useless response too. They did this to me so I cancelled the order and went elsewhere instead. @115830 amazoreally lack in customer care nowadays.,ORDER_CANCELLATION,weak_label,,
1193,16448,@AmazonHelp こんにちは。先日Amazonギフト券チャージのやり方を教えていただいた者です。チャージが終了しアカウントに登録されたのですが、買い物でお支払い方法のコード入力とはどこに書かれてあるのですか？「次に進む」が表示されず買い物できません。どうすれば良いですか？,,unlabelled,,
1194,64210,"@AmazonHelp No they said they can’t speak to them only send an email, I have wrote on the delivery instructions to call me but haven’t heard anything, your courier has lied about delivering the item and lied that they attempted delivery yesterday. Can I contact him/her directly?",DELIVERY_INSTRUCTIONS,weak_label,,
1195,141988,"@AmazonHelp Hi. I did my first order, but now I can't log in to my account.  Errror - ""There was a problem Your password is incorrect"" But my pswd is correct",ACCOUNT,weak_label,,
1196,1285558,@AmazonHelp I was surprised I got it early this morning. However in my emails it says I was charged one price on the amazon app it has different price? https://t.co/8eGVuGfkby,WEBSITE_OR_APP,weak_label,,
1197,107290,"Hi Jeff,
I have purchased the wrong mobile set from amazon. Now, i want to return my mobile (order no 404-9391432-5602714). But amazon support team is saying that, they can't return. This mobile set is not useful for me. Please help me @115851 @115821 @AmazonHelp",RETURN,weak_label,,
1198,38120,"My product Return was cancelled without any information.  @AmazonHelp @115850 
why??",RETURN,weak_label,,
1199,5281,@AmazonHelp I got a refund but I wanna check to see if it's actually lost,REFUND,weak_label,,
1200,71892,"@AmazonHelp @115821 @116313 @115830 @115850  Its not any resolution. I have provided you a proper proof you give me details how your team investigated. They did nothing, and making me to pay for their mistakes. Your teams are careless then why i need to pay the loss. Give me my refund.",REFUND,weak_label,,
1201,43706,"@AmazonHelp Hi Amazon, do you have an e-mail address I could send an e-mail to regarding a return?",RETURN,weak_label,,
1202,133707,@AmazonHelp That link brought me to the same page as before. It won't let me contact the seller (as stated in the second picture) Am I just out the money if the seller disappears?,SELLER,weak_label,,
1203,65687,"@AmazonHelp The CDs could not be exchanged so I had to reorder. Alas, some were add-on CDs that could not be ordered by themselves so I had to increase the cart value to $25 by buying more. Which I did. Two CDs arrived okay, another one broken. Returned that again to get in brkn.",RETURN,weak_label,,
1204,13172,"@AmazonHelp Not your fault. It's the stupid @118706 (great that u responded, notice they didn't). They're always giving me my neighbor's mail too. Thanks",,unlabelled,,
1205,9817,Please explain this @AmazonHelp https://t.co/VJ4d1ii4PH,,unlabelled,,
1206,52921,@AmazonHelp I have purchase an product on 19 aug 2017 and  it s been 2 month but there is refund and amazon serive  is worst,REFUND,weak_label,,
1207,16805,@AmazonHelp Amazon its a complete fraud now u are saying u will ship till 7th please for god sake #help #cancelorder #refund #fraud #poorcustomerservice https://t.co/riuEM7g6om,REFUND,weak_label,,
1208,1345831,@AmazonHelp They had to manually send a password reset email and once I received it I was able to reset it then log in without issue. No idea why my original password stopped working though.,ACCOUNT,weak_label,,
1209,1041820,"@AmazonHelp Just checked my bank and seen I was charged twice for skyrim both transactions are £37.53
What happend?",PAYMENT,weak_label,,
1210,16760,@AmazonHelp No card on file after 30 days. Refund send back to merchant. That's you.,REFUND,weak_label,,
1211,78709,"@AmazonHelp The screen shots are available, Return received by the vendor on 21st Nov, 2017, https://t.co/INhX1YXjjK",RETURN,weak_label,,
1212,5121,@AmazonHelp It's now a police matter. You could check the police report.,,unlabelled,,
1213,9786,@AmazonHelp Haven’t received that email,,unlabelled,,
1214,130274,"@AmazonHelp Just received the call from post office and he is not ready to deliver. Thanks anyways, the problem was not from your end. In future I will convey the message to the seller not to use @120543 for delivery",SELLER,weak_label,,
1215,11567,@AmazonHelp Creo ke no voy a seguir pagando amazon premium pork en cuanto a las devoluciones deja mucho k desear,,unlabelled,,
1216,420655,"@AmazonHelp Still not received my order, disappointed",PACKAGE_NOT_RECEIVED,weak_label,,
1217,25847,@AmazonHelp Amazon Cust Cre is not able to resolve my problem related to refund. Checkout details of my a/c.(Reg Mob No: 9867111188),REFUND,weak_label,,
1218,35854,@AmazonHelp I called and cancelled the order.   I have wasted too much time on the phone and there is no reason why you would make the delivery tomorrow,ORDER_CANCELLATION,weak_label,,
1219,334887,"@AmazonHelp Hi, i got a txt saying i have a parcel being delivered with tracking info from DPD, however i didnt order anything, any help?",DELIVERY_TRACKING,weak_label,,
1220,2555,@AmazonHelp I allowed it well past 8 PM. I was never notified about any other delays,,unlabelled,,
1221,277211,@AmazonHelp I can't log in to that link. It says my password is incorrect. Should I try resetting the password again?,ACCOUNT,weak_label,,
1222,3736,@AmazonHelp Kann ich dann wenigstens mein Amazon-Konto aufladen um zu bezahlen. Ich habe keine Kreditkarte und möchte auch keine,,unlabelled,,
1223,98613,Hey @amazonHelp I'm  looking at Element 43-Inch 4K Ultra HD Smart LED TV and it says out of stock we don't know when or if this item will be back any word on time frame for its return?,RETURN,weak_label,,
1224,1112607,"@AmazonHelp just found out you’ve been billing me £7.99 for 11 months on a kindle sub, never signed up. So angry, I want my money back",PAYMENT,weak_label,,
1225,234828,@AmazonHelp I tried emailing and on the phone it’s on 1 account they don’t know why I’ve been charged twice but now I’m just without prime😡😡😢😢,PAYMENT,weak_label,,
1226,1387094,"@AmazonHelp I'm now being told a problem occurred and my order is being ""held by the carrier"" and to contact amazon.  
I was told yesterday they would arrive today so I had to change delivery address because my home address isn't suitable.",DELIVERY_INSTRUCTIONS,weak_label,,
1227,101820,@amazonhelp I'm returning at item. It's small - will fit through a post box. Do I have to take it to the post office for proof of postage?,RETURN,weak_label,,
1228,307205,@AmazonHelp I was given options to track my order (no info available) so I emailed customer service.,DELIVERY_TRACKING,weak_label,,
1229,73456,"@AmazonHelp I just want to return this, pls raise my concern. Not able to do this from my end. Dont expect anything from my end. If this not done then i will make sure will not buy anymore from @115850",RETURN,weak_label,,
1230,17196,"@AmazonHelp I dont need to contact u now, it is as mistake take that i paid for Prime.",,unlabelled,,
1231,1265091,"@AmazonHelp Copied &amp; Paste
Arriving today by 1pm 
Request cancellation  Provide delivery instructions
It's on the way
Ordered
25 Oct
Dispatched
25 Oct
Arriving today by 1pm
Always have problems never ever get a delivery on time or even right day",DELIVERY_INSTRUCTIONS,weak_label,,
1232,365198,@AmazonHelp my package has been out for delivery since 8am but have a delayed delivery definitely need it for tomorrow smh,DELIVERY_DELAY,weak_label,,
1233,1873876,@AmazonHelp That takes me to a screen asking me to log in! I can't log in because you have disabled my account!,ACCOUNT,weak_label,,
1234,15444,@AmazonHelp You have and it’s been pushed (again) to Friday or possibly Saturday or god forbid Monday. Was told it would be diverted by 8pm tonight.,,unlabelled,,
1235,13888,@AmazonHelp I have visited multiple times. why would a sc change uts policy to meet ur unreasonable demands? this issue is ongoing since 1.5 months.,,unlabelled,,
1236,12505,@AmazonHelp How do I disable notifications indicated by the bell icon in upper left corner of iOS Kindle app?,,unlabelled,,
1237,486700,"@AmazonHelp Ordered it last Tuesday, admittedly on standard post but an email was saying an issue with payment which I tried to fix and just wanted to know if it was dispatched and didn’t want to be charged twice.",PAYMENT,weak_label,,
1238,456570,"@AmazonHelp It was for today but my UPS store closed 10 minutes ago and didn't receive the order. To be clear, Thursday as a promised date is already late. If I'm ordering on Monday, it should arrive Wednesday the latest.",PACKAGE_NOT_RECEIVED,weak_label,,
1239,156815,"@AmazonHelp @115830 Can you tell me when this will be delivered. It is order 205-8296977-8261157 shipment 2, tracking ID Q36002316913",DELIVERY_TRACKING,weak_label,,
1240,91511,"@AmazonHelp @119351 @18220 Worst Shopping Experience ever. No refund , no token of Apology or Goodwill gesture against failed delivery of my order. Worst Shopping Experience ever I have faced. Will never Recommend Amazon to anyone for Shopping (Really). Feeling Deceived, Dunced by Amazon. https://t.co/LD2zY4hIR0",REFUND,weak_label,,
1241,5777,"@AmazonHelp Estoy al tlf con ellos, me lo reembolsan ahora mismo. Espero que ASM reciba algun tipo de sanción porque esto es una vergüenza.",,unlabelled,,
1242,74846,@115821 @115850 @AmazonHelp How a delivery person cancel an order? Please rethink your shipment policy. Very disappointed today.,ORDER_CANCELLATION,weak_label,,
1243,19112,@AmazonHelp This contest commences from today.There was a similar contest whose last date was 31st oct 2017.,,unlabelled,,
1244,123378,@AmazonHelp am i able to return a product which is faulty which i only discovered by using it?,RETURN,weak_label,,
1245,11605,"@AmazonHelp Carrier: AMZL US, Tracking #: TBA516106123000",,unlabelled,,
1246,233106,"order no - 
406-6363688-1564331
is not dispatched yet,pls look into the matter ! @AmazonHelp @115850",ORDER_DISPATCH,weak_label,,
1247,38134,@AmazonHelp I'll just cancel my order and go out and get it tomorrow. I'm not waiting a week for something I ordered over 6 months ago.,ORDER_CANCELLATION,weak_label,,
1248,2591,@AmazonHelp No on the card. It works only half the time. Yes on USPS. They say my delivery person won’t deliver anything over 30 lbs. just sends it back,,unlabelled,,
1249,19461,@AmazonHelp I did it already~,,unlabelled,,
1250,98581,"@AmazonHelp A person call me for pick up product for return, he reached home but due to non availability of box he told with to check with company...but he neither revert not come back.... Wat is happening?",RETURN,weak_label,,
1251,29512,"This is very sad to say that being a happy cust. this time had worst experience on returns. Yet not able to return.
@115850 @AmazonHelp",RETURN,weak_label,,
1252,3744,@AmazonHelp infórmese... no voy a perder más mi tiempo...,,unlabelled,,
1253,13880,@AmazonHelp yeah and i will get it after i murder service center owner. I would rather throw this product in dumpster and let wll india know abt u cheat,,unlabelled,,
1254,345281,"@AmazonHelp placed a prime order on October 5th, all of the tracking said “arriving today by 8pm” and suddenly it switched to tomorrow. Why?",DELIVERY_TRACKING,weak_label,,
1255,325453,@AmazonHelp who do I need to talk to about refunding Saturday shipping? I'm not paying 30 bucks extra if it won't be here till Monday,ORDER_DISPATCH,weak_label,,
1256,1505427,"@AmazonHelp Nope delivered at lunchtime despite being an evening delivery, left outside without me leaving instructions saying so https://t.co/RW0wPIODxu",DELIVERY_INSTRUCTIONS,weak_label,,
1257,6961,@AmazonHelp I tried that and ended up On page to provide package feedback too difficult and I did not have the time to search for your customer service number so if you follow me we can direct Message one another and I can give you my cell phone,,unlabelled,,
1258,654,@AmazonHelp Already started the return. UPS gets it from my doorstep tomorrow. Order 111-5014070-4118645,RETURN,weak_label,,
1259,341588,@AmazonHelp I was not able to get a mail from your side on my registered mail id but I have replied via Amazon website message.,WEBSITE_OR_APP,weak_label,,
1260,1672904,"@AmazonHelp I suggest you replace my Firestick and Echo Dot... 1st Echo wouldn't connect &amp; I did the trouble shoot, now the Firestick won't work either",DEVICE,weak_label,,
1261,2308314,"@AmazonHelp Thanks, I think it’s an app related issue, book reads okay on Kindle Paperwhite. Never come across issue before",DEVICE,weak_label,,
1262,10633,@AmazonHelp I have an order that was supposed to be here on the 25th which has not arrived yet.,,unlabelled,,
1263,78750,@AmazonHelp So I need to wait for the late item that I no longer need and return it? I needed to send it as a gift out of country n missed the cut off,RETURN,weak_label,,
1264,142118,"@AmazonHelp My query is irrelevant with price matching feature. 
I'm making u understand about price fluctuation on AMAZON website occurred to me",WEBSITE_OR_APP,weak_label,,
1265,240485,@AmazonHelp Hey Amazon. I ordered Dragon's Dogma PS4 a few days ago. It's out today. You have stock. Why's my order not dispatched?,ORDER_DISPATCH,weak_label,,
1266,2589,@AmazonHelp I’m not talking to customer service again. THATS part of the problem. I want someone in America @ corporate who can make decisions.,,unlabelled,,
1267,1439484,@AmazonHelp 1 November and I still actually have not received my order,PACKAGE_NOT_RECEIVED,weak_label,,
1268,608102,"@AmazonHelp Hello I ordered yesterday and I paid for it but I need to change the billing address, how can I do it?",PAYMENT,weak_label,,
1269,648481,@AmazonHelp how can someone in your supply chain change my delivery location? Security issue?,DELIVERY_INSTRUCTIONS,weak_label,,
1270,18932,@AmazonHelp You people are compelled me to remove amazon app.sorry but your service is disastrous &amp; suggest people not to use amazon.,WEBSITE_OR_APP,weak_label,,
1271,11059,@AmazonHelp Should have been today before 8,,unlabelled,,
1272,5149,@AmazonHelp Trying to get a friend's playlist on my Amazon music app but it keeps giving me the following message https://t.co/o6zINm6HBC,,unlabelled,,
1273,215027,I'm going to need @115821 to break up with @118706. I have yet to get a package on time from them and tracking is always wrong. @AmazonHelp,DELIVERY_TRACKING,weak_label,,
1274,16115,@AmazonHelp Ur customer care didnt provide me a correct answer,,unlabelled,,
1275,291384,@AmazonHelp Thank you. I was trying to buy through Amazon app. It worked through safari 👌,WEBSITE_OR_APP,weak_label,,
1276,585690,@AmazonHelp Amazon. Today. The Amazon app told me that they failed to make the delivery but no one rang the bell or knocked on the door and I've been here all day listening carefully.,WEBSITE_OR_APP,weak_label,,
1277,102955,"Please stop purchasing mobile from amazon. Now days, they are not returning the mobile. They are giving only replace option. I have purchased the wrong mobile. Now they are not returning @115821 @AmazonHelp",RETURN,weak_label,,
1278,267329,@AmazonHelp amazon I ordered a package on September 14th and paid extra for shipping to get by the 18th. I still don't have the package!,ORDER_DISPATCH,weak_label,,
1279,16770,@AmazonHelp Ten dollars doesn't cover the cost of getting these items resent from Amazon. I said I needed more than that given this happens every time.,,unlabelled,,
1280,1344538,"@AmazonHelp Hello, my spouse bought something last month from your store but we keep getting messages of billing till today. Kindly assist",PAYMENT,weak_label,,
1281,422951,"@AmazonHelp why exactly has my order been delayed by up to 7 days?? i pre-ordered it for a reason, i wanted it on release day ...",DELIVERY_DELAY,weak_label,,
1282,64050,@AmazonHelp I am cancelling the order and will not be accepting delivery.  I have already submitted the form on https://t.co/8lsCC88NSG and left a note for UPS to return to sender.,RETURN,weak_label,,
1283,182893,"@AmazonHelp It did not help, still i cannot log in, i tried different browsers and devices",ACCOUNT,weak_label,,
1284,871113,"@AmazonHelp 1. Placed order on 2 items 
2. Nothing arrived when Amazon app+email said so (deliverer lied by saying it'd been done)
3. 1 art canceled....",WEBSITE_OR_APP,weak_label,,
1285,164826,@AmazonHelp how do I change the delivery address for a redelivery please - as the delivery failed today at work.,DELIVERY_INSTRUCTIONS,weak_label,,
1286,83494,"@AmazonHelp Exactly that's what I am saying it's not refund, the money is still in accounts of Amazon and you just offer alternate purchase not refund. 
Fooling people with refund term. 
One make a purchase, copied local product comes and i dont get my money back in account. Not satisfied",REFUND,weak_label,,
1287,18164,"@AmazonHelp @115850 Please update me asap, if you are going to help or not?
I'm really fed up now and need solution asap. Give me my account access else refund",REFUND,weak_label,,
1288,1276148,"@AmazonHelp my firestick was working fine on my tv and now it won't. Works great on other tvs, but not mine. This keeps happening https://t.co/p04xUOrBFh",DEVICE,weak_label,,
1289,83483,@AmazonHelp hi I have been tracking my parcel and it says delivered at 11:30pm last night but I definitely did not get a delivery. Help,DELIVERY_TRACKING,weak_label,,
1290,18181,"@AmazonHelp Yes, that email is asking for my bank details not sure why but I responded back to them. Still its on hold

Please help",,unlabelled,,
1291,59579,@AmazonHelp What do I do about the delivery being late,DELIVERY_DELAY,weak_label,,
1292,17892,"@AmazonHelp It was expected 10/30-10/31 so yes, it has passed.",,unlabelled,,
1293,5290,@AmazonHelp चोट्टे,,unlabelled,,
1294,377758,@115850 @AmazonHelp can I change d delivery address of the order placed,DELIVERY_INSTRUCTIONS,weak_label,,
1295,222676,"Hey @AmazonHelp since you're attempting delivery outside of biz hours, could you please allow me to update my delivery address to save you all additional trouble? Thanks! 📦 https://t.co/2zMcoOG1oF",DELIVERY_INSTRUCTIONS,weak_label,,
1296,11585,@AmazonHelp Still not got any answer,,unlabelled,,
1297,1661967,@AmazonHelp They appear to have been delivered to my ‘safe place’ so I will find out later what’s there. Experience over the past week has been... https://t.co/OI3IpLjzAd,DELIVERY_INSTRUCTIONS,weak_label,,
1298,17656,@AmazonHelp @115850 I have bought a product and now it's size is not matching I want to return it and also requested return process.,RETURN,weak_label,,
1299,348665,@AmazonHelp WHERE IS MY PAID PRODUCT FOR ORDER NO #406-3971997-7415546 CT -09101222439 LAST WAS 6 SEPT NO DETAILS IN MY  ACC NO TRACKING DETAILS,DELIVERY_TRACKING,weak_label,,
1300,306942,"@AmazonHelp so my order says it's supposed to ship today but I still haven't gotten a notification, any idea when it should let me know?",ORDER_DISPATCH,weak_label,,
1301,63884,"@AmazonHelp 'Wait' - and if I don't see any progress in a few days then to source from elsewhere. That is great because obviously under Subscribe and Save I will not be able to cancel the order anyway!

It 'might' get to me tomorrow, which is the date it has been due all month. https://t.co/36m8QJxx1Z",ORDER_CANCELLATION,weak_label,,
1302,810232,@AmazonHelp hey my account has been breached but I can't contact Amazon because I can't log in. Do you have a regular email?,ACCOUNT,weak_label,,
1303,158663,"@AmazonHelp It's not from my account , I also know how to track own order. I only have the tracking number. Please help if you can .",DELIVERY_TRACKING,weak_label,,
1304,357386,@AmazonHelp I can stream 4k on Netflix with no hiccups. Switch to Amazon app everything shuts down. This isn't a one off issue. Lots of people have..,WEBSITE_OR_APP,weak_label,,
1305,1692615,@AmazonHelp For a simple manual password reset by your password team?,ACCOUNT,weak_label,,
1306,2033009,"@AmazonHelp Hello there, I can't sign in. I was trying to buy a laptop, however my credit card was denied and after trying to pay by buying gift cards I got some kind of block, I guess. Any info that you need for me to verify that I am legit, jusk ask.",ACCOUNT,weak_label,,
1307,17199,@AmazonHelp I will not contact ur supoort team.,,unlabelled,,
1308,874543,"@AmazonHelp That my safe place was specified in delivery instructions, sorry and there's nothing they could do. Twice in one week it's happened.",DELIVERY_INSTRUCTIONS,weak_label,,
1309,371857,"@AmazonHelp Amazon Transportation Serv.
Tracking #
115106845865
Follow the delivery person from last week.very bad exp. I don't recommend Amazon",DELIVERY_TRACKING,weak_label,,
1310,1648519,"@AmazonHelp I have delivery instructions on there, however due to recent break ins my brother locked the shed when he went out... (1)",DELIVERY_INSTRUCTIONS,weak_label,,
1311,15268,.@115850 @AmazonHelp thanks for no replies whatsoever on my complaint.an you please tell me what more should I do? @119351 @1015,,unlabelled,,
1312,163536,"@AmazonHelp @115830 They stopped my first order because of ""unauthorized activity"" on my account. They then delayed my second order and claimed it would arrive today. Then the package weirdly stopped in Liverpool before being ""damaged in Transit"" conveniently after the price was hiked up £300.",DELIVERY_DELAY,weak_label,,
1313,215910,@AmazonHelp I never received my receipt with one of my orders but I got the receipts for two orders of other Amazon customers. Would you like me to message you the Order # so you can let them know?,PACKAGE_NOT_RECEIVED,weak_label,,
1314,58121,@AmazonHelp A claim and escalated. Then the same bs email about how more info is needed and the seller hasn’t received the item. Horrible customer serv.,SELLER,weak_label,,
1315,247426,@AmazonHelp Hi. The amount is being charged again from last two months. Bank people need communication from amazon that you are not receiving amount,PAYMENT,weak_label,,
1316,18157,"@AmazonHelp USPS is the carrier. They are usually here 10 am-12 pm, so I don't know what's going on.",,unlabelled,,
1317,497373,"@AmazonHelp My Amazon account was hacked this morning. The hackers changed the password and then the email address associated with the account, so I can't log in or access the email support form. I can't call your support line until later. What can be done about this now?",ACCOUNT,weak_label,,
1318,166423,"@AmazonHelp tried to buy an MP3 &amp; the following error comes up: ""We were unable to process your purchase with your current payment information. Please enter a valid payment method and an address which are both local."" - my payment method &amp; address are valid. Help?",PAYMENT,weak_label,,
1319,128726,"@AmazonHelp The tracker now says Nov. 22-23. ""Package has left seller facility and is in transit to carrier"", last updated yesterday morning. It's only about an hour away from me 😭",SELLER,weak_label,,
1320,275135,"@AmazonHelp This is what you say '
We’re sorry your parcel is late. If it hasn’t arrived by Thursday, 12 Oct' !!!!!!",DELIVERY_DELAY,weak_label,,
1321,28420,@AmazonHelp . @115821 still no answer. It's been days. I believe one of the items should have shipped already. Not even a hint of progress has been made,ORDER_DISPATCH,weak_label,,
1322,616,"@AmazonHelp 3 different people have given 3 different answers and I still don't have my order. Says delivered Saturday, was not, I was home all day",,unlabelled,,
1323,1243766,"@AmazonHelp Actually I contacted someone on the Amazon Website about it, and I have the problem sorted out, thanks for you help anways :)",WEBSITE_OR_APP,weak_label,,
1324,67529,"@AmazonHelp It states ""we're sorry your package is late &amp; we don't have a new delivery date from Royal Mail. Please come back Wednesday 6th December If you still don't have it &amp; we'll help""  not much help when it's needed tomorrow &amp; I ordered if 8 days ago",DELIVERY_DELAY,weak_label,,
1325,1127974,@AmazonHelp I paid for next day delivery on Sunday didn't receive my parcel which is a gift but I got this message pardon???????? https://t.co/t8peVsB57r,PACKAGE_NOT_RECEIVED,weak_label,,
1326,80639,@AmazonHelp how clever. One of your delivery people just left my package on the doorstep without even knocking. Tracking says it was 'handed' to me! Postmen told me it was there!,DELIVERY_TRACKING,weak_label,,
1327,218972,@AmazonHelp Just that you have no ship date and asking if I still want the item. This is the second time in a couple months for two different books.,ORDER_DISPATCH,weak_label,,
1328,16768,@AmazonHelp And I got hung up on. Thanks. Called again was put in hold and told I would receive a call back. That was two days ago.,,unlabelled,,
1329,259935,"@AmazonHelp At this point, I'm tempted to cancel order and just go to a brick &amp; mortar retailer to ensure I have the items I need today.",ORDER_CANCELLATION,weak_label,,
1330,290431,"@AmazonHelp I didn't sign on delivery I never received. How can your status show that the package was directly handed to me and I signed it, goddamnit??",PACKAGE_NOT_RECEIVED,weak_label,,
1331,775352,"@AmazonHelp Added new payment method (corporate card). System makes new card default 1click, no warning. Bought personal items with 1click on corp card.",PAYMENT,weak_label,,
1332,199637,@AmazonHelp It's been delivered now I have been charged twice &amp; have two of the items! I was told one was being cancelled all together &amp; it hasn't been,PAYMENT,weak_label,,
1333,1222990,@AmazonHelp I pre ordered akira 35th anniversary box set on the 25th of April the order was also confirmed by email and have not received my order,PACKAGE_NOT_RECEIVED,weak_label,,
1334,323697,@AmazonHelp I did not receive my parcel and I received msgs saying my parcel is being delivered. Where are the parcels going? #amazon @115821 @115850,PACKAGE_NOT_RECEIVED,weak_label,,
1335,8532,@AmazonHelp The last update was on 22nd Oct saying it’s out for delivery.....you can’t tell me it take a over two weeks to deliver https://t.co/iB2HaSBOqk,,unlabelled,,
1336,5142,@AmazonHelp 親切にどうもありがとうございます(;_;)(;_;),,unlabelled,,
1337,16826,"@AmazonHelp Ordered last Friday, still not here.",,unlabelled,,
1338,8531,@AmazonHelp Okay....what information do you need to be able to help then???,,unlabelled,,
1339,1100533,"@AmazonHelp 1) Anyone that thinks a RUBBISH bin in front of a home is an acceptable place to leave a delivery needs a P45
2) I have specific delivery instructions re: neighbours if I am out
3) My neighbours were home!!
4) My bin is empty!
#unacceptable #idiotic #veryunhappycustomer! 😠 https://t.co/xDVOwhD93g",DELIVERY_INSTRUCTIONS,weak_label,,
1340,841304,"@AmazonHelp Danke. Amazon App sagt, ich soll mich morgen melden. Wundere mich nur, wie es möglich ist, bei Versand per ""Deutsche Post Brief"" (1/2)",WEBSITE_OR_APP,weak_label,,
1341,5315,@AmazonHelp Someone keeps trying to buy playstation cards on my account.  Having a hard time getting customer service,,unlabelled,,
1342,13131,"@AmazonHelp so far, I only keep getting hollow assurances that I will not face this issue again. Don't need assurances, need the product i ordered!",,unlabelled,,
1343,96699,@AmazonHelp If I changed the delivery address now will it still be delivered today or tomorrow?,DELIVERY_INSTRUCTIONS,weak_label,,
1344,14296,@AmazonHelp How do I speak with a manager who actually can answer questions about Amazon (AMZL US) logistics not from a call center script?,,unlabelled,,
1345,15674,"@AmazonHelp It was Amazon Logistics.  But the device never made it to them and ""guaranteed Oct 31"" slipped to ""expected Nov 1-2"".",,unlabelled,,
1346,385947,"@AmazonHelp I did not get an e-mail or any other notification telling me that my order had updated in any way, shipped or delayed.",DELIVERY_DELAY,weak_label,,
1347,850102,@AmazonHelp Now it says I can't log in?,ACCOUNT,weak_label,,
1348,77607,"@AmazonHelp Ask your executive Mr.Pathan, How can I return the item while its not delivered. He will suffer me again at that time if delivery of new order.

Even, You totally failed on your Promise and now taking 2x time.

Really.... 3rd Class Resolution

@115851 @115850 @76401 https://t.co/hse5oNm6gO",RETURN,weak_label,,
1349,179697,@AmazonHelp @115850 @AmazonHelp Once again order is delayed .. even after charging extra gor same day delivey !!,DELIVERY_DELAY,weak_label,,
1350,1248959,"@AmazonHelp Called customer support about an order. 1st rep told me my billing address was wrong &amp; hung up on me. 2nd call same thing happened, but on",PAYMENT,weak_label,,
1351,5158,@AmazonHelp Will you follow me on twitter,,unlabelled,,
1352,230668,"@AmazonHelp Thanks for the reply. But the shipping was free, or do returns not work that way? Thanks",ORDER_DISPATCH,weak_label,,
1353,9131,@AmazonHelp I appreciate the quick reply!!!,,unlabelled,,
1354,46539,@AmazonHelp I wish the store wouldn't have lost the actual return and that it was processed correctly. Especially considering it was a registry gift,RETURN,weak_label,,
1355,16771,"@AmazonHelp The prime driver Tues who only delivered 2 of 3 bags. Called, was told I'd get a refund on the items not delivered (wow) and $10 credit.",REFUND,weak_label,,
1356,43733,Ugh @115821 this is my third prime order in 2 weeks that will be delivered late. What’s the deal? #nothappy @AmazonHelp,DELIVERY_DELAY,weak_label,,
1357,2468613,"@AmazonHelp Account suspended due to suspected hack.
Keep being told it will be resolved in 48hrs.
Never is.",ACCOUNT,weak_label,,
1358,14014,"@AmazonHelp Who's security?  UR asking 4 MY personal details.  Surely U have company phone #s that aren't ""personal.""  This is absurd. I'm TRYING 2 work w/U people. Y do U make it so hard?  May I be referred to a mgr who isn't afraid 2 speak w/an intelligent, reasonable woman 2 work out sols",,unlabelled,,
1359,1320601,@AmazonHelp It is a pre-order; your guarantee gave me a price of £34.99. When I tried to change payment method your advisor cancelled. New price £44.99,PAYMENT,weak_label,,
1360,310558,@185739 @AmazonHelp Off late amazon delivery has gone down. Agent's number switched off &amp; these false deliveries ate happening top often in Mumbai.,DELIVERY_DELAY,weak_label,,
1361,65833,@AmazonHelp Hi PJ. I ordered a laptop from a 3rd party seller. They sent the right kind of laptop but it's lacking features that was in the description: suppose to be a 2 n 1 laptop meaning it's suppose have a touchscreen and fold into a tablet. The laptop they sent (cont),SELLER,weak_label,,
1362,16855,@AmazonHelp One word for Amazon... Pathetic...,,unlabelled,,
1363,242928,@AmazonHelp Cancelled my order.,ORDER_CANCELLATION,weak_label,,
1364,141025,"@120169 @133929 @115821 @AmazonHelp delivery of this package thru @120169 tracking id-1763435682 has been turned into a joke,according2 @115821 package has gone back 2Amman frm Kolkata&amp;stuck in natural disaster while @120169 says stuck in Customs in India,simply unbelievable! https://t.co/MycKVdBLno",DELIVERY_TRACKING,weak_label,,
1365,1039179,@AmazonHelp my order status is delivered but i did not receive my package. I checked my mailbox its not in there. What do i do,PACKAGE_NOT_RECEIVED,weak_label,,
1366,1209143,"@AmazonHelp Thanks,not Prime but your ""worldwide Video"" I live in Thailand &amp; pay via my UK bank. I was referred to site in Japan but can't log in!",ACCOUNT,weak_label,,
1367,1355397,"@AmazonHelp your payment method really jk;asdfjkjkjkljklsdfnmdfmn,gdsnfgmdsgnsdjklgnkljdfgkldfjgsdfkl",PAYMENT,weak_label,,
1368,18727,@AmazonHelp Each one says it’s arriving “Today” by 8pm. Will attach screen grabs. https://t.co/65zKz422wf,,unlabelled,,
1369,419874,"@AmazonHelp Was 28 Sept, then updated to today. BUT from the tracking info I doubt it will be here... Should I DM the tracking or order number?",DELIVERY_TRACKING,weak_label,,
1370,4837,"@AmazonHelp アカウント凍結して不正アクセスを調べてもらうことになりました。
ありがとうございました。",,unlabelled,,
1371,2580,the @amazonhelp queue is clueless on Amazon Household,,unlabelled,,
1372,16767,@AmazonHelp I think this is pretty crappy!,,unlabelled,,
1373,145826,"@AmazonHelp Ok, i will wait , you know your system better than me , but not sure if it is not dispatched yet , how it will reach between 30th Nov-5th Dec . https://t.co/o43gdBc10s",ORDER_DISPATCH,weak_label,,
1374,33224,@AmazonHelp my father bought a book via marketplace that never arrived. He requested a refund on 30 September but has heard nothing.,REFUND,weak_label,,
1375,75894,@AmazonHelp my order is late and courier service says they can't locate my home that too without contacting me. Courier guys does not pick up my call but my earlier orders reached at same location on time. Dont understand the problem now. pl. Look into it.,DELIVERY_DELAY,weak_label,,
1376,32317,@AmazonHelp ok i will change the address to somewhere your pick is available but by 12 nov. also it is not feasible for me to self-return as,RETURN,weak_label,,
1377,320846,@AmazonHelp Ordered on 10/5 not shipped yet choose (free 2 day shipping) w my $99 prime! Won’t be here till tues. not math teacher but that’s 4 days!,ORDER_DISPATCH,weak_label,,
1378,90204,@AmazonHelp I was sent a label to return a faulty order. I was told to take the parcel to any post office. However the post office are unable to accept it as the label states it’s to be returned to a “pass my parcel” unit.,RETURN,weak_label,,
1379,27874,@AmazonHelp I have shared all details. Please do refund my money.,REFUND,weak_label,,
1380,280972,@AmazonHelp My amazon prime (NEXT DAY DELIVERY) package is 3 days late. 4 calls wth a call centre abroad and still no package. I need it now,DELIVERY_DELAY,weak_label,,
1381,678638,@115851 Would love to read this on my #kindle but unfortunately @AmazonHelp are incompetent so I can't sign in to my account.  1 month and counting,ACCOUNT,weak_label,,
1382,13154,@AmazonHelp May i just add that realising NO ACTION HAS BEEN TAKEN on my complaint is not much fun. Worst customer care EVER ! https://t.co/bHOHPNnZFA,,unlabelled,,
1383,18718,@AmazonHelp I contacted customer support by chat&amp;was told to wait for 72 hrs while investigating.:/ This has happened to others for over a week though,,unlabelled,,
1384,1466020,@AmazonHelp echo Dot not working with my fire TV in India #epicfail,DEVICE,weak_label,,
1385,93614,"@AmazonHelp started a chat. what UPS does is not necessarily Amazon's fault, but its frustrating to be told a guaranteed delivery date and then have items continually delayed",DELIVERY_DELAY,weak_label,,
1386,976689,@AmazonHelp Same day delivery. Simple delivery instructions provided. Not followed. Repeated calls w/ no solution beyond “We’ll leave this feedback.”,DELIVERY_INSTRUCTIONS,weak_label,,
1387,2590,@AmazonHelp So I see that Amazon Twitter is staffed by the same people as customer service. Each answer here spoken by s different person (or bot),,unlabelled,,
1388,1474823,@AmazonHelp why won’t it let me click provide delivery instructions,DELIVERY_INSTRUCTIONS,weak_label,,
1389,69843,@AmazonHelp I'm hvng issues with my recently bought 100% original Motorola turbo power charger 2.8 amp delivered on 4th of Nov. It's been less than a month and I'm not getting any solution either from custmr support or the seller. Order id 4__credit_card__ amazon id. Ankursingh,SELLER,weak_label,,
1390,56829,@AmazonHelp why not help . us here? Your seller support is kind of dumb robots and not expecting any help or resolution from them! So better ans here.,SELLER,weak_label,,
1391,947294,@AmazonHelp A Samsung TV. The whole app crashes. Screen black. No message,WEBSITE_OR_APP,weak_label,,
1392,16762,@AmazonHelp Did I get a call? No. Being a Prime member means paying someone to treat you like shit. Twice!,,unlabelled,,
1393,232447,@AmazonHelp Yes!!! I don't understand what happened!! How can I get my money back/cancel the order?? I can order it again &amp; have it here next week...,ORDER_CANCELLATION,weak_label,,
1394,224648,@AmazonHelp can you tell me why I've had 2 emails saying a gift voucher delivery has been delayed?? Birthday present now 2 days late. 👎,DELIVERY_DELAY,weak_label,,
1395,22574,That's @AmazonHelp return experience summed up in 2 images. The pick up person has been rescheduling and cancelling on his own. @115850 https://t.co/fM0w6AUv1t,RETURN,weak_label,,
1396,317588,"@AmazonHelp That what you said yesterday when we spoke over the phone, and you re arranged delivery for today.  Today got message again delayed!",DELIVERY_DELAY,weak_label,,
1397,1225712,"@AmazonHelp Why while purchasing in amazon website, it doesn't proceed without saving card details?",WEBSITE_OR_APP,weak_label,,
1398,17682,"@AmazonHelp Oh you are so considerate, then why can't you treat the orders you take with same consideration, #Awful customer service",,unlabelled,,
1399,2930644,@AmazonHelp how is someone that has had account hacked and had their email changed supposed to get help from amazon if you have to sign in to amazon account? Doesn’t make any sense.,ACCOUNT,weak_label,,
1400,28931,@AmazonHelp Now plz reach me soon and call me refund my money,REFUND,weak_label,,
1401,652,@AmazonHelp Is it possible to prevent AMZL from delivering my packages moving forward? Stuff is either lost/stolen/broken EVERY time.,,unlabelled,,
1402,242931,"@AmazonHelp gonna be late. Haha you believed us”. 

Your delivery system is broken in Sacramento. 

Offering people a “free month of prime” is idiotic.",DELIVERY_DELAY,weak_label,,
1403,105155,"@AmazonHelp We tried to deliver your parcel but couldn’t leave it unattended. I have been told delivery to businesses ie schools are before half five, not after six! How many hours in a van does it take to deliver an item???? #fustrated",DELIVERY_INSTRUCTIONS,weak_label,,
1404,4855,"@AmazonHelp no luck on receiving the code by text or call, will I loose my account, yesterday a phone representative tried to help already https://t.co/Yn5SUBQonU",,unlabelled,,
1405,1731610,@AmazonHelp Still no luck - password reset emails not being received to registered email address.checked inbox &amp; spam. Email message sent - pls check,ACCOUNT,weak_label,,
1406,27355,@AmazonHelp I believe one item was shipped by Amazon and I know one was by the seller,SELLER,weak_label,,
1407,77576,@115850 your delivery boy is out for delivery since 10 AM still didn't receive my order. What to do?? @AmazonHelp,PACKAGE_NOT_RECEIVED,weak_label,,
1408,1605142,@AmazonHelp setting up a new echo dot and it won't accept my Canadian address and postal code for location.,DEVICE,weak_label,,
1409,1141875,"@115821 @AmazonHelp I have 2 packages that said ""delivered and handed to a resident"" but I never received the package",PACKAGE_NOT_RECEIVED,weak_label,,
1410,210493,@AmazonHelp I am seller on amazon.please send me seller link,SELLER,weak_label,,
1411,357363,@AmazonHelp I can forward the email response. No explanation was given for the billing error. I was told to contact my bank. I filled out a survey,PAYMENT,weak_label,,
1412,179255,@AmazonHelp @115850 can somebody call me and update me on why the JBL charge 3 speaker is not yet shipped it was expected to be delivered tomorrow…,ORDER_DISPATCH,weak_label,,
1413,91393,@AmazonHelp How can you find my order of i didnt ordered it!! My brother ordered it for me and i received a defective one. And you are not listening at all. Provide me a refund!! This is going to be my last tweet if you are not going to solve @115850,REFUND,weak_label,,
1414,170980,"@AmazonHelp I placed an order this morning, funds left bank account, since then I have been prompted to re enter payment method numerous times when I check status, I have spoken to customer services who said they had solved issue... they haven’t!",PAYMENT,weak_label,,
1415,19442,@AmazonHelp Ok thank u,,unlabelled,,
1416,12540,"@AmazonHelp Message from Rahul from Social Media team.
Upon checking your order I see that issue is being handled by Executive Customer Relations team.",,unlabelled,,
1417,93670,"@AmazonHelp Had a conference call with your customer service rep and UPS. Amazon is creating shipping labels too late. So I ordered a package on Nov 28, Amz said it would be delivered the 30th, but Amz isn’t creating a label until 5:30pm on the 29th so UPS thinks it should be delivered 12/1",DELIVERY_DELAY,weak_label,,
1418,4833,@AmazonHelp Thanks!  It was only a little awkward.... XD,,unlabelled,,
1419,1732,@AmazonHelp @116089 is this real? They’re offering preorder bonuses but don’t actually give them out?,,unlabelled,,
1420,12527,"@AmazonHelp I have replied to it many and still have not received any response, sending you a legal notification for closing this fraud business",,unlabelled,,
1421,2488971,"@AmazonHelp not receiving password reset email, but I get the email from customer support confirming my problem! Argh!",ACCOUNT,weak_label,,
1422,288009,@AmazonHelp Got the delivery late evening today. Thanks,DELIVERY_DELAY,weak_label,,
1423,2135663,@AmazonHelp Didn't received my package today,PACKAGE_NOT_RECEIVED,weak_label,,
1424,105227,"@AmazonHelp I'm afraid too, because as referred earlier I won't be here .... For a month, would be returning to Ranchi around in January",RETURN,weak_label,,
1425,17248,@AmazonHelp Till now also I don't received any update from your end,,unlabelled,,
1426,180697,"@AmazonHelp I did leave package feedback yesterday afternoon, no response. Shouldn't amazon reach out &amp;offer to replace? Not seller's fault",SELLER,weak_label,,
1427,160407,@AmazonHelp not a great start as a Prime customer when your first delivery gets delayed a couple of days. If it doesn’t arrive tomorrow can I cancel as it is for a birthday on Sunday. Happy 60th Dad!! 🤦🏻‍♀️,DELIVERY_DELAY,weak_label,,
1428,179708,@AmazonHelp Guys what's wrong..again my order delayed @115850 https://t.co/ukMEmqhY05,DELIVERY_DELAY,weak_label,,
1429,982261,"@AmazonHelp That requires a log in. I am locked out. I cannot log in. I have rung, emailed and faxed. Getting nowhere.  Can U escalate to Acct Servs?",ACCOUNT,weak_label,,
1430,4863,@AmazonHelp They said it was UPS. UPS says they never received the package to deliver ¯\_(ツ)_/¯,PACKAGE_NOT_RECEIVED,weak_label,,
1431,1464174,"@AmazonHelp Okay but you never did answer my question, from where do I activate the free prime membership with echo. I never received any instruction in the package or email.",PACKAGE_NOT_RECEIVED,weak_label,,
1432,842114,"@AmazonHelp I'm using apple IOS 11 in that Amazon app is nt rotating (🔄) orientation , i have checked with apple no issue frm they side 🙏",WEBSITE_OR_APP,weak_label,,
1433,1167732,@AmazonHelp trying to place an order with amazon app. Not working. When I click “Buy Now” it flicks back to “Order Summary”. Any ideas?,WEBSITE_OR_APP,weak_label,,
1434,2581,"@AmazonHelp I've been in the prime queue, kindle queue, the echo queue, and now on hold again.",,unlabelled,,
1435,848124,@AmazonHelp Can't use the link you've given as I can't sign in. Called again and both accounts have now been locked. I was relying on having an order delivered tomorrow,ACCOUNT,weak_label,,
1436,13900,@AmazonHelp is there a way to know if the Amazon gift cards I send are being used?,,unlabelled,,
1437,18971,@AmazonHelp @115833 What is 2nd Generation? I have Amazon Echo from US ? Not the Echo Dot.,,unlabelled,,
1438,173480,@AmazonHelp I can't sign on to my account. When I ask for a password reset no email comes with a code. Help!!,ACCOUNT,weak_label,,
1439,384501,@AmazonHelp I’m referring to the Amazon app. My amazon account is with chase bank and that is where I have to make payment.,WEBSITE_OR_APP,weak_label,,
1440,191942,WTF! @AmazonHelp @115851 @115830  I've been waiting for this order for years! Using the same payment method - I have always used! WTF!,PAYMENT,weak_label,,
1441,328730,"@AmazonHelp My shipping address is not the same as mailing. Ordered item that was sent via USPS. I called today to try to correct. After an hour, item was reordered, assured next day delivery. Notified replacement also shipped USPS. Supervisor can not fix. I’m out $50 and item.",ORDER_DISPATCH,weak_label,,
1442,360254,"@AmazonHelp Hi, had an order that was supposed to have been delivered on 15th Sept, tracking says delivery was refused with no explanation.",DELIVERY_TRACKING,weak_label,,
1443,69778,@AmazonHelp but i purchased it in time and have an order number! It's not my fault you cancelled the order 😭 How can you not price match it when I have a receipt?,ORDER_CANCELLATION,weak_label,,
1444,73505,"@AmazonHelp Hi, after leaving me on D phone on hold 4 over 20 minutes, she dropped the my call &amp; never bothered to return to let me know but insisted my delivery will come by 9pm last night even though I repeated “nobody delivers round here at that time”!! Really upset about her attitude",RETURN,weak_label,,
1445,13573,@AmazonHelp here is the email. Conflicting answers from others in similar situations online. https://t.co/9zbCqLzokH,,unlabelled,,
1446,327572,"@AmazonHelp If u do, then do share the action imposed as well. Order number already shared previously- track that.",DELIVERY_TRACKING,weak_label,,
1447,180003,"@AmazonHelp delivery date is 4 oct but after 29 sept there is no update on tracking order, your customer care said that maybe you package lost.",DELIVERY_TRACKING,weak_label,,
1448,36577,"@AmazonHelp Still not picked.. no refund generated..

No call received

@115850",REFUND,weak_label,,
1449,1394539,@AmazonHelp I m already replied &amp; i m not received order yet. @115850 @AmazonHelp,PACKAGE_NOT_RECEIVED,weak_label,,
1450,16756,@AmazonHelp You know it's some fucked up shit when you gotta conference call @116827 and @AmazonHelp,,unlabelled,,
1451,9790,@AmazonHelp I already chatted with help and am still not convinced i'll get the right item because clearly the warehouse workers can't read.,,unlabelled,,
1452,5784,"@AmazonHelp ご丁寧にありがとうございます！
逆に面白かったので全く問題ないです！ありがとうございます！",,unlabelled,,
1453,1337233,"@AmazonHelp Thanks, i called the number. But i unfortunately cant access here on my amazon app. Pls make it more simple @115830",WEBSITE_OR_APP,weak_label,,
1454,222769,@AmazonHelp For the same seller,SELLER,weak_label,,
1455,57467,"@AmazonHelp This'll be the second return in as many days, what guarantee have I got that I'm going to get an undamaged record...3rd time lucky?!",RETURN,weak_label,,
1456,579829,@AmazonHelp Im instructing your delivery guys to leave my parcels in a safe place behind our house and they are taking to neighbours on the street. I’m 8 months preganant and fetching Parcels from neighbours is not easy!! What can I do to make them read the delivery instruction?,DELIVERY_INSTRUCTIONS,weak_label,,
1457,619074,"@AmazonHelp I'm back in my account, no email. But waiting on processing this new gift card attempt. Frustrating that 2 layer security isn't enough for you guys. And to have my account locked multiple times is kinda crazy for a Prime User, Alexa Owner, Washington Post Subscriber.",ACCOUNT,weak_label,,
1458,5151,@AmazonHelp いつもお世話になってます(´ω`),,unlabelled,,
1459,18418,@AmazonHelp 連絡しましたよ。仕様だそうで。どういうつもりか存じませんが、かなり問題のある仕様だと思いますが。,,unlabelled,,
1460,89215,@AmazonHelp @AmazonHelp Meanwhile my account is blocked and it stays blocked until I have send some creditcard statement which I refuse to do so and I want to cancel the order and get the amount from my giftcard back - Just that simple!,ORDER_CANCELLATION,weak_label,,
1461,293251,"@AmazonHelp Did i ask to provide any information about my account, u guys are useless... On ur amazon website the said product is reflecting..",WEBSITE_OR_APP,weak_label,,
1462,31306,"@AmazonHelp Hi DC. Looks like the return is to an Amazon Fulfillment Services in Saint Anne, IL. You are welcome to DM me if that is easier.",RETURN,weak_label,,
1463,6960,@AmazonHelp Or you can provide me with a direct dial number and I’ll call it now,,unlabelled,,
1464,205191,"@115821 @11088 @AmazonHelp thanks, still hasn't shipped. Delivery says today, tomorrow or Friday so we shall see.",ORDER_DISPATCH,weak_label,,
1465,17240,@AmazonHelp I unable to add money to my Amazon wallet. I called customer service but no action since one month,,unlabelled,,
1466,2572,@AmazonHelp i mailed amazonuk so many time. but i havent got any progress.customer care just saying thats in the billing section.no i havent got refund,,unlabelled,,
1467,379842,@AmazonHelp Amazon.in Order # 408-2191982-7424366 order not received but updated twice as delivered directly to customer.?,PACKAGE_NOT_RECEIVED,weak_label,,
1468,11030,"@AmazonHelp They did not. The wrinkle is, I board a plane for the U.K. In the am and these items were part of the attire for the wedding im in.",,unlabelled,,
1469,246480,@AmazonHelp Aha! I think a fee came out by surprise and left 2 little for order. I changed payment method. Will the order just retry automagically?,PAYMENT,weak_label,,
1470,63811,"@115821 @AmazonHelp Thankyou very much sir, for ur concern about my problem. As you mailed me for my account details i linked it with my account. Please have a look and talk to ur investigation and bank team to make my refund process fast.",REFUND,weak_label,,
1471,1881617,@AmazonHelp My mother is still awaiting a Password Reset email which an agent said they'd send yesterday.  She can't access her account.,ACCOUNT,weak_label,,
1472,333987,@195586 @115850 @AmazonHelp We didn't even received d order n u update d status as delivered !!! Where is d product. Is this ur #Prime service ??,DELIVERY_TRACKING,weak_label,,
1473,467512,"@AmazonHelp I guess you people are not interested in resolving issue, I'm deleting my Amazon app now bcz it's too much now. (1/3) @115850",WEBSITE_OR_APP,weak_label,,
1474,236244,"@AmazonHelp https://t.co/66klcpKcGH it was supposed to be shipped yesterday but it still says ""shipping soon"" anyway thank you for your reply",ORDER_DISPATCH,weak_label,,
1475,475126,@AmazonHelp Yes but i have now recieved 2 dispatch emails for 2 items that were cancelled as i weny a re ordered them thinking they had cancelled it all iff now.am being charged twice and no one is helping ne,PAYMENT,weak_label,,
1476,17256,@AmazonHelp wht explanation would you like 2 gv now as mor order got cancelled n products r returned back after waiting 4 mor thn two weeks?,,unlabelled,,
1477,11580,@AmazonHelp Still not got any mail please solve my problem right now.,,unlabelled,,
1478,137086,"@AmazonHelp I am not telling you to transfer to bank account.

I am telling to you transfer order amount to original payment method
If have paid from card then give to card.

I have not used my order amount in Amazon.",PAYMENT,weak_label,,
1479,13159,@AmazonHelp I am now cancelling this order because your delivery service just sucks despite prime membership. Switching to @118702 for future.,,unlabelled,,
1480,344860,"@AmazonHelp yes, it was an email reward for downloading the amazon app. not for a specific item but it just has to be sold by https://t.co/3WRD8GTzAN",WEBSITE_OR_APP,weak_label,,
1481,246974,"@AmazonHelp Your email was very vague, it said ""please allow an additional day or two for delivery"" but order tracking says ""today by 9pm""",DELIVERY_TRACKING,weak_label,,
1482,1633201,@AmazonHelp I’ve had 5 conversations with echo tech support. None of it has fixed my issue. I’ve narrowed it down to the device.,DEVICE,weak_label,,
1483,1339621,@AmazonHelp customer care tells me payment is through and successful but the order shows payment failed. they tell me that it will reflect soon.,PAYMENT,weak_label,,
1484,5122,@AmazonHelp You could ask the other Amazon Delivery driver who was there (and then slinked away when I called the police). I didn't get his name. You should require IDs,,unlabelled,,
1485,57456,@AmazonHelp read what i wrote. amazon india is listing pantry products under prime. and pantry does not have free prime shipping.,ORDER_DISPATCH,weak_label,,
1486,118831,"@AmazonHelp Im a prime member,had problem returning item last week this was resolved.item should’ve been del yesterday but now being told by 27th.",RETURN,weak_label,,
1487,256664,@AmazonHelp For morw info please go through below link.Your Amazon order will be delivered by Blue Dart on 27-SEP-17.Track on https://t.co/1jpnoGb22u,DELIVERY_TRACKING,weak_label,,
1488,18919,@AmazonHelp  https://t.co/9QpAMYZbaJ,,unlabelled,,
1489,315022,@AmazonHelp I have not received my order and the app days it's deliver. This is the second time I am facing this issue.,PACKAGE_NOT_RECEIVED,weak_label,,
1490,11982,"@AmazonHelp what the hell is going on?! Today's last day to deliver and still not shipped!!
Should I pledge that I won't ever order from u?!",ORDER_DISPATCH,weak_label,,
1491,18960,@AmazonHelp I want a proper resolution here...,,unlabelled,,
1492,86188,@AmazonHelp That's the problem. No one can get through to InteCom Courier. Edmonton office's voicemail is full and no one is returning calls from there.,RETURN,weak_label,,
1493,149159,@AmazonHelp Still waiting for the password reset maybe by #cybermonday https://t.co/4hX6ZAHHZi,ACCOUNT,weak_label,,
1494,8515,"@AmazonHelp Hecho el procedimiento, lo que me interesa y exijo es que sea devuelto mi dinero puesto que jamás he adquirido algún articulo por este medio",,unlabelled,,
1495,18954,"@AmazonHelp No resolution is provided yet.
Contact number: 9140560819",,unlabelled,,
1496,420240,@AmazonHelp Payment method?!?! What the hell is going on Amazon?,PAYMENT,weak_label,,
1497,47880,@AmazonHelp Tried that. Just asks me to contact seller first. That's why I came to twitter. But different people keep responding so I'm getting nowhere.,SELLER,weak_label,,
1498,385364,@AmazonHelp what is the point in having delivery instructions if your drivers ignores them?,DELIVERY_INSTRUCTIONS,weak_label,,
1499,1016758,"@AmazonHelp delivery instructions are 'leave in brown delivery box', book left propped against dustbins in plain view. And it's not 1st time",DELIVERY_INSTRUCTIONS,weak_label,,
1500,17925,@AmazonHelp @115850 at my address. Will pay then return charges. But also want to tell u this is not right that we pay self return courier cost then what's,RETURN,weak_label,,
1501,180480,"@AmazonHelp 

Still havent recieved my parcel. Could you track where abouts this is please. The tracking number is A10040684583",DELIVERY_TRACKING,weak_label,,
1502,103088,"ORDER NOT DELIVERED WORST EXPERIENCE WITH AMAZON!!!@
booked remi y1 on 22nov from wednesday sale,order  not delivered nd got cancelled aftr 10 days of shippment. mr amazon i want my phone. worst service, i ever recieved. once in weekend sale.
@115821  @AmazonHelp  @138673 https://t.co/8fKcpFvzcx",ORDER_CANCELLATION,weak_label,,
1503,2137901,@AmazonHelp my account says my same day delivery order was delivered yesterday but  I never received my package.,PACKAGE_NOT_RECEIVED,weak_label,,
1504,233096,@115821 @AmazonHelp No reason given. Just says sorry your package is late. Showed shipped.. then nada. Now they says Oct 6th. Paid for same day...,DELIVERY_DELAY,weak_label,,
1505,793942,"@AmazonHelp Sir 
nowhere on website it was mentioned that it was Diwali sale
Amazon website was showing ""Dhanteras Special""
No ""Diwali Special"" banner",WEBSITE_OR_APP,weak_label,,
1506,18149,"@AmazonHelp Called USPS for delivery info. Estimated hold time for the next representative is FIFTY MINUTES. As YOUR customer, I shouldn't be doing this",,unlabelled,,
1507,919453,"@AmazonHelp Yes, they came back saying we r nt responsible even if u wud hv died in the blast because of false information on amazon website @115851",WEBSITE_OR_APP,weak_label,,
1508,272899,"@AmazonHelp Estimated date for dispatch was 6 October.
And today is 7 October.
One part of my package will be delivered today and one is not dispatched.",ORDER_DISPATCH,weak_label,,
1509,12538,@AmazonHelp I have replied dozen of times first check then reply. So silly,,unlabelled,,
1510,18410,@AmazonHelp Hahaha. Reported multiple times...even spoke to ur so called customer service.. no help...,,unlabelled,,
1511,272895,"@AmazonHelp why there is delay in dispatch?
One package is shipped other still waiting.
Kindly dispatch asap https://t.co/mwM8mI5ohN",ORDER_DISPATCH,weak_label,,
1512,180516,"@AmazonHelp Can't find any from an ""Amazon"" besides my password reset requests. Didn't receive a 'enquiry received' auto response if I should have too.",ACCOUNT,weak_label,,
1513,641,@AmazonHelp Nothing there helped me with the Echo Show,,unlabelled,,
1514,24521,@121286 @AmazonHelp Yeah. They refunded the charge this time too as I was unaware of the change ☺️,REFUND,weak_label,,
1515,1238772,"@AmazonHelp Oh god. Lads, I cannot sign in!!! You've locked my account. The link you sent me is asking me to sign in?!? Are you even reading this thread?! Sorry but this is absolutely useless help!",ACCOUNT,weak_label,,
1516,11038,@AmazonHelp Yeah I know how to check it. There's no information still,,unlabelled,,
1517,65740,"@AmazonHelp Shared and I got reply too ,but it's like everyday story .me too will not cancel this time .let u People cancel my order",ORDER_CANCELLATION,weak_label,,
1518,230178,@AmazonHelp It is a birthday present for tomorrow so need to know whether to cancel order or not.,ORDER_CANCELLATION,weak_label,,
1519,18423,@AmazonHelp はい^ ^すぐに架空請求だと分かりました。ありがとうございます。,,unlabelled,,
1520,1295046,@AmazonHelp My carrier was amazon shipping. I'm a prime customer. On amazon it says the parcel was delivered to me however I wasn't in the flat at the time of delivery and my flatmates didn't receive any packages,PACKAGE_NOT_RECEIVED,weak_label,,
1521,74582,@AmazonHelp Why do you require my Aadhar card details for your investigation? For a fraud committed by your seller why should I put my privacy at risk?,SELLER,weak_label,,
1522,1442548,@AmazonHelp couldn't change the the delivery address? What I should do,DELIVERY_INSTRUCTIONS,weak_label,,
1523,863346,@AmazonHelp I did not received my order @115850,PACKAGE_NOT_RECEIVED,weak_label,,
1524,582615,@AmazonHelp Yes I had an email today whilst I was actually using it! There is nothing wrong with my payment method as I have said. The email seys I can rejoin but now the deal for 99p for 3mnths is gone! I would have probably continued the plan after the 3mnths but now I wont. It's a joke.,PAYMENT,weak_label,,
1525,16476,@AmazonHelp @AmazonHelp The link you sent me this page opens and in its settings I can't find where to change country to India. https://t.co/IXCPlZlzHs,,unlabelled,,
1526,478482,"@AmazonHelp Error occord while updating your payment information
.
Pls note:Any update to payment method in this month will be in effect,only from 1st of next month",PAYMENT,weak_label,,
1527,434469,@AmazonHelp There was no updated delivery or notice of delay,DELIVERY_DELAY,weak_label,,
1528,277062,"@AmazonHelp ""Now expected Oct 13 - 17. We’re sorry your package is late. If it hasn’t arrived by Wednesday, Oct 18, please come back for more options.""",DELIVERY_DELAY,weak_label,,
1529,3756,"@AmazonHelp I need to change the language of my account to be able to get support, which I don't have the time to do, there's any other way to contact?",,unlabelled,,
1530,2895912,@AmazonHelp Was told to deregister and reregister the Kindle Fire despite not working in any Kindle version.. the advice did not solve the issue.,DEVICE,weak_label,,
1531,83394,@AmazonHelp I do not have an email regarding that shipment there is an email about the other order I had a problem with but it was with a third party,SELLER,weak_label,,
1532,21414,"@AmazonHelp If such is the case I regret my order with Amazon. I was thinking more of a better solution such as delivering product again and then collecting the first one. Since I need the book for study, I can not waste time returning it. I can only regret about my choice about Amazon.",RETURN,weak_label,,
1533,257696,@AmazonHelp I went to the link u sent but there isn't a choice to cancel items or edit for the order I'm trying to cancel,ORDER_CANCELLATION,weak_label,,
1534,387529,@AmazonHelp Will i be able to change the delivery location to a locker?,DELIVERY_INSTRUCTIONS,weak_label,,
1535,810241,"@AmazonHelp Delivery person had to walk past my safe place (my door mat) to knock on neighbours door! It defies belief and is unforgivable, shocking !",DELIVERY_INSTRUCTIONS,weak_label,,
1536,18162,"@AmazonHelp Please help
Your team is not providing support and information properly. They are just ingnoring my request. I need access. https://t.co/VqK97kzHrt",,unlabelled,,
1537,232717,"@AmazonHelp but i recd call ,, delivery boy told my order cancelled",ORDER_CANCELLATION,weak_label,,
1538,292862,"@AmazonHelp ORDER # 405-1384019-2702766, This Order no after 2nd of October,17. No Tracking details online, Kindly rectify me",DELIVERY_TRACKING,weak_label,,
1539,412321,@AmazonHelp It’s been painful calling literally every time I order something to track it down when Amazon is the carrier. Which I had to do today. Again,DELIVERY_TRACKING,weak_label,,
1540,78746,@AmazonHelp I needed the item by dec 1 promise date was nov 24. 4 times I requested a refund because item won’t be here until at least dec 5. No refund,REFUND,weak_label,,
1541,1727907,@AmazonHelp I need my account restored/password reset but there is a problem recognising my email address,ACCOUNT,weak_label,,
1542,351833,"@AmazonHelp hello, My package was out for delivery but now it is saying it is delayed because courier was unable to arrange delivery",DELIVERY_DELAY,weak_label,,
1543,11568,"@AmazonHelp Si, es correos y pedí ke viniesen a x el pakete pero me pedian ke me kedase o toda una mañana o toda una tarde en casa pero y mi trabajo??",,unlabelled,,
1544,841301,@AmazonHelp Contacted many times through email. Still not received my Cashback for my earlier order. Sort out this.,PACKAGE_NOT_RECEIVED,weak_label,,
1545,141929,"@AmazonHelp I didn't receive my order but it's showing delivered. I was supposed to get my order today, I don't know where it is",PACKAGE_NOT_RECEIVED,weak_label,,
1546,93673,@AmazonHelp No. The issue is I have no product to return - shipments are late.,RETURN,weak_label,,
1547,831817,@AmazonHelp I have not received my package which was to be delivered yesterday.,PACKAGE_NOT_RECEIVED,weak_label,,
1548,60236,@AmazonHelp Are you serious? I've just said i had a amazon firestick but the content won't play on it. I also have prime video app on my mobile but cant,DEVICE,weak_label,,
1549,1458915,@AmazonHelp I will contact customer support when my Echo+ arrives and I can assess how broken this English India problem is. Reference in pic! https://t.co/xdMUmhKjeJ,DEVICE,weak_label,,
1550,11076,@118088 @AmazonHelp https://t.co/JeO1QDroxC,,unlabelled,,
1551,755726,"@AmazonHelp @300631 The ""delivery instructions"" only in fact amount to a code that you are expected to give the driver. No directions opportunity at all!!!!",DELIVERY_INSTRUCTIONS,weak_label,,
1552,279703,Half my ordered hasn't even shipped yet!!! 😤😡😡😡😡😡 @115821 @AmazonHelp,ORDER_DISPATCH,weak_label,,
1553,17203,@AmazonHelp I dont want to change my order but will not accept. Order # 403-3917499-2913904,,unlabelled,,
1554,542175,"@AmazonHelp Yes and this has not been resolved to my satisfaction. I’m out money and never received what I ordered. Just very poor customer service by Amazon which is ironic because each time I called, I was told “We value our Prime Customers.” I certainly don’t feel valued.",PACKAGE_NOT_RECEIVED,weak_label,,
1555,1009235,@AmazonHelp Basic Amazon app. I am using an iPad Air 2. Latest iOS update. Apple has exhausted their possible solutions.,WEBSITE_OR_APP,weak_label,,
1556,19452,@AmazonHelp Sorry sir but aap logo ne aaj ki date di thi refund krne ki.... Pr abhi tak hua nhi....,REFUND,weak_label,,
1557,206157,"@AmazonHelp My firestick won't load up. I have had live chat, telephone call and lots of emails. They keep saying it's gone to the engineer, not heard",DEVICE,weak_label,,
1558,15688,"@AmazonHelp Details sent, haven't received any communication from your side",,unlabelled,,
1559,19462,@AmazonHelp 6 order: 113-2039762-2382613、113-2511164-7606668、113-7544238-7484225、114-5454499-3702646、114-9012608-0575407、114-9109336-9221053,,unlabelled,,
1560,931834,@AmazonHelp I think I was charged twice it only should have been once. https://t.co/HkLJVw1iRn,PAYMENT,weak_label,,
1561,199203,"@AmazonHelp Amazon, we have not received our remittance details file which was due on Friday!! What’s happening??? PLS. FIX SELLER CENTRAL",SELLER,weak_label,,
1562,1211707,@AmazonHelp Contact details emailed to you on our customer Care email Id via the amazon app,WEBSITE_OR_APP,weak_label,,
1563,295365,"Dear @115821 @AmazonHelp TWO-day shipping does not mean ""ships two days after ordering."" #prime #primeFAIL",ORDER_DISPATCH,weak_label,,
1564,307931,"@AmazonHelp ""Now expected 6 Oct - 10 Oct 
We’re sorry your parcel is late. If it hasn’t arrived by Wednesday 11 Oct come back for more options""",DELIVERY_DELAY,weak_label,,
1565,533272,@AmazonHelp I’ve already added my number to the delivery instructions...that’s how the driver contacted me last year...don’t understand why I move 2 mins down the road and it all goes downhill https://t.co/FfOuXPQZKO,DELIVERY_INSTRUCTIONS,weak_label,,
1566,13876,@AmazonHelp done.,,unlabelled,,
1567,155130,@AmazonHelp you 'attempted' to deliver my parcel but 'couldn't leave it unattended.' Funny that when there are 2 security chaps on duty 24/7,DELIVERY_INSTRUCTIONS,weak_label,,
1568,21043,@AmazonHelp @120261 But still no one come for pickup. What customer will think. Customer will thing it's seller fault. Seller is not dispatching the product.,SELLER,weak_label,,
1569,168035,"@AmazonHelp Eg. Went to order something from Amazon on Thursday for Saturday delivery. Item from Amazon, not other seller. Earliest delivery Monday. As you deliver at weekends, that’s hardly next day.",SELLER,weak_label,,
1570,51573,@AmazonHelp I’ve waited til past 8 o’clock now-here are the references: 67303131113645 &amp; 73303231558729 EVERY Hermes delivery gets delayed. No fun!,DELIVERY_DELAY,weak_label,,
1571,2662259,@AmazonHelp kindly convey my thanks to Venkat who resolved my echo issue,DEVICE,weak_label,,
1572,1078152,@AmazonHelp your support has helped me thank you - but there is an issue with landmark. they seem to not be pulling my tax id from my billing address,PAYMENT,weak_label,,
1573,71915,"@AmazonHelp Hello,
It's just formality to told u,ur not eligible for it ,it's my 4th time worth experience with Amazon .I had ordered headphones due to some circumstances it's damaged. So,I had call no of time with Amazon  customer care and third party (""SHOPODEALZ"")but they can't solved.",SELLER,weak_label,,
1574,96679,"@AmazonHelp Says tonight at 9pm, hasn’t shipped yet, I’m not hopeful 🙁 Canada Post is prolly handling it",ORDER_DISPATCH,weak_label,,
1575,4946,@AmazonHelp Excelente servicio! Recibí mis paquetes hace un par de minutos!,,unlabelled,,
1576,17183,"'Hey @AmazonHelp i haven't received my ""delivered"" order.' 
'Did you check around your house' lmao https://t.co/w6FRcwmoFX",,unlabelled,,
1577,9810,@AmazonHelp Was sent this item in 6x9 size. Trying to return &amp; UPS did not show up today. I'd keep item if I could get refund for price difference. https://t.co/G1a6por32Z,,unlabelled,,
1578,80685,@AmazonHelp Delivery guy said he'll be running late,DELIVERY_DELAY,weak_label,,
1579,964965,@AmazonHelp I have already reached out by phone when I was charged twice. After I called Amazon I was charged a 3rd time. 3 charges for 1 membership.,PAYMENT,weak_label,,
1580,122682,I don't understand why I have to pay for return international postage because @115821 sent me a broken DVD? (@AmazonHelp),RETURN,weak_label,,
1581,640,@AmazonHelp Is the Echo Show no longer supported?,,unlabelled,,
1582,249099,"@AmazonHelp Have spotted one there am interested in, Can I arrange delivery to an address that is different from my usual home and billing address",PAYMENT,weak_label,,
1583,14281,"Placed order today, said delivery would be Wed but just received email saying it'll be Thurs now? I'm a prime customer @AmazonHelp. Unhappy!",,unlabelled,,
1584,667004,"@AmazonHelp  @115851 - Technical Support Rep, Grey just crushed my Echo issue!  AWESOME Customer service!  #Resolved BTW:  #CLTisPrime",DEVICE,weak_label,,
1585,41526,@115851 @AmazonHelp It's really a harassment.Despite sending the details via fax I got mail that the fax does not contain billing details.,PAYMENT,weak_label,,
1586,124742,@AmazonHelp Return window not available,RETURN,weak_label,,
1587,176346,@AmazonHelp It says it was to ship today but it hasn't yet.,ORDER_DISPATCH,weak_label,,
1588,18938,@AmazonHelp Is there any progress???,,unlabelled,,
1589,96863,@AmazonHelp My Sub/Save item was charged a week ago and still hasn't shipped -- is that normal?,ORDER_DISPATCH,weak_label,,
1590,71967,"@AmazonHelp No all update, had to track the package after it never showed up. AMAZON HAD IT being delivered by 8pm",DELIVERY_TRACKING,weak_label,,
1591,75985,"@AmazonHelp It's not fair though. Why pay for something then not get the service.
I have cancelled the order and cancelled my membership. I won't be shopping with Amazon again and I will letting my family and friends know who also are prime members!",ORDER_CANCELLATION,weak_label,,
1592,166430,"@AmazonHelp I made an order on Wednesday and selected One day shipping and the package did not arrive yesterday, and has yet to arrive today.",ORDER_DISPATCH,weak_label,,
1593,2549860,@AmazonHelp My account has been hacked and e-mail support aren't helping me. Account e-mail/password has changed so can't log in. Help?!,ACCOUNT,weak_label,,
1594,1320501,@AmazonHelp It says please enter a valid payment method and an address which are both local,PAYMENT,weak_label,,
1595,422739,@AmazonHelp I would like to speak to someone on the phone to figure out why I can't sign in.,ACCOUNT,weak_label,,
1596,40417,@AmazonHelp But i am not ready for self return because i have not arrange it my self this is headache for me so please provide from your courier service,RETURN,weak_label,,
1597,101673,@AmazonHelp Hi i was actually using my amazon app if that helps which is https://t.co/qaaBQCfkWM prime,WEBSITE_OR_APP,weak_label,,
1598,15306,"Hi @AmazonHelp, when I placed my order I requested a VAT receipt either via email or post but I still haven’t had one?",,unlabelled,,
1599,472452,"@115821 @AmazonHelp @115821  @115821 
ORDER # 405-4837445-2937157
i have not received the mobile which i have ordered on 26 Nov This is very unfortunate that courier partner of amazon do their job seriously  but in my case they are just updating the status from their office only.",PACKAGE_NOT_RECEIVED,weak_label,,
1600,734155,@AmazonHelp is there an issue with your password reset links ?  I’m not receiving any emails from you,ACCOUNT,weak_label,,
1601,631613,"@AmazonHelp Just had the worst phone conversation with customer services. Just wanted to know why one card had been charged from prime instead of the one that is classed as preferred payment method; and how to verify student status. She couldn't give me a reason, didn't listen /1",PAYMENT,weak_label,,
1602,318601,"@AmazonHelp am trying to get assistance on a package 1 month overdue, site won’t load resolution options - help?",DELIVERY_DELAY,weak_label,,
1603,2970596,"@AmazonHelp Ok, tried resetting the echo plus. Now Alexa won't recognize any of my hue lights. But in the app is still shows all my lights connected. What do I do?",DEVICE,weak_label,,
1604,17187,@AmazonHelp Kindly return my prime membership amount,RETURN,weak_label,,
1605,745040,@AmazonHelp is there a way to reprint gift receipts? I didn't receive any of the ones I requested for my recent order,PACKAGE_NOT_RECEIVED,weak_label,,
1606,13882,"@AmazonHelp so basically you are stealing money from small customers. @115851 count your money, its growing. THIEVES.",,unlabelled,,
1607,16097,@AmazonHelp Where do I send it to?,,unlabelled,,
1608,69772,@AmazonHelp you cancelled my order bc you thought someone else was on my account but i cant repurchase it bc it was a lightning deal,ORDER_CANCELLATION,weak_label,,
1609,13870,"@AmazonHelp same reply again and again. if the complaint is raised under warranty period and if @2005 wont solve it, how is it out of warranty?",,unlabelled,,
1610,17912,@AmazonHelp @119973 Es nervt das ich mich seit neusten  beinahe täglich auf. Fire tv stick neu einloggen muss 😈,,unlabelled,,
1611,324475,@AmazonHelp Items not delivered today despite #Amazon again staying on tracking as out for delivery! Will I ever receive these items?,DELIVERY_TRACKING,weak_label,,
1612,744144,"@AmazonHelp, I never received a package I ordered. It says it was delivered to my mailbox and it was not.",PACKAGE_NOT_RECEIVED,weak_label,,
1613,456533,"@AmazonHelp Yes it was 2x echo dots. Which have not been delivered as promised or agreed. When I challenged it, despite knowing there is a phone record of the agreement - I am told it was for only 1x echo dot but the original compensatory offer will not be upheld",DEVICE,weak_label,,
1614,1539849,@AmazonHelp I provided all the billing dates and references and I asked what this is for? And that I cannot find any open subs on my account.,PAYMENT,weak_label,,
1615,17193,@AmazonHelp Thats why i writing here that rest of the people shd know about your services and how you r making fool on name of prime,,unlabelled,,
1616,145808,@AmazonHelp been trying to cancel my amazon order which I ordered but has hasn’t even been dispatched. Your agent spent 10 minutes faffing on the phone only to say she can’t cancel it today as the windows gone but can cancel it on the sunday LOL. Please cancel my order,ORDER_CANCELLATION,weak_label,,
1617,2003960,"@AmazonHelp Address not found
Your message wasn't delivered to __email__ because the address couldn't be found, or is unable to receive mail.",DELIVERY_INSTRUCTIONS,weak_label,,
1618,14011,"@AmazonHelp Please simply answer my question.  I am not an AmazonFresh customer, just a condominium unit owner inconvenienced by UR customers  &amp;trying 2 figure out how we can all accommodate one another.  Y R U making this so complicated? Direct message me with UR contact info.",,unlabelled,,
1619,172246,"@AmazonHelp Option... wait till 8pm, then wait till 9pm, then wait till 10pm, then sorry it will be tomorrow, ok we’ll cancel order, ok we’ll leave it",ORDER_CANCELLATION,weak_label,,
1620,18700,@AmazonHelp Do not make us helpless and kindly refund my amount ..,REFUND,weak_label,,
1621,73545,@115830 #AmazonUK @AmazonHelp why is it that when I signed up for Amazon prime you stated free next day delivery but my parcel that was supposed to be delivered today is delayed why,DELIVERY_DELAY,weak_label,,
1622,310549,@AmazonHelp I have they said the delivery man was running late so he decided to just not deliver it. That is absolutely ridiculous they can just skip it,DELIVERY_DELAY,weak_label,,
1623,183499,@AmazonHelp It just doesn't allow to add to cart and even if it's added it says not available from the seller..if not available why u ve to show it ?,SELLER,weak_label,,
1624,42510,"@AmazonHelp Kindle oasis. I return items on it, and on my account from my laptop, but the device still shows them as borrowed.",RETURN,weak_label,,
1625,10629,@AmazonHelp why doesn't blue light filter work on kids account on the fire kids edition?,,unlabelled,,
1626,132414,"@AmazonHelp Totally understandable except for the fact that the delivery address is the same postal area as the billing where the option is available, like down the road. If I were home I would deliver it myself...",PAYMENT,weak_label,,
1627,1439452,"i pre orderd an item on amazon. and now its telling me to review my payment method????
what @AmazonHelp",PAYMENT,weak_label,,
1628,149251,@AmazonHelp Yes i did and it’s still not fixing it. When i signed into my amazon app on my smart tv it’s saying i need to purchase those episodes. But it’s just episodes 3 - the end of the season of season 1,WEBSITE_OR_APP,weak_label,,
1629,2552214,"@AmazonHelp I have contacted support again! And again no replay! This is unacceptable that I have recommended to my customer to buy 1500 echo dots, and now when I have issue with fresh developed alexa skill no one try to help!",DEVICE,weak_label,,
1630,150623,"@AmazonHelp Yes, the order is out for delivery today. I appreciate your commitment to delivery dates. I can understand when something is late. But six days early? That is Amazon’s error. Do better next time. Especially on a holiday weekend where travel is common.",DELIVERY_DELAY,weak_label,,
1631,393075,@AmazonHelp (1/3) I am trying to track one of my orders.  If I select an orer that has been shipped and select track package it gives me,DELIVERY_TRACKING,weak_label,,
1632,324124,@AmazonHelp Ordered lenovo k8 note four times didn't received my order ever.#fraud amazon every time paid for it.want my k8 as compensation,PACKAGE_NOT_RECEIVED,weak_label,,
1633,153656,"@AmazonHelp Yes, today, but nothing dispatched. Then it said today or tomorrow. Now it reads if i don't receive my delivery by Saturday I should contact amazon. Three worrying statements. I needed this item delivered before tomorrow!",ORDER_DISPATCH,weak_label,,
1634,197915,"@AmazonHelp I haven't received my order Tracking #: 447189389074
N the same happened to my order from mumbai. And now your site doesn't provide COD.",DELIVERY_TRACKING,weak_label,,
1635,71897,"@AmazonHelp Yup, i responded as i got the mail. But didn't get any reply. I request to u sir, please see vedio again and concern over that i have opened company seal and there's no cell phone inside. As its sealed its surely missed at ur seller or delivery place.
https://t.co/lOXQyJbNJe",SELLER,weak_label,,
1636,191694,@AmazonHelp Already have. Your rep decided was easier to just cancel the order. Hey @116089 @127852 you want my money instead? Screwed out of beta,ORDER_CANCELLATION,weak_label,,
1637,19205,@AmazonHelp pl do...i am already fed up with the service...considering returning the order.,RETURN,weak_label,,
1638,250588,".@115821 is great when it works, but when an order hasn't even shipped after 5 days and there's no explaination or anyone to talk to, you see the cracks. @AmazonHelp",ORDER_DISPATCH,weak_label,,
1639,31303,@AmazonHelp Hi KJ! My order # is 114-4756629-6504233. Returning something and when it’s funded I will be re-ordering something similar. Help?,RETURN,weak_label,,
1640,1443078,@AmazonHelp this is of absolutely no help since i CAN'T sign in?? lol,ACCOUNT,weak_label,,
1641,16870,@AmazonHelp Because of Amazon I purchased a product which blasted on day one...n u people asking me to keep cool...where is Surya flames #suryaflam1,,unlabelled,,
1642,1355396,"@AmazonHelp What is wrong with your payment system, two times payment failed",PAYMENT,weak_label,,
1643,17222,@AmazonHelp Kindly send me a direct message so that I can revert back with my phone number and expect a call SOON! (2/2),,unlabelled,,
1644,227719,@122924 AMZN says it has left Krefeld (to Munich?) @AmazonHelp knows where the package is but you don't? Your site tracking is blocked to ystd 1 am!,DELIVERY_TRACKING,weak_label,,
1645,1922777,"@AmazonHelp Hi.I have my account locked for security proposes. I followed email instructions, but still my account is locked. Can u help me?",ACCOUNT,weak_label,,
1646,127463,@AmazonHelp Already shared.  Your executives told that order canclled from seller side. Wo can't deliver this. I need to place new order. Whi will pay price difference.  Deliver my order otherwise i will move to consumer form.coz its become regular stuff for you.lost trust in amazon,SELLER,weak_label,,
1647,472378,@AmazonHelp Basically I went through 3 different online customer service people just to find out because one item (in a group of items I already paid for) was holding up the shipping on the TOTAL order. I was in the process of updating my payment method and wondered what was going on.,PAYMENT,weak_label,,
1648,18929,@AmazonHelp You people always escalated issue and for another 24 hours.kindly do something substantial.still issue is unresolved. such a poor service.,,unlabelled,,
1649,1693663,@AmazonHelp what do I do if I never received a package?,PACKAGE_NOT_RECEIVED,weak_label,,
1650,253334,@AmazonHelp ANOTHER DELAY. Everything I am ordering is getting delayed and estimated delivery dates are pushed out!!! Why do I even pay for Prime?!,DELIVERY_DELAY,weak_label,,
1651,22478,@115821 @115850 @AmazonHelp delivery boy was too arrogant when I asked him to deliver my order next day he cancelled my order#annoyed,ORDER_CANCELLATION,weak_label,,
1652,448622,"Told an @AmazonHelp agent in chat that I was going to give them a bad survey response for lying to me (about something that is documented clearly on the amazon website), and they found a way around it. They forced a ""lost connection"" to the chat and I ended up with someone else.",WEBSITE_OR_APP,weak_label,,
1653,2970597,"I have the weirdest problem. My new @115821 Echo Plus won't turn my lights green anymore. I have to ask her to make them chartreuse. But if I ask for green, she makes them white. Help @AmazonHelp!",DEVICE,weak_label,,
1654,792096,"@AmazonHelp Hi,been asked to revise payment method as payment's been declined twice in the past few days - 1) info's ✅, 2) €s there to pay!😳",PAYMENT,weak_label,,
1655,16447,"@AmazonHelp お返事ありがとうございます。
確認してみたところ、金額が不足していたみたいでした。無事に注文ができました！
丁寧な説明ありがとうございます。助かりました。",,unlabelled,,
1656,25254,@AmazonHelp It’s from a seller,SELLER,weak_label,,
1657,21495,@AmazonHelp Called them a 1000 times..also wrote a mail to mr.Amit..still no reply.. I'm fed up now and want the refund as soon as possible..pls revert,REFUND,weak_label,,
1658,245191,"@AmazonHelp Order no.- 402-6901368-2426723 , expected delivery date was 5th Oct but at last day also, I didn't receive my order.",PACKAGE_NOT_RECEIVED,weak_label,,
1659,205998,"@AmazonHelp You do realize I cannot log in to the account as it is closed, right?",ACCOUNT,weak_label,,
1660,810236,"@AmazonHelp Spoken to cust service twice today,lovely ladies but delivery service is shocking! Express instructions ignored-package given to neighbour!",DELIVERY_INSTRUCTIONS,weak_label,,
1661,74845,@AmazonHelp Already reported. Please re-ship my order. I'll not place a fresh order.,ORDER_DISPATCH,weak_label,,
1662,253995,"@AmazonHelp My shipping status is not updating, the last update was 2 days ago, the order is still in Italy but the delivery day is tomorrow",ORDER_DISPATCH,weak_label,,
1663,10664,@AmazonHelp @115766 Can I get a confirmation that it will ship tomorrow?,,unlabelled,,
1664,180705,"@AmazonHelp Thanks. Also, pls go through the review other people have posted abt product. Seems they got cheated as well. Pls take action on the seller",SELLER,weak_label,,
1665,18975,@AmazonHelp Provided my details hope I will get a resolution,,unlabelled,,
1666,19118,@AmazonHelp can u ready for return pick up i receive damage product,RETURN,weak_label,,
1667,9821,@AmazonHelp so I pay extra for overnight shipping and you guys are gonna delay my package for another 2-4 days? i'd like a full refund 1/2,REFUND,weak_label,,
1668,1427895,@AmazonHelp why don't your carriers follow delivery instructions?,DELIVERY_INSTRUCTIONS,weak_label,,
1669,392156,"@AmazonHelp Customers cant change delivery address. Says as per process It will deliver, in this era inadequate systems @115851 #since2012withamazon",DELIVERY_INSTRUCTIONS,weak_label,,
1670,19194,"@AmazonHelp thnx, matter resolved.",,unlabelled,,
1671,2260736,@AmazonHelp Haha thanks for the reply! Can't sign in the account and password reset isn't being sent to attached email.,ACCOUNT,weak_label,,
1672,411439,@AmazonHelp @115850 @117795  it's 10th October n over stil not received my order. Not poor but pathetic service. https://t.co/ADoUztEMw5,PACKAGE_NOT_RECEIVED,weak_label,,
1673,47889,order id #403-5637109-7077146 has been cancelled or is on time pls help. @AmazonHelp @115850,ORDER_CANCELLATION,weak_label,,
1674,62366,@AmazonHelp What do you need to know? That this is the second time I’ve ordered it? You lost the first one? You haven’t refunded my money from that order? That it’s guaranteed to be here by 8 and it isn’t here yet? Take your pick.,REFUND,weak_label,,
1675,38566,@AmazonHelp Order has been delayed multiple times,DELIVERY_DELAY,weak_label,,
1676,473259,"@AmazonHelp When I first got in touch I was promised dispatch within 24 hours. When I got in touch a second time I was not given a time frame, even when I directly asked for one. I have not received any email confirmation. The order still looks the same as the picture I posted previously.",PACKAGE_NOT_RECEIVED,weak_label,,
1677,286263,"@AmazonHelp The SNES Classic stilll has not shipped. The release was 1 week ago, Amazon is the only retailer who has yet to ship. No communication. https://t.co/SjCQrRTNfK",ORDER_DISPATCH,weak_label,,
1678,13565,@AmazonHelp https://t.co/saX0kAZVCW!,,unlabelled,,
1679,13929,@AmazonHelp Got emails with discount on future order and one with a new ship date of Thursday. Not holding my breath.,ORDER_DISPATCH,weak_label,,
1680,47878,@AmazonHelp Just that they will either refund me 50% of what I paid for the coat or they send me another. When I asked if I'd be paying for another,REFUND,weak_label,,
1681,136919,"@AmazonHelp I am so upset I have just cancelled the whole order.

Have you an email address I can write to you at.

This is the first time I have ever received bad service from Amazon. He even brought me to tears",ORDER_CANCELLATION,weak_label,,
1682,43271,@AmazonHelp It was from a third party seller but fulfilled by Amazon.,SELLER,weak_label,,
1683,14300,"@AmazonHelp Just completed form. Would be great to speak with someone able to solve the problem, instead of just offering 1 month of free prime.",,unlabelled,,
1684,15442,@AmazonHelp Hey so my package has not arrived yet. Can I get this sorted please,,unlabelled,,
1685,13865,@AmazonHelp you have wasted one month by bullsh****g me. now i am being told itvis out of warranty. issue is reported yo @79087 under warranty.,,unlabelled,,
1686,18708,@AmazonHelp Also when will Amazon prime music be available for Indian users of Alexa?,,unlabelled,,
1687,73539,@AmazonHelp @115850 I had called your team. Apparently I would need to link my Aadhar (biometric identity) card and wait for 5 working days before any resolution is communicated to me. It is ridiculous that a customer has to go through so much trouble for a fraud by the seller.,SELLER,weak_label,,
1688,332756,"@AmazonHelp I’m on amazon app from iPad and iPhone, whenever I go to kindle there is no purchase options just keep telling me about kindle unlimited",WEBSITE_OR_APP,weak_label,,
1689,60231,"@AmazonHelp My issue is im paying you far a service that your agents are telling me I'm not entitled to 🤔🤔 firestick won't play content, mobile device",DEVICE,weak_label,,
1690,421536,@115850 @AmazonHelp If u understand the gravity then it will never happened  .....just tell where is my order....trimmer,DELIVERY_TRACKING,weak_label,,
1691,21574,"@AmazonHelp Just did it...I want a commitment of my product or money rite now..be a man and do the rite thing by today, either deliver or refund rite now..else I am going to consumer court with ur replies",REFUND,weak_label,,
1692,425416,@AmazonHelp @216202 Got a very casual reply requested for in time delivery rather then on time now it's delayed. https://t.co/lnSY80yY0E,DELIVERY_DELAY,weak_label,,
1693,239528,@AmazonHelp is true that you get a free month of prime if your package is late?,DELIVERY_DELAY,weak_label,,
1694,18916,@AmazonHelp @115850 @AmazonHelp @115821 . In the last 5 working days u ppl  not able to arrange pick up.I m waiting for return since 30 days.,RETURN,weak_label,,
1695,2533,"@AmazonHelp 先日教えていただいたように、fireTVstickとルーターの両方を再起動してみたら、前回のようには途切れなくなりました！ありがとうございます😊今の所大丈夫ですが、あとは72時間TV当日に接続が切れてしまわないように祈るのみです...。
お礼と報告まで。 https://t.co/hS5VmxuIfX",,unlabelled,,
1696,246978,@AmazonHelp hi. Im trying to use my amazon firestick&amp;its not working. Says theres network problems. But i tested the connection&amp;its strong,DEVICE,weak_label,,
1697,19201,@AmazonHelp no email received...wic email you sent it on,,unlabelled,,
1698,133842,"@AmazonHelp Yes I agree, products are genuine. However if a customer resends the product due to defect or not functioning well. So what should Amazon do. Shuld amzn resell the product to another customer. Or else the product should be sent to seller saying not to sell this as it is defect",SELLER,weak_label,,
1699,2549,"@AmazonHelp Hi, I ordered an item on 18 Oct which said it would be delivered by 20 Oct and I still haven't received it. Can you help? Thanks",,unlabelled,,
1700,180584,"@AmazonHelp assured delivery date was 3OCT, it has not even dispatched yet! Doing the service chat everyday, agent gives only excuses, false promises",ORDER_DISPATCH,weak_label,,
1701,18382,"@AmazonHelp So this order 407-7402036-7182732
Placed on 30th and supposed to reach me on 2nd  November
Now is this as per amazon prime delivery std ??",,unlabelled,,
1702,980077,Waited yesterday but didn't receive. Today morning I get a message that it was delivered last night!! Still not received. @AmazonHelp https://t.co/N6BMhWAIsO,PACKAGE_NOT_RECEIVED,weak_label,,
1703,13868,@AmazonHelp i have already done it. your reps dont even check any back data they just rape the customers.,,unlabelled,,
1704,657,"@AmazonHelp Already handled, just venting. It was a pretty big bummer.",,unlabelled,,
1705,219591,"@AmazonHelp hello, I pre-ordered Star Wars battlefront back in April I have not received my beta codes for my pre-order",PACKAGE_NOT_RECEIVED,weak_label,,
1706,18677,@AmazonHelp logistics dpt  created ticket 24 hrs ago with no  response as promised😢. Feeling so disappointed word was not kept !  #feeling unimportant,,unlabelled,,
1707,103028,"@AmazonHelp I already did that. It says one day and when I bought it with 1 day, it gave it 12/4. If I look at the item now, it says 2days gets it to me 12/2?! - I work in logistics. I understand shipping and this is frustrating. May cancel my order.",ORDER_CANCELLATION,weak_label,,
1708,8581,@AmazonHelp hi I cancelled an item today but the money has not shown back up in my bank yet can you tell me how long it takes?,,unlabelled,,
1709,1044194,@AmazonHelp @366906 Hi I ordered one item but have been sent two of the exact same and charged twice. Pls advise how to fix,PAYMENT,weak_label,,
1710,14017,"@AmazonHelp #AmazonFresh, Just send me the damned written protocol given customers 4 the disposition of the delivery totes post-delivery.  I'd hoped 2 have a productive discussion 4 accommodating this service in Urban areas.  Guess not.  Your totes'll B going in2 the trash. U must B Trumpery",,unlabelled,,
1711,84130,"@AmazonHelp that is unacceptable. so, what you are telling me is that i cant trust Amazon? i was promised gour seperate times that I would be refunded.",REFUND,weak_label,,
1712,22541,@AmazonHelp They are saying that amazon took the courier scanned it and returned.. they have no idea on how the box is empty,RETURN,weak_label,,
1713,16841,@AmazonHelp I already replied on mails..no more mails...I have seen the way Amazon handled the situation...call me &amp; clear can it done or not,,unlabelled,,
1714,311583,@AmazonHelp and dont ask for my details . you can track it from order id in the screen shot.,DELIVERY_TRACKING,weak_label,,
1715,19117,@AmazonHelp i know but i call all courier serviece they people cant home pick up so please arrange from your hand.,,unlabelled,,
1716,277268,"@AmazonHelp No it's a notification cos I have the Amazon app (I've seen similar things before, all for items I've never shown any interest in)",WEBSITE_OR_APP,weak_label,,
1717,86013,@AmazonHelp I paid and ordered footwear and this is what you deliver??!!! I am totally disgusted and shocked! Give me a refund right now! #Cheaters https://t.co/l6tYHkUFzi,REFUND,weak_label,,
1718,31395,"@AmazonHelp buyed bolt fitness tracker,but didn't got it's CHARGER  in the package. Want to return it and get new.",RETURN,weak_label,,
1719,11078,@AmazonHelp Talked w/ cust. serv. yesterday. Just sent an email from link. Would like a straight answer abt my order.,,unlabelled,,
1720,356396,I am facing problem in debit card payment for my product. It's showing 'your payment failed' everytime.Assist me ASAP @115850 @AmazonHelp,PAYMENT,weak_label,,
1721,1433628,@AmazonHelp &gt;before you tweet. Also sent a screenshot on email then they believed me and started working on the not received package issue.,PACKAGE_NOT_RECEIVED,weak_label,,
1722,336549,@AmazonHelp what's wrong with the amazon app on the kindle fire? Can't look at anything? Click on an item and page goes blank?/,WEBSITE_OR_APP,weak_label,,
1723,389942,"@115850 @AmazonHelp Shame on you guys that commitment is not honoured !!! Where is the ""on the way"" order ? https://t.co/hQ7tRtRhZE",DELIVERY_TRACKING,weak_label,,
1724,14293,@AmazonHelp Yes. You definitely missed my delivery date. Twice. Also your call center staff seems to have no understanding of how mail delivery works.,,unlabelled,,
1725,19190,@AmazonHelp I’ve had one saying it will be late but no reason why,,unlabelled,,
1726,257120,"@AmazonHelp Will ""follow the issue"" and ""open a ticket"" i cannot keep track of. I need to know when the product is g/ to ship, not more hollow promises.",ORDER_DISPATCH,weak_label,,
1727,18140,@AmazonHelp My email address is __email__,,unlabelled,,
1728,121091,@AmazonHelp @115821 @AmazonHelp @116316 unfortunately it's been now 2 weeks and the order still hasn't been dispatched. No updates from your support team. All I get is standard text book random replies. Is this the way to treat old clients?,ORDER_DISPATCH,weak_label,,
1729,15667,@AmazonHelp Not yet announced?,,unlabelled,,
1730,317639,Where's my package at @AmazonHelp??? My package was late for its 2 day and now have an underliverable today. At least give me my money back,DELIVERY_DELAY,weak_label,,
1731,95435,"@AmazonHelp Ordered products using Prime that was sold and shipped by Amazon. #1 the shipping was delayed , #2 Package is missing , Customer care rep wants me to contact AMZ-L .Amazon Logistics does not have phone support available. So much for prime member benefits !",DELIVERY_DELAY,weak_label,,
1732,448621,"@AmazonHelp Not really. More concerned with the lie that Two Day Shipping means they process it for two days and ship it out after two days (and it doesn't include transit time), when documents on the Amazon website clearly show what Two Day Shipping is: https://t.co/eEqe0iGJvi",WEBSITE_OR_APP,weak_label,,
1733,1729,@AmazonHelp So to get this straight. I get nothing at all for preordering?,,unlabelled,,
1734,13562,@AmazonHelp Ok. Thank you!,,unlabelled,,
1735,665612,"@AmazonHelp Hi, yes I have.  Because the Xbox is part of a bigger order and other items have been delivered it won’t let me change the delivery address.",DELIVERY_INSTRUCTIONS,weak_label,,
1736,17678,@AmazonHelp  where does a customer goes to share his/her concerns about the fullfillment centre,,unlabelled,,
1737,1070057,@AmazonHelp It says Card cannot be added in Payment method.,PAYMENT,weak_label,,
1738,5308,@AmazonHelp 10 hours ago.,,unlabelled,,
1739,24957,"@AmazonHelp Its more than 3 days &amp; m still waiting for replacement of my order, now please refund my money now I don't want to do shopping with u ever",REFUND,weak_label,,
1740,11574,"@AmazonHelp enviei meu ebook para o premio Kindle às 22h de hoje. Porém, a ferramenta kdp fala q demora 72h pra publicar. Vou concorrer mesmo assim, certo?",,unlabelled,,
1741,101767,@AmazonHelp The issue is that it says that the package was delivered and left on my doorstep but they didn't knock on the door or anything like that so I never received the 2nd part of my package.,PACKAGE_NOT_RECEIVED,weak_label,,
1742,210522,@AmazonHelp @115821 my Order No: 407-4060954-7413120 has been delayed and there is no assurance of delivery still please help.,DELIVERY_DELAY,weak_label,,
1743,1311842,@AmazonHelp Last week you double charged me for prime.  Got that fixed.  Now you double chrgd kindle unlimited.,PAYMENT,weak_label,,
1744,12514,"@AmazonHelp Uff, I am continuously trying to tell you that I have already replied and a 24 hr tat for receiving call was given which​ U have failed on",,unlabelled,,
1745,18936,@AmazonHelp When u will be get back with update???,,unlabelled,,
1746,752380,@AmazonHelp hello i just received this email its look my amzon account hacked i hope can i get my account back https://t.co/ibiaTQlrbK,ACCOUNT,weak_label,,
1747,1731614,@AmazonHelp Over 24 hours on - still no customer svcs contact or access to account. Password reset codes still not coming through to registered email.,ACCOUNT,weak_label,,
1748,18957,@AmazonHelp I need a proper compensation and full refund of my order. Contact me on 9140560819 for any other detail.,REFUND,weak_label,,
1749,18122,"@AmazonHelp With @115850 Wonders will never cease! Now, with respect to my 'DELIVERED' item, i have received the following sms: ...1/n",,unlabelled,,
1750,19113,@AmazonHelp The earliest contest participation date was from 13th september 2017 to 31st october 2017.,,unlabelled,,
1751,69667,"@AmazonHelp I am waiting to hear back from the seller. I don't really think a reason would even matter right now. I paid, and then some time later they shipped it. Could I get it for the same price I purchased it for if they put it back up for sale? Can't find anything similar on Amazon.",SELLER,weak_label,,
1752,28401,@AmazonHelp .@115821 I have done this many times and received nothing. Coming up on three months. First package three weeks late today,DELIVERY_DELAY,weak_label,,
1753,67565,"@AmazonHelp I have spoken with one of your colleagues on chat who has again updated delivery instructions with the suitable time. This is a birthday present that I need for Saturday so if they deliver outside of the specified times then I am screwed because of your service, or lack of.",DELIVERY_INSTRUCTIONS,weak_label,,
1754,13873,@AmazonHelp therevis no resolution. you are asking me to throw it in dumpster. why do you sell stolen products?,,unlabelled,,
1755,102928,"@AmazonHelp Two times through and no one could answer. You wasted enough time. I’m just requesting a return for the item, which you will pay for since this is your idiocy!",RETURN,weak_label,,
1756,841864,@AmazonHelp I can't see Amazon App Jackpot contest.. I check in my friend's phone in his Amazon app also showing same like mine @AmazonHelp https://t.co/SQ1spVIkBf,WEBSITE_OR_APP,weak_label,,
1757,839373,Hey @115825 / @AmazonHelp : Wieso stehen mir Filme für Prime Video in der Amazon App nicht zur Verfügung? BS: iOS 11,WEBSITE_OR_APP,weak_label,,
1758,16433,"@119356 @AmazonHelp     horrible service, lousy customer care, non existent courier phone numbers. So much for becoming a Prime customer!",,unlabelled,,
1759,210471,"@AmazonHelp If u cant provide this,provide multiple seller options with multiple prices at the same time instead of displaying them at different time.",SELLER,weak_label,,
1760,16834,@AmazonHelp Hi ...enough mails done but response is very discouraging... contact me on call,,unlabelled,,
1761,11087,"@AmazonHelp Continued buffering, loss of sound and it doesn't save where I leave off in programming.",,unlabelled,,
1762,63886,"@AmazonHelp Well I am speaking to 'Amit' now and the plot deepens as they have no record of my order being delayed....

Apparently the reason might be ""because Amazon has a lot of sales and logistics are overrun"" which means that a customer locked into a sale agreement must wait.",DELIVERY_DELAY,weak_label,,
1763,44529,@AmazonHelp It’s not downloading any of the books I have and it won’t delete the ones I’ve returned,RETURN,weak_label,,
1764,18705,"@115850 @115821 @AmazonHelp Order no 408-9297978-3842763"".
Men's Polo (8907036565225_USTS1840_M_Apricot)"".#refund not recd..been 2 weeks",REFUND,weak_label,,
1765,210328,WHERE IS MY PACKAGE @AmazonHelp,DELIVERY_TRACKING,weak_label,,
1766,91526,"@AmazonHelp I am so angry. The second package is already delayed and I *must* have this one today. 2 orders, 2 delays. What’s even the point of prime???",DELIVERY_DELAY,weak_label,,
1767,63817,"@115821 @AmazonHelp Sir, i got a mail by ur team again that they cant process my refund. I request you to check the vedio again and reconcern the issue. Its your delivery teams fault of missing the item. Please dont make me to share this empty box vedio all over other sites and higher authorities.",REFUND,weak_label,,
1768,18731,@AmazonHelp The carrier is USPS.,,unlabelled,,
1769,11044,@AmazonHelp you keep insisting you havnt taken any money from me dispite proof! #givememymoneyback https://t.co/CeRSmNOEdK,,unlabelled,,
1770,2856550,@AmazonHelp hey my FireStick won’t play live TV is this a known issue ?,DEVICE,weak_label,,
1771,16766,@AmazonHelp The drivers who throw packages over the fence in the rain instead of buzzing the bell.,,unlabelled,,
1772,17659,@AmazonHelp Also concern how I get my shipping charges back once self return product?,RETURN,weak_label,,
1773,848188,@AmazonHelp I have still not received my parcel that was out for delivery on 19th October! Very poor service for Prime!,PACKAGE_NOT_RECEIVED,weak_label,,
1774,17220,@AmazonHelp None of your links are taking me to a solution. Been after this since 3 days. Most pathetic service ever. You guys shall call me ASAP! (1/2),,unlabelled,,
1775,1621277,"@AmazonHelp I have read the correspondence , however don’t see any resolution . I appreciate your intent to help but I have still not received d package",PACKAGE_NOT_RECEIVED,weak_label,,
1776,350278,@AmazonHelp @115850 Where is my package. It’s end of the day. Are you guys really trying or just waiting for the day to be over.,DELIVERY_TRACKING,weak_label,,
1777,11027,"@AmazonHelp I called customer serv, they called usps and the usps rep blamed your routing. The second the usps rep was off the phone Amazon blamed usps",,unlabelled,,
1778,54364,Right just cancel the order @AmazonHelp December the 5th was not the agreed date it was today! @118373 @128305 3rd time this month it's joke!,ORDER_CANCELLATION,weak_label,,
1779,1069888,"@AmazonHelp Redelivery for tomorrow. 2 updates from app say the delivery address was closed or didn't accept weekend delivery, so would deliver Tuesday",DELIVERY_INSTRUCTIONS,weak_label,,
1780,1257054,"@AmazonHelp I can't log in to use the following link. Worst service ever man, ull can't fix this. Using @127271. Cheers.",ACCOUNT,weak_label,,
1781,16430,@AmazonHelp Is this some kind of a h,,unlabelled,,
1782,777246,"@AmazonHelp I had my account locked yesterday and provided the info and got it open. Again, my account is locked",ACCOUNT,weak_label,,
1783,5155,@AmazonHelp Thank you so much once again for kinds of word,,unlabelled,,
1784,18715,@AmazonHelp I am assuming it's by Amazon since I chose Amazon global priority shipping. https://t.co/C9vq5RkuuV this is the link to the product page.,,unlabelled,,
1785,65763,@AmazonHelp @117634 why does the refurbished black kindle not ship to Northern Ireland but it’s the white one does?!🤷🏻‍♀️😐,ORDER_DISPATCH,weak_label,,
1786,235162,"@AmazonHelp @115850 @132994 @132995 @139570 ;
No delivery, false promise, plz look at the date n time I will cancel d order #CheaterAmazon https://t.co/BW8SCaHZBO",ORDER_CANCELLATION,weak_label,,
1787,15282,@AmazonHelp Order details!!! https://t.co/Rapb0ePnLK,,unlabelled,,
1788,69665,"@AmazonHelp I'm waiting for them to answer my first email. I can ask whenever they do respond, but honestly I am running out of time. I also don't appreciate them waiting until delivery day to cancel my order, so I'm not too fond of them. Currently looking to purchase elsewhere.",ORDER_CANCELLATION,weak_label,,
1789,9127,@AmazonHelp Thank you,,unlabelled,,
1790,959685,"@AmazonHelp Was home all day, package didn’t get delivered. They refused to leave it in my safe area and didn’t call.",DELIVERY_INSTRUCTIONS,weak_label,,
1791,740379,@AmazonHelp I know. That’s y I am uninstalling Amazon app. You fooled me twice. I won’t forget that.,WEBSITE_OR_APP,weak_label,,
1792,18702,@AmazonHelp It says wrong product has sent .. refund cannot be given ... u kindly ask ur courier guy n confirm me what was given to him ..,REFUND,weak_label,,
1793,411103,@AmazonHelp so where is the package ? clearly the carrier is done working for the day.,DELIVERY_TRACKING,weak_label,,
1794,136935,@146396 @AmazonHelp Happened to me too! What’s the point of prime anymore! My order took two days to process and then even when I upgraded to one day shipping it’s not here.,ORDER_DISPATCH,weak_label,,
1795,608107,"@AmazonHelp I did not, besides those for password reset and verification codes. Still can't access my account.",ACCOUNT,weak_label,,
1796,18681,@AmazonHelp Amazon is refunding his money in 7-10 business days. Thing is this was his birthday gift and had a new game to play Friday.,,unlabelled,,
1797,140021,"@115821 @1402 @8105 @8106 @1840 @115821 @1402 @8105 @8106 @1840
Hey @AmazonHelp Are you sure u told me that ur seller ran on the fly fooling your customers and u were helpless? Such a big guy. People should rather be ur seller and not ur customer to not be ditched. #Fraudulent",SELLER,weak_label,,
1798,16871,@AmazonHelp You are not understanding my situation n anger...it ruined my festival as my wife is still shocked as she was cooking...,,unlabelled,,
1799,2312482,@AmazonHelp Friend has her account locked and fulfilled the instructions 2 months ago. When can she expect an answer?,ACCOUNT,weak_label,,
1800,24053,@AmazonHelp Can you provide me the name or link of seller who is offering no emi cost on PS4,SELLER,weak_label,,
1801,12524,@AmazonHelp I have checked all my mails and had received your last mail on 29th stating you will receive an update in next 24 hrs. No revert received,,unlabelled,,
1802,17637,@AmazonHelp The pick up has been arranged 5 times now and cancelled at the last moment without citing any reason!,,unlabelled,,
1803,179446,"@AmazonHelp It was out for delivery yesterday, then got delayed, and it's not back out for delivery now. Doesn't add up. There's a lie somewhere. https://t.co/Ru6yVlJPM9",DELIVERY_DELAY,weak_label,,
1804,18166,"@AmazonHelp Then who will be there to regain the access of my account.

If you can't then just refund my money back and I'll go for someone else.",REFUND,weak_label,,
1805,15299,@AmazonHelp I have replied to the email... lets see if I can get positive and useful response atleast once after so much escalation @115851,,unlabelled,,
1806,19427,@AmazonHelp No use from your link or Amazon app support call or chat. Please see the order details.just telling us to wait.Not updating the status also. https://t.co/Uwp0eOu6Ia,WEBSITE_OR_APP,weak_label,,
1807,207533,@AmazonHelp Hi. Order w/tracking #1Z3Y95F10333765115 attempted delivery but found no free locker. When will u try again? Thx!,DELIVERY_TRACKING,weak_label,,
1808,91510,"@AmazonHelp @119351 @18220 __email__,Mob-9717597841.I have placed an order on Amazon on 21NOV. Order ID-4__credit_card__.Not received order Still.Estimated Delivery Date of Order was 27Nov &amp;Today is3Dev.I need token of Apology of Rs1000 in AmazonPayBal. https://t.co/mVcDCpmMjc",PACKAGE_NOT_RECEIVED,weak_label,,
1809,18416,@AmazonHelp Forget it.,,unlabelled,,
1810,183073,@AmazonHelp Replacement hes been made but not dispatched,ORDER_DISPATCH,weak_label,,
1811,13922,@AmazonHelp Nothing. Chat at 4:30 said to contact after 8:00 chat did give answers that didn't make sense.,,unlabelled,,
1812,86145,"@AmazonHelp @122232 It’s not serious from a company like Amazon or DPD to say “wait longer as it’ll usually arrive within a few days” when a customer has already pay for express delivery. Not to mention Amazon app says “expected 1-5 Dec”, which sounds like a joke.",WEBSITE_OR_APP,weak_label,,
1813,379798,@AmazonHelp They don't have system to track order numbers,DELIVERY_TRACKING,weak_label,,
1814,1466812,"@AmazonHelp It's the correct address, your delivery person botched the drop off location.",DELIVERY_INSTRUCTIONS,weak_label,,
1815,54370,@AmazonHelp If I don’t get it today can I get a refund on my one day shipping,REFUND,weak_label,,
1816,69944,"Hi @AmazonHelp my order has been delayed twice ❗️And when I tried to call your client service, they wanted to transfer my call to Amazon India (whereas I am in Luxembourg !). Any help ?",DELIVERY_DELAY,weak_label,,
1817,327014,@AmazonHelp I am quite frankly disgusted by your lack of customer care Last delivery by Prime #UPS 3days late New order for del 5th not here,DELIVERY_DELAY,weak_label,,
1818,27894,@AmazonHelp Most orders I place now say that shipping date will be notified rather than an exact date. Expedited shipping taking 14 days? https://t.co/B8jCCoJ9Xo,ORDER_DISPATCH,weak_label,,
1819,17908,"Two DOA orders. First hard drive came bouncing in a giant box, second one crushed in a padded envelope... sigh. Refund on way. @AmazonHelp https://t.co/4bRVrNlrBy",REFUND,weak_label,,
1820,375260,"@AmazonHelp Can I use Amazon GC balance on an order from Amazon Prime Now, given they use the same billing system (I think)?",PAYMENT,weak_label,,
1821,1752,@116096 Truly. This is the strangest vampire book I’ve ever received. 😜 cc @43760 @AmazonHelp #misship https://t.co/Zad7Az14Zg,,unlabelled,,
1822,419423,@AmazonHelp @115821 I didn't receive the product bt status says it's delivered to me,PACKAGE_NOT_RECEIVED,weak_label,,
1823,64224,"@AmazonHelp @115850  can not find my order, and costumer care can't cannect my any call or else. Amazon India refund my payment otherwise pay for that @AmazonHelp @120781 @119351",REFUND,weak_label,,
1824,9119,"@AmazonHelp I got it sorted out, after multiple phone calls and failed chat sessions (those were horrible btw)",,unlabelled,,
1825,810760,@AmazonHelp I can't log in.,ACCOUNT,weak_label,,
1826,96659,"@AmazonHelp It was next day Delivery FYI!!!
PLEASE DELIVER TODAY OR CANCEL THE ORDER
ORDER WILL BE REFUCED AT THE TIME OF DELIVERY.",ORDER_CANCELLATION,weak_label,,
1827,117907,@AmazonHelp Order has now been cancelled because neither you nor I could  get any visibility on delivery,ORDER_CANCELLATION,weak_label,,
1828,17685,@AmazonHelp Okay👍,,unlabelled,,
1829,204914,"@AmazonHelp Yes. Tracking stops yesterday, package due today. Guaranteed delivery date.",DELIVERY_TRACKING,weak_label,,
1830,2570,"@AmazonHelp yes i did,but amazonuk is not doing the refund process.if they do it .i will get the money",REFUND,weak_label,,
1831,28422,@AmazonHelp . @115821 another day goes by with radio silence. Package now 3 days late no shipment. Month long process with no answers,DELIVERY_DELAY,weak_label,,
1832,69806,@AmazonHelp Taking customer for ride ! I need a original product not refund!,REFUND,weak_label,,
1833,1078438,"@AmazonHelp are there problems with the new Amazon App? I downloaded it but when logging in it just takes me to the App store logo and nothing else. Rebooted phone, cleared cache, same issue.",WEBSITE_OR_APP,weak_label,,
1834,1503933,@AmazonHelp Also they are thinking about billing Amazon for the three hours they spent doing your delivery job for you.,PAYMENT,weak_label,,
1835,26914,@AmazonHelp Just now! I gave you the benefit of the doubt but I have now cancelled the order.,ORDER_CANCELLATION,weak_label,,
1836,741585,@AmazonHelp I already clearly mentioned  held on amazon app contest name :-amazon sale trail,WEBSITE_OR_APP,weak_label,,
1837,12522,"@AmazonHelp I have replied Sir, try and understand the gratitude of this event. You are exposing yourself in bad light",,unlabelled,,
1838,16769,@AmazonHelp The drivers who decide that they don't want to walk up three floors so they leave my groceries at the bottom of my stairs and bounce.,,unlabelled,,
1839,18923,@AmazonHelp Is there any update??,,unlabelled,,
1840,11584,@AmazonHelp But when will this get solved,,unlabelled,,
1841,18676,"@AmazonHelp Hi  I sent all you requested with no reply since.SO sad about that! 
I still have hope you will keep your word in a timely manner!",,unlabelled,,
1842,91508,"@AmazonHelp What's this, I have already paid for Order.No Support from Amazon.My money got stuck.Worst Shopping Experience Ever.Placed Order on 21Nov,Still not Delivered, Paid Rs13996 for Order-4__credit_card__.If I know my order is going to delay, I wll never purchas from Amazon.Deceived.",DELIVERY_DELAY,weak_label,,
1843,10639,"@AmazonHelp Thank you, I will.",,unlabelled,,
1844,528284,@AmazonHelp your iOS #Amazon app is showing wrong prices in the #wishList as compared to actual prices. #annoying Please fix!,WEBSITE_OR_APP,weak_label,,
1845,137157,"@AmazonHelp The product was set to be available on the 22nd of November. As it was a pre-order there is no tracking information given, just an apology for having nothing in stock",DELIVERY_TRACKING,weak_label,,
1846,18202,"@AmazonHelp #AmazonIndia ordered echo plus on 6th October, till now have not recieved any cashback. Now customer care is saying i am eligible for (1/2)",,unlabelled,,
1847,13169,@AmazonHelp Yes. I did reach out to amazon CS via the site &amp; I’m suppose to get my package tomorrow. 2nd time in the past 2 weeks this has happened.,,unlabelled,,
1848,233798,@AmazonHelp @116090 I still cannot log in.  Nobody has contacted me,ACCOUNT,weak_label,,
1849,5133,"@AmazonHelp No, I can't check. It shows nothing. And customer service rep was NO help.",,unlabelled,,
1850,78839,@AmazonHelp and conversation moves to another agent. Agents telling me they will refund me and then ending the chat. Promised 5 times someone will call me from the UK but always get Barbados call centre who have no clue about my complaint,REFUND,weak_label,,
1851,137105,"@AmazonHelp Expecting date is 24 of November, hasn't been dispatched yet. 

How to expect it on time. Already waited for almost 20 days. 

Seriously, look into this. 
Being no 1 worldwide this is your responsibility to satisfy the needs of the customer. 

I'm not at all happy this time!! https://t.co/pHmhkrezyl",ORDER_DISPATCH,weak_label,,
1852,8511,@AmazonHelp UPS supposed to pick up a return package yesterday and bring return label... never showed.,RETURN,weak_label,,
1853,117867,@AmazonHelp I’ve requested it’s return but the courier can’t pick it up while I’m here this weekend and my replacement won’t be arriving until Monday so I’d have to say I’m majorly disappointed and won’t be recommending this,RETURN,weak_label,,
1854,283068,@AmazonHelp That’s for your help. I now understand why items might not be shipped right away.,ORDER_DISPATCH,weak_label,,
1855,2151923,"@AmazonHelp whenever I try and watch anything on prime via fire tv I get error 5505, same problem since yesterday",DEVICE,weak_label,,
1856,42551,"@AmazonHelp I did not receive my order. I missed original delivery, cust service called me and I opted for later delivery.No delivery arrived.",PACKAGE_NOT_RECEIVED,weak_label,,
1857,9801,"@AmazonHelp I have checked there is no email from amazon, and amazon is in safe senders list.",,unlabelled,,
1858,9129,@AmazonHelp It looks as though someone has changed the email address linked to my acct &amp; I can no longer log in. Help!,,unlabelled,,
1859,16758,@AmazonHelp fuck you guys. Canceling Prime. Not gonna do business with you guys ever again.,,unlabelled,,
1860,404626,@AmazonHelp Thanks for solving 70% of my problem. I shud get 3000Rs but your executive gave 2000. Now amazon app shows this image so uninstalled the app https://t.co/aBKvxN1Le0,WEBSITE_OR_APP,weak_label,,
1861,394453,@AmazonHelp I am unable to login at any amazon website. My amazon pay stuck,WEBSITE_OR_APP,weak_label,,
1862,15671,"@AmazonHelp ""Refused shipment - on the way back.""",,unlabelled,,
1863,1751,@AmazonHelp Yep. I’m going to take it to the MegaAlexa at Whole Foods.,,unlabelled,,
1864,490501,Is there anyway that I can change my delivery address as I ordered a parcel today to come tomorrow however I put the wrong address in @AmazonHelp,DELIVERY_INSTRUCTIONS,weak_label,,
1865,17258,@AmazonHelp whts benefit? chatted wth 1 of ur executive. aprt fr4 Sorry n Apology he has nothing 2 offer. if u cn do something better thn reply or leave,,unlabelled,,
1866,319727,@AmazonHelp No. Parcel is a gift. No date or tracking number on card left @ my flat. Customer services had no advice in initial response.,DELIVERY_TRACKING,weak_label,,
1867,1717,"@AmazonHelp My package just got here. All good, thank you!",,unlabelled,,
1868,16432,@AmazonHelp Yes you have missed the deadline which was set at the time of purchase. After missing that deadline you have given me a new deadline now,,unlabelled,,
1869,28411,@AmazonHelp Still nothing. Package now two weeks late. How patient do I have to be with an issue I brought to you two months ago? @115821,DELIVERY_DELAY,weak_label,,
1870,11609,"@AmazonHelp お忙しい中、丁寧にありがとうございます。
申告窓口へ報告します。(｀_´)ゞ",,unlabelled,,
1871,138969,"@AmazonHelp Yes you did. 24hrs guaranteed delivery. No special instructions, it’s going to a shop for me to collect, which was made specifically so I don’t have to make multiple trips. Thanks",DELIVERY_INSTRUCTIONS,weak_label,,
1872,18190,"@AmazonHelp @115850  @120040
Even after your team's promise, I have not received my cashback of INR1500 before deadline given by them.",,unlabelled,,
1873,8535,@AmazonHelp I have re ordered one and going to see how long this one takes and then cancel second if not here by time that one gets here,,unlabelled,,
1874,11084,"@AmazonHelp So much of the programming has changed on Prime. Blues Clues was free, now it's not. Still constantly having problems with my Fire Stick.",,unlabelled,,
1875,334458,"Hey @AmazonHelp seit gestern Abend funktioniert die Amazon App nicht mehr auf der ps4, oder wii-u.. 😫",WEBSITE_OR_APP,weak_label,,
1876,16426,@AmazonHelp somehow Siri can turn off my lights but Alexa is incapable. #pleasefixit #buggedupdate https://t.co/wLNncaWcX1,,unlabelled,,
1877,205237,"@AmazonHelp My tracking details don't tell me what carrier is assigned to this package, so I'm not sure. Said ""shipped with AMZL US"" https://t.co/zqOyrFbOwE",ORDER_DISPATCH,weak_label,,
1878,18119,@AmazonHelp I have filled the form but I don't expect anything concrete to happen besides paying lip-service. No one comes back to say why this happens,,unlabelled,,
1879,144038,@AmazonHelp I gave additional delivery address info and was advised it would be delivered yesterday. But it wasn't. Not sure what else I can do?,DELIVERY_INSTRUCTIONS,weak_label,,
1880,16109,@AmazonHelp My order is due to arrive on Friday,,unlabelled,,
1881,16853,@AmazonHelp Already shared...,,unlabelled,,
1882,11403,@AmazonHelp すごっ、チェック早いですねー😸大分前に買った商品ですし、返品の手続きもめんどいんで今回は良いでーす🙋Amazonさん、どうもでーす😸,,unlabelled,,
1883,182865,@AmazonHelp No email. No idea with c care. Cancelled the order. They made a point to tell me all actions from amazon are done. I am amazon prime member,ORDER_CANCELLATION,weak_label,,
1884,142971,"@AmazonHelp My second order also not shipped yet, order date 21.11.17, i think amazon taking rest
Order: 407-2274167-3594706",ORDER_DISPATCH,weak_label,,
1885,600367,"@AmazonHelp I did, but it's very disingenuous to say that my package was handed to a resident when nobody was even home. Your system does not remotely sync up with @118706's when you ship via them. I always follow their tracking, not the one on the Amazon website.",WEBSITE_OR_APP,weak_label,,
1886,1360039,@AmazonHelp Both emails said delivery today and on the Amazon website they still state Delivery by Today at 8pm 🤷,WEBSITE_OR_APP,weak_label,,
1887,308923,@AmazonHelp I paid $52 to get same-day shipping and it’s not even here #wasteofmoney,ORDER_DISPATCH,weak_label,,
1888,207569,@AmazonHelp I have filled all the details in the shared secured link and there was no such option to fill my mailid. Kindly check the screen shot of that link.though I m getting mails in my inbox of Amazon app but there is no reply option. https://t.co/1O3O4EhWNc,WEBSITE_OR_APP,weak_label,,
1889,427303,"@AmazonHelp Started 2 weeks ago. Parcels are going to neighbours, or not being delivered - no attempted del cards. Del instructions have not changed.",DELIVERY_INSTRUCTIONS,weak_label,,
1890,13563,@AmazonHelp when do you guys charge for the Xbox one X I preordered? It ships the 6th.,,unlabelled,,
1891,334105,@AmazonHelp Despite compliants made on app and on twitter we still have not received the ordered item,PACKAGE_NOT_RECEIVED,weak_label,,
1892,77461,"@AmazonHelp Not a thing. Just the tracking going from dispatched to ""let us know if it's not here by saturday""",ORDER_DISPATCH,weak_label,,
1893,93496,"@AmazonHelp Oh I get it, so not actually shipping at all and not what used to happen when I signed up for prime",ORDER_DISPATCH,weak_label,,
1894,749736,@AmazonHelp is there any place I can add additional delivery instructions so that carriers stop forcing paperbacks into my mailbox? https://t.co/I63PnsSimC,DELIVERY_INSTRUCTIONS,weak_label,,
1895,349256,@AmazonHelp But in amazon app it's still yet to be dispatch and same confirmed with customer care through phone,WEBSITE_OR_APP,weak_label,,
1896,384502,@AmazonHelp My point is it would be quite helpful and a decent perk if you could pay inside the amazon app. It’s why I tagged @115851 just a thought,WEBSITE_OR_APP,weak_label,,
1897,11619,@AmazonHelp how do I inform your delivery drivers to just leave my package at my front door?,DELIVERY_INSTRUCTIONS,weak_label,,
1898,19120,@AmazonHelp Please pick up from your hand . I get also damage product from your hand,,unlabelled,,
1899,108072,@AmazonHelp Do you realise how unhelpful that response is? What do you suggest I do? Stay at work until 8pm? Change delivery to my home address and hope it’s delivered in the evening? Or just not shop with you? I’m all ears.,DELIVERY_INSTRUCTIONS,weak_label,,
1900,638,@AmazonHelp Hi ready for some help,,unlabelled,,
1901,80718,@AmazonHelp Why don't u upload the winner list on Amazon App..  And also taking too much time to accounce quiz winner and not accouncing on given time...  Sorry to say that but it looks like it's all fake fake fake fake.... Totally disappointed with d AmazonQuizApp process,WEBSITE_OR_APP,weak_label,,
1902,1738,@AmazonHelp Already have and the assistance I received was absolutely useless and rude.,,unlabelled,,
1903,10637,"@AmazonHelp The tracking indicated as here, and then, it seemed to go back in time, saying it was not here anymore. I believe it's USPS",,unlabelled,,
1904,1509316,@AmazonHelp I have done that it was two items from two separate people but the delivery due on the 2nd was left in my safe place but the others wasn’t,DELIVERY_INSTRUCTIONS,weak_label,,
1905,15297,@AmazonHelp @115851 @115850 @115821 so the social media escalation team is equally useless as the customer service team...hats off to incompetence,,unlabelled,,
1906,18972,"@115833 @AmazonHelp Will echo devices bought from US work in India, as ECHO has already been launched here ?",,unlabelled,,
1907,18920,@AmazonHelp Once again I submitted please check,,unlabelled,,
1908,9770,@AmazonHelp I have had the hassle to provide my concern on the given link twice and it’s a pain. Use the details I already mentioned. I m not doing it,,unlabelled,,
1909,18155,"@AmazonHelp No, is USPS even contactable, esp after hours?  I'll wait and see what happens tomorrow. Two delivery mishaps this month - one UPS, one USPS",,unlabelled,,
1910,1028995,"@AmazonHelp it's not the bank, because the day after I talked to Amazon about the charges they disappeared. but then today I got charged again.",PAYMENT,weak_label,,
1911,139015,"Pre-ordered a book on @115830 that came out on 16th November, and it still hasn't been dispatched. So disappointed! @AmazonHelp",ORDER_DISPATCH,weak_label,,
1912,842259,I never received my @115821 order and it says it was delivered yesterday @AmazonHelp,PACKAGE_NOT_RECEIVED,weak_label,,
1913,18124,@AmazonHelp could not be delivered as no one was available to receive it.... 3/n,,unlabelled,,
1914,144176,@AmazonHelp I have tried to contact the seller but they do not have a contact number. I could only speak to reception of the building where they are based who said they would pass on a message and to call back if not contacted after one week.,SELLER,weak_label,,
1915,250573,"@AmazonHelp I would if I could, the package hasn't even shipped yet.",ORDER_DISPATCH,weak_label,,
1916,191529,@AmazonHelp There is the same model for 100 more from another seller but you guys won’t cover the difference? It’s crazy.,SELLER,weak_label,,
1917,15296,@AmazonHelp I did...which said WE CANNOT DO ANYTHING...same as customer service...which triggered My reply...I am just asking basic question here,,unlabelled,,
1918,2381788,"@AmazonHelp @AmazonHelp  After asking to escalate the chat, I was transferred to a customer service ""supervisor"" who happened to be at the Kindle desk with no idea of my issue",DEVICE,weak_label,,
1919,230055,@AmazonHelp How to check address and phone number of my delivery address after ordering products?,DELIVERY_INSTRUCTIONS,weak_label,,
1920,11984,@AmazonHelp It's point less to actually fill this form.Since you always give me those replies with I'll personally follow up and stuff..,,unlabelled,,
1921,18188,"@AmazonHelp I have submitted all the required details, please do the necessary else i'll have to go to consumer forum this time :(",,unlabelled,,
1922,204913,"@AmazonHelp I'd rather you never use Amazon Logistics to send my items. FedEx and UPS have never been late, unless Amazon screws up the order.",DELIVERY_DELAY,weak_label,,
1923,95377,"@136737 @AmazonHelp Hi Martin, thanks for looping us in. Could you provide the seller info so we can properly file a claim against this seller? Thanks.",SELLER,weak_label,,
1924,1615508,Didn't receive prime subscription with #echodot order id 405-6016617-8745100 :( @AmazonHelp @115850,PACKAGE_NOT_RECEIVED,weak_label,,
1925,128730,"@AmazonHelp I have a package that is set for today but my last update was yesterday morning, ""Package has left seller facility and is in transit to carrier""",SELLER,weak_label,,
1926,238634,@AmazonHelp Well whilst I had one late delivery I thought you could ha e sorted it via a tweet.  But now I have 2.,DELIVERY_DELAY,weak_label,,
1927,11032,@AmazonHelp Yes,,unlabelled,,
1928,334864,"@AmazonHelp I was trying to change the payment method on an order that had shipped. All she had to say is ""we can't do that.",PAYMENT,weak_label,,
1929,18911,@AmazonHelp Where you send correspondence ?? I did not get any correspondence.,,unlabelled,,
1930,579890,"@AmazonHelp ordered a product from the Amazon app on July 16th with an expected arrival date of August 16th, but the product has not arrived",WEBSITE_OR_APP,weak_label,,
1931,16889,@AmazonHelp I already replied on mails...u people just wasting time nothing else.. no action has been taken against seller n brand...as a compensation,SELLER,weak_label,,
1932,13162,@AmazonHelp This has been the most frustrating and useless customer service ever.,,unlabelled,,
1933,17221,@AmazonHelp This form also has a tab which asks for the email address associated with my Amazon account but there is NONE. How do I fill in that? Urghh,,unlabelled,,
1934,98586,"@AmazonHelp Useless show Amazon... Again no body ce to pick up stuff for return

Worst respond to customer..... GUYS PLS STOP BUYING Stuff FROM AMAZON.
@118342  TO HELL WITH FDI... AND RESTRICT THEIR Working PLS",RETURN,weak_label,,
1935,984046,@AmazonHelp One more...the status says delivered but I have never received it #403-5351279-2227531 - Your customer service is terrible,PACKAGE_NOT_RECEIVED,weak_label,,
1936,179168,@AmazonHelp Why don't u share tracking details. You have added Seller with half info.  You don't have seller contact num,SELLER,weak_label,,
1937,210352,@AmazonHelp And I’ve just had a parcel delivered today with instructions to leave in greenhouse. So they’ve left it in the bin 😠,DELIVERY_INSTRUCTIONS,weak_label,,
1938,298418,@116090 @AmazonHelp why is there no way to contact customer service? I was double charged for an item and I have no way of communicating that.,PAYMENT,weak_label,,
1939,391635,@AmazonHelp That's having me log in - I can't log in because someone changed my account email.,ACCOUNT,weak_label,,
1940,5285,@AmazonHelp hey amazon - please help me :( i hVe tried calling and chatting with y’all but keep hitting walls. DM?,,unlabelled,,
1941,11603,"@amazonhelp My order 113-8951188-2020217 says ""Left in mailroom"" but my house doesn't have a mailroom and I've been home all day.",,unlabelled,,
1942,1442567,@AmazonHelp Os vale la fecha de la amazon app? https://t.co/gD0QfHkMwA,WEBSITE_OR_APP,weak_label,,
1943,984297,@AmazonHelp Account hacked weeks ago. Trying to reopen.Told account specialists would sort. Still haven’t. Spent atleast two hours total on phone so far,ACCOUNT,weak_label,,
1944,4849,"@AmazonHelp how is Amazon going to solve this? By mail, text, call, customer phone service, no one is able to help me https://t.co/jhzCjY2bOw",,unlabelled,,
1945,16798,@AmazonHelp Now with #fraud u guyz have started #lying as well not even a single call has come from your team #poorcustomerservice #fraud https://t.co/JDr9VTOeGa,,unlabelled,,
1946,1279828,"Bad customer service. Did not receive my order yet, even after the customer service employee confirmed. @115850 @AmazonHelp",PACKAGE_NOT_RECEIVED,weak_label,,
1947,71900,"@AmazonHelp Yaa sir, i responded your letest concern at 3:24pm as i got the mail at 3:19pm today. Please check ur detail and correspondence. Sir, u cant understand my problem as i paid for nothing, and now also having too much headach u guys and ur team. Plz check ur mail and make my refund.",REFUND,weak_label,,
1948,176355,"@AmazonHelp What option specifically do I choose to get to chat? Will I do ""where's my stuff""?? And then from there, it's mostly all about tracking? But I don't need an order tracked because it's not on it's way, because it doesn't even exist and my problem is I don't know why",DELIVERY_TRACKING,weak_label,,
1949,1006601,"@AmazonHelp I am being charged twice for the same book rental,what do i need to do to fix this?",PAYMENT,weak_label,,
1950,575333,"@AmazonHelp i cant sign my account, it says ""Account Locked"". Can you help me?",ACCOUNT,weak_label,,
1951,180525,@AmazonHelp how will you do that no one has asked me about my order # to track or trace who the CSR was??? Keep your disappointment with you.,DELIVERY_TRACKING,weak_label,,
1952,526563,@AmazonHelp I want Billing address to be same as Shipping address,PAYMENT,weak_label,,
1953,18136,@AmazonHelp What is the response. I am yet to get a call from customer care,,unlabelled,,
1954,423261,"@AmazonHelp-received drenched, damaged fridge.Late delivery on Mon 9 Oct.Wasted 2 leaves on recieving &amp; pickup.Will amazon pay 4 my leaves? https://t.co/E5Pn7e8URM",DELIVERY_DELAY,weak_label,,
1955,1068738,@115850 @AmazonHelp Didn't receive my order as the delivery person refused to do so!,PACKAGE_NOT_RECEIVED,weak_label,,
1956,13926,@AmazonHelp Nothing on my order on your web site.,,unlabelled,,
1957,138106,@AmazonHelp @147110 Are you 100% sure that's correct? One of my orders was marked as 'Dispatched' an hour ago. It still says it's going to arrive on Monday. #blackfriday #nextdaynotnextday https://t.co/17xSFlkZvX,ORDER_DISPATCH,weak_label,,
1958,18722,@AmazonHelp Till now I have noticed it in a couple of episodes of mike and molly and also in 'the middle',,unlabelled,,
1959,49898,@AmazonHelp it has shipped already VIA UPS GROUND not via 1 day shipping #Fraud,ORDER_DISPATCH,weak_label,,
1960,13179,"@AmazonHelp yes spoke w/ customer service, still canceling my prime though since it does literally nothing apparently",,unlabelled,,
1961,232348,"@AmazonHelp @115850 not received the package today.This is showing ""Product delivered"". Check. urgently. I've not even received call from the courier.",PACKAGE_NOT_RECEIVED,weak_label,,
1962,3753,"@AmazonHelp Mac book pro, with Chrome",,unlabelled,,
1963,102929,"@AmazonHelp I mean, this is so massively dumb. Take out a feature, then don’t tell your support how to manage it. Simple question and instead I get the third degree on my billing address and wrong information based on where it was sent.",PAYMENT,weak_label,,
1964,18948,"@AmazonHelp Then what do I do now ??
You guys have frustrated me..",,unlabelled,,
1965,250585,@AmazonHelp Not much help from @AmazonHelp either; 7 days and hasn't shipped. Underwhelmed.,ORDER_DISPATCH,weak_label,,
1966,99776,@AmazonHelp No. I had to go to amazon's site again and re-process a return. I've had to call almost every day for 2 weeks. I can recommend a training company if you need?,RETURN,weak_label,,
1967,1108146,"@AmazonHelp Yes a ""Guaranteed Delivery"" date of yesterday. It's happened a number of times this year, including an order that was lost in shipping &amp; I was then charged twice when it was re-shipped. I can understand errors happen, but now just unreliable.",PAYMENT,weak_label,,
1968,13149,@AmazonHelp asm mentioned before. You all are just idiots.,,unlabelled,,
1969,5284,@AmazonHelp I’m looking to reroute all my packages (except 1) to a nearby Amazon locker. I’ll DM you now :),,unlabelled,,
1970,223880,@115850  @AmazonHelp I have won this please tell me how to track this order. I am unable to do so.. https://t.co/hah2s2epV4,DELIVERY_TRACKING,weak_label,,
1971,58152,@AmazonHelp Seller Support is helpless &amp; we can only get template copy+paste replies from them. Genuine concerned are being ignored like Garbages,SELLER,weak_label,,
1972,86258,"@AmazonHelp MS, thanks, but Phillips Hue won't work in English in Germany. It'll ask you to switch the device language to German (and also crash in the process). Fire TV stick and Alexa will not even display a link option with both devices set to English while connected to a German account.",DEVICE,weak_label,,
1973,1582569,@AmazonHelp that's strange. Issue is I didn't receive cash back for order ending with 519 while another order ending with 116 that was placed after that,PACKAGE_NOT_RECEIVED,weak_label,,
1974,2395768,@AmazonHelp Account locked because of ‘pay with Amazon’ failing on another site. No communication received from you at all and I’ve called twice trying to resolve.,ACCOUNT,weak_label,,
1975,735008,"@AmazonHelp Yes, when I’m trying to change the payment method and/or shipping address options it re-routes me back to the cart. Yet I haven’t even selected any options of method nor destination(s)...",PAYMENT,weak_label,,
1976,16466,@AmazonHelp The link didnt go to app instead asked me to buy movies :-) I am looking for those on Amazon prime. Search function said did not exist,,unlabelled,,
1977,67540,@AmazonHelp All been sorted. Thank you. My refund should be with me in the next few days😊,REFUND,weak_label,,
1978,16790,"@AmazonHelp Last mail rec'd on 09.10.2017 stating refund will be in my account by 14.10.2017
Bt same not rec'd.",REFUND,weak_label,,
1979,1487385,@115821 @AmazonHelp Not received package..still app says it has been deceived..Can you guys please help me with this issue ?,PACKAGE_NOT_RECEIVED,weak_label,,
1980,35165,"@AmazonHelp It was delivered on 15-Jul-2017,so no way of returning this.... full waste of money
Bt plz deliver 
Sennheiser CX 180 at asap!!",RETURN,weak_label,,
1981,929644,"@AmazonHelp Yeah. Carrier said they never received the item and it won't be delivered this weekend at all. In fact, only 2 of the 4 items in my order were arrived. #PrimeFail",PACKAGE_NOT_RECEIVED,weak_label,,
1982,89188,@AmazonHelp Its been 15 days since i asked for my refund and i am still yet to recieve it. When will i get my $104.95???,REFUND,weak_label,,
1983,1701,@AmazonHelp You have to log in. I don't remember the email address I used. Can you look up the account by my bank information?,,unlabelled,,
1984,13918,"@AmazonHelp No, it still says arriving today.  I should have been notified as soon as the delivery date changed.",,unlabelled,,
1985,123402,"@AmazonHelp @6967 And not only that, when I track my order on your website.... Apparently I didn't make any. Even though I have emails and credit card receipts proving otherwise. https://t.co/9AzQ8RTAbt",DELIVERY_TRACKING,weak_label,,
1986,109931,@AmazonHelp This is Amazon help page. I dont think so its helping me even though MK who replied used very harsh wording. Consultant should understand the concern and provide the resolution. My order have been cancelled after 20 days. Y so? I need resolution. M not happy with services.,ORDER_CANCELLATION,weak_label,,
1987,257819,@AmazonHelp Still no delivery and tracking still says out for delivery. What happens now please? Really wanted the item today 🙁 https://t.co/YvgyaWbwD0,DELIVERY_TRACKING,weak_label,,
1988,11336,"@AmazonHelp ご親切にどうもありがとうございます。
買おうと思った商品が出品者の意向でキャンセルになり、同じ商品が出品されたまま１万円値段が上がっていました。不可解です。",,unlabelled,,
1989,174492,"@AmazonHelp very disappointed that my order has been delivered to the wrong address, when I called the help line I was told it could still arrive despite my order tracking stating handed to resident and now to wait until the 28th as it may still come.",DELIVERY_TRACKING,weak_label,,
1990,218961,@AmazonHelp No use. They are clueless. This shows clearly that you don’t have control on your delivery and your seller.,SELLER,weak_label,,
1991,1724,@AmazonHelp Deluxe edition on September 16th. It definitely had the pre orders on the profile because that’s why I ordered. Also why I paid for Prime..,,unlabelled,,
1992,128728,@AmazonHelp My package now says it is late and the tracker has not updated.,DELIVERY_DELAY,weak_label,,
1993,1064790,@AmazonHelp Leider reagiert meine @118117-Playbase nicht mehr korrekt auf Alexa (Echo). Es gab ein Update von Sonos. Problem bekannt?,DEVICE,weak_label,,
1994,634,@115821 @AmazonHelp why is my order at my local courier for the last 6 days and still hasn’t been delivered to me?? Over 1 week late 😡,,unlabelled,,
1995,140013,@AmazonHelp Struggling to see the point of having Amazon Prime if my item hasn't been dispatched 48 hours after my order was placed. I would love to have my new TV for Blue Planet on Sunday please,ORDER_DISPATCH,weak_label,,
1996,89316,"If I hear “it’s not our fault your package is late” one more time from @115821, I’m done with #Prime. @AmazonHelp",DELIVERY_DELAY,weak_label,,
1997,2073938,@AmazonHelp 15 minutes left to deliver then we are into day 3!! I’m at work tomorrow so what are you going to do about delivery of your driver won’t leave it behind the bins?,DELIVERY_INSTRUCTIONS,weak_label,,
1998,80629,@AmazonHelp Need support on seller central,SELLER,weak_label,,
1999,16453,@AmazonHelp Jaya janaki nayaka full movie upload bro,,unlabelled,,
2000,16788,@AmazonHelp Did the same..but din't get any response..n ur chat executive says we don't have any record of u..,,unlabelled,,
2001,64117,@AmazonHelp I ordered 3 books approx £8 each. They were a gift but the person already has 2 of them so I want to send them back and as far as I can see that's going to cost me £3.99 return fee per book!!!,RETURN,weak_label,,
2002,15698,@AmazonHelp Hi. This is where I'm stuck. When will you initiate the pick up? https://t.co/bVTocnrC1k,,unlabelled,,
2003,18131,@115850 @AmazonHelp 'Handed over directly to Customer' when I'd left this place at 6:00 pm &amp; never returned for the night. Trust @115850 to do the impossible,RETURN,weak_label,,
2004,183075,"@AmazonHelp
Talked regarding delivery delay issue worst experience. Unprofessional cs agent",DELIVERY_DELAY,weak_label,,
2005,1714251,"@AmazonHelp shall I share the order id
I didn't received the cash back on my order",PACKAGE_NOT_RECEIVED,weak_label,,
2006,30549,@AmazonHelp Many sellers are affected by this!  We can't get our money disbursed from Amazon seller accounts.  It's been going on for a week !,SELLER,weak_label,,
2007,130386,"@AmazonHelp  Order# 406-6151795-4450720 was never receive by me. and on the order tracking page , it is showing that it is delivered to me. Also signed by me.",DELIVERY_TRACKING,weak_label,,
2008,56937,@AmazonHelp Is there any way i can get a refund ? Because i really meed this on release .,REFUND,weak_label,,
2009,518780,"@239691 @AmazonHelp Hello 4wordSoul, 

I am sorry to hear that you may have been double charged.  If you would email me at __email__ and provide your order number or any warranty information I will happily follow up with you directly to confirm.

Thanks,
MQ",PAYMENT,weak_label,,
2010,77367,@AmazonHelp Please update me about the refund. Now I can't trust u ppl and again book it to get disappointment. I will now buy From @132994,REFUND,weak_label,,
2011,17671,@AmazonHelp Tried that. No joy. Original echo works. New echo plus works but adding both to music group seems impossible. Select one other is unavail,,unlabelled,,
2012,968219,@AmazonHelp Yes I am ordering from https://t.co/nIznPrO5YO. It's telling me to update my payment method so I do and it still ends up cancelling it,PAYMENT,weak_label,,
2013,360260,@AmazonHelp is your Alexa App currently down? Won't start on my iPhone...,DEVICE,weak_label,,
2014,756352,@AmazonHelp Rbl card not activated since last 8 days. Account locked so care people not helping. Wht to do. Replied on account lock .. no answer,ACCOUNT,weak_label,,
2015,230617,@AmazonHelp So basically they told me it’s not in stock and I can cancel my order.  I’d like to know when it’s going to ship!,ORDER_CANCELLATION,weak_label,,
2016,13576,@AmazonHelp  Ordered a camera; Shortly after received call from 206-508-4014. I didn't answer.. I immediately received an email from...,,unlabelled,,
2017,343132,"@AmazonHelp Expected by 30th october, dispatched.. i also ordered another parcel which says the same but it arrived no problem.",ORDER_DISPATCH,weak_label,,
2018,13144,@AmazonHelp Sorry to have to say this. But you all are idiots. Once more email completely ignoring my query and giving template reply,,unlabelled,,
2019,126827,@AmazonHelp There really is NO help for Amazon customers. This is a pacifier until Monday. I made a big mistake ordering from Amazon not knowing they aren't accountable for their mistakes. If they cancel your order they choose the item you get and the item they cancel. UNREAL??,ORDER_CANCELLATION,weak_label,,
2020,12500,@AmazonHelp Thanks.,,unlabelled,,
2021,921334,"@AmazonHelp I have not received everything promised in a package I ordered, what do I do. I'm in urgent need.",PACKAGE_NOT_RECEIVED,weak_label,,
2022,384403,@AmazonHelp why u guys okay d address for delivery if u cant deliver at dat address. Previously I hv rcvd delivery now ur courier guy denies,DELIVERY_INSTRUCTIONS,weak_label,,
2023,13148,@AmazonHelp I have written back. expecting a call urgently.,,unlabelled,,
2024,1481190,"@AmazonHelp I could do it online (via safari) however, when ordering from the iphone Amazon app it did not work. I have it now.",WEBSITE_OR_APP,weak_label,,
2025,360704,@115850 @AmazonHelp Where is order ?. No setisfectory response from CC. Delivery service getting worse ..,DELIVERY_TRACKING,weak_label,,
2026,19466,"@AmazonHelp via Twitter and you people ask me to fill one form, I did and wait to see what happen next~ thanks for asking~",,unlabelled,,
2027,1252195,"@AmazonHelp hi, why was I charged twice for one item? (As in, 2 x the price of the item has been charged to my card, so it’s not just an authorization issue)",PAYMENT,weak_label,,
2028,16822,@AmazonHelp The moment I tweeted you guyz i got a call from ur agent stating that he will pickup the product tomorrow really bad service #complain,,unlabelled,,
2029,76103,"@AmazonHelp It just shows ‘Your video library’, ‘Write a product review’ and ‘Hide Order’. No ‘Cancel item’",ORDER_CANCELLATION,weak_label,,
2030,527680,"@AmazonHelp from what I can tell, everything I ordered is in the box. But I have never received a package in this condition from any of the other carriers. I am willing to pay extra if I have too if only not to have @3375 ever used to deliver my packages.",PACKAGE_NOT_RECEIVED,weak_label,,
2031,18161,@AmazonHelp Do I have to share email thread of how they are treating to me.,,unlabelled,,
2032,69787,"Amazon.in is the biggest fraud in this country guys boycott this company they are cheating us by delivering empty boxes and not even giving the refund for this , i will upload the cctv camera footage of my house and show it to everyone @AmazonHelp",REFUND,weak_label,,
2033,24959,"@AmazonHelp I will not do that, m fed up of doing thst and you people keep repeating same, now just refund my money",REFUND,weak_label,,
2034,4853,"@AmazonHelp no luck it keeps asking for code witch is not sending to my phone can Amazon eliminate the 2 step method, this is so frustrating",,unlabelled,,
2035,144003,@AmazonHelp i think you have not seen my old tweets....i have done this earlier also get mail from ur sociol escalation team ....but nothing happened.....they advised me to do use other payment method rather than solving my issue with cod,PAYMENT,weak_label,,
2036,205714,@AmazonHelp No but it’s no longer showing any way to track the package https://t.co/535QKMIpa8,DELIVERY_TRACKING,weak_label,,
2037,292360,Anyone else notice that #Amazon is taking 2 long to ship? Ordered 10/2 still not shipped &amp; it's all in stock. @AmazonHelp @115821 @115937,ORDER_DISPATCH,weak_label,,
2038,645,@AmazonHelp That page is useless - doesn’t allow me to state it hasn’t been delivered; only tells me it has! How can you sort this out?,,unlabelled,,
2039,16121,@AmazonHelp It’s okay. I’ve got it done. Don’t need ur assistance anymore. #ServiceFailure,,unlabelled,,
2040,13917,@AmazonHelp  https://t.co/DJzdya8ZMM,,unlabelled,,
2041,11075,"@AmazonHelp i understand, but i am asking a general question, do you or do you not have a policy about late delivery with amazon prime?",DELIVERY_DELAY,weak_label,,
2042,179175,@AmazonHelp I am shocked.That how can u add seller with half https://t.co/xITKKrwr5z have no contact details of seller. He is not responding.,SELLER,weak_label,,
2043,424319,@115850 hi I want to recharge my mobile...but failed to find that section on Amazon app...can u tell me how..@AmazonHelp,WEBSITE_OR_APP,weak_label,,
2044,986234,@AmazonHelp This order says delivered but I never received it #403-2589731-9684305 Please help,PACKAGE_NOT_RECEIVED,weak_label,,
2045,1042348,@AmazonHelp did not received any update yet order id is 408-2098277-0968369,PACKAGE_NOT_RECEIVED,weak_label,,
2046,421367,"@AmazonHelp i know it will but the problem is that, what is the use of the tracking tool in the amazon app then when u dont update daily status.",WEBSITE_OR_APP,weak_label,,
2047,16849,@AmazonHelp Not satisfied,,unlabelled,,
2048,4950,@AmazonHelp No. Como puedo contactarlo,,unlabelled,,
2049,17890,@AmazonHelp It was updated to 10/30 later but that was also wrong,,unlabelled,,
2050,30520,@AmazonHelp Your return pickup for 407-4463037-6609940 has been scheduled for 02-Nov between 1-4PM. Why am I called that it will be picked in next 1 hr?,RETURN,weak_label,,
2051,643841,"@AmazonHelp You guys really have no understanding of Customer service, I am trying to contact you on phone regarding the payment issue but the stupid Ivr is not connecting me to your agent.",PAYMENT,weak_label,,
2052,1349103,"@AmazonHelp Yup, from Play Store, and then again from Amazon App Store, claims to be successfully installed, then just won't open.",WEBSITE_OR_APP,weak_label,,
2053,285116,@AmazonHelp a notification from my amazon app stating it had been dispatched!,WEBSITE_OR_APP,weak_label,,
2054,1955931,@AmazonHelp I never thought it would be impossible to change a pre order delivery address until I met Amazon. #uselesspeckers,DELIVERY_INSTRUCTIONS,weak_label,,
2055,18934,@AmazonHelp Amazon is clearly indulge in fraudulent activities.Thank for ur service so far.,,unlabelled,,
2056,1730,@AmazonHelp I’ve cancelled my order and gone to Best Buy. Thank you.,ORDER_CANCELLATION,weak_label,,
2057,2547,@AmazonHelp Yeah I sent you a DM too. Had an email saying when it had been dispatched but nothing since.,ORDER_DISPATCH,weak_label,,
2058,588787,"@AmazonHelp I had an email to say my parcels at been delivered and left in my safe place. They weren't. They were left on my neighbours porch in full view of the street. You can't miss my house, there is a big sign with my house name on the gate.",DELIVERY_INSTRUCTIONS,weak_label,,
2059,140010,"@AmazonHelp @AmazonHelp Thanks for the quick response. On my confirmation email it says ""delivery date pending"". On my order it says ""preparing for dispatch"" but still no estimated delivery date - here's a screenshot. Thanks https://t.co/6XdBxIaTDj",ORDER_DISPATCH,weak_label,,
2060,1735,"@AmazonHelp Fulfilled by Amazon. It’s quite disturbing you’re selling counterfeit items, and can’t be trusted.",,unlabelled,,
2061,246434,"@AmazonHelp No, you provide no times for delivery therefore no one was in. Can’t change the delivery address so I have the parcel for the weekend! Crap",DELIVERY_INSTRUCTIONS,weak_label,,
2062,16862,@AmazonHelp U people not even understanding the situation...there was fire on stove n if cylinder got fired what worst could happened...,,unlabelled,,
2063,178641,"@AmazonHelp No,except i would like it moved from the seller to my address,as was promised,this is happening all the time Yodel are rubbish !!",SELLER,weak_label,,
2064,60270,@AmazonHelp oh and a refund of my free delivery along with an insulting £5 goodwill 👌🏽 #failure,REFUND,weak_label,,
2065,14285,@AmazonHelp I found out that when I subbed to a channel on Twitch using Amazon pay it moved ALL my subscriptions to Amazon Pay. A heads up would be nice,,unlabelled,,
2066,351854,@AmazonHelp @115850 @118702 @119351 got the message delivered but product not received #worst #service #chor #courier @AmazonHelp @115850 Betteer to order from @118702,PACKAGE_NOT_RECEIVED,weak_label,,
2067,18949,"@AmazonHelp Yes you missed it completely and made a blunder.
Call me on 9140560819 for more understanding",,unlabelled,,
2068,671790,@AmazonHelp my Alexa is not working,DEVICE,weak_label,,
2069,419428,"@AmazonHelp not able to track my order for prime member,delivery  date was 9th oct",DELIVERY_TRACKING,weak_label,,
2070,331561,"@AmazonHelp Yes, received an email asking me to respond with correct billing address. Did respond to it, but they do not seem to accept incoming emails",PAYMENT,weak_label,,
2071,21411,@AmazonHelp I have clearly mentioned that I need the book for studies in next few days atleast. So I can not afford to return. And rather what solution I got from you is return of that order which I could have done anyway. I want different solution so I contacted you.,RETURN,weak_label,,
2072,365601,@AmazonHelp how can i my track my order? my track id number is 20174042201 please check and update,DELIVERY_TRACKING,weak_label,,
2073,207762,"@AmazonHelp the 2nd, delay email came on the 3rd, tried to cancel as I needed the parts, now expected 4th, still not here, 3rd delayed order",DELIVERY_DELAY,weak_label,,
2074,98791,"@AmazonHelp what mail?
Not received my parsal yet. check status. Its delivered
investigating??
U r doing really biggest fraud.
#fraud_amazon",PACKAGE_NOT_RECEIVED,weak_label,,
2075,313848,@AmazonHelp Your online robot said I wouldn’t get them until late November even though I could order now and get them straight away,DELIVERY_DELAY,weak_label,,
2076,1703,@AmazonHelp I tried my phone number but I didnt have a mobile account. I went through this for 2 hours on the phone with someone.,,unlabelled,,
2077,582617,@AmazonHelp Why has my unlimited music subscription been suddenly cancelled? I was on 3mnths for 99p and now I can't rejoin that offer!! 😠 My payment method is fine also as I have bought from you recently using the same method!,PAYMENT,weak_label,,
2078,11055,"@AmazonHelp リプありがとうございます！
それがデビット機能は付いていないので不思議だったのです。

いずれにせよ取り消されるみたいで安心しました！",,unlabelled,,
2079,16428,@AmazonHelp Not impressed with Amazon Logistics. Computer parts delayed a week and a refund is the only option? Really disappointed.,REFUND,weak_label,,
2080,1413396,@AmazonHelp I told you that order status is not showing on Amazon website. What's wrong with that? Send me email about status of my order.,WEBSITE_OR_APP,weak_label,,
2081,222629,"@AmazonHelp The order was bundled with Amazon Gift card that sent to me earlier. 100% Amazon's fault. Payment declined, can't cancel order. Stuck.",ORDER_CANCELLATION,weak_label,,
2082,421720,"@AmazonHelp why does be late if any product cash payment if we order cod then after 3rd day reach 
My order# 171-4020824-0048344",DELIVERY_DELAY,weak_label,,
2083,384463,@AmazonHelp They are not able to track my order. Please look into this on priority..otherwise I'll forward this issue to the consumer court...,DELIVERY_TRACKING,weak_label,,
2084,9132,Haha @117634 has been sneakily charging me $9.99 SINCE FEBRUARY for a service I never use💩🙈👎 $90 gone!!! Thanks @AmazonHelp,,unlabelled,,
2085,1566763,@AmazonHelp Hi guys...still awaiting solution to my kindle issue,DEVICE,weak_label,,
2086,11602,"@AmazonHelp Not in the mailbox, not on the porch, not in my house, not at the neighbors. This was a Prime order, late/lost again.",DELIVERY_DELAY,weak_label,,
2087,533263,@AmazonHelp I’ve already called customer service and they don’t have many way of contacting the depo...all they offer me is putting a delivery instruction on the order (which didn’t work before) and offer to extend my prime (I don’t want it...it’s already been extended),DELIVERY_INSTRUCTIONS,weak_label,,
2088,298959,@AmazonHelp No and I cannot contact anyone via the site because I cannot sign in. It will let me change my password but not use the password.,ACCOUNT,weak_label,,
