conversation_id,customer_tweet_id,support_tweet_id,customer_message,support_response,customer_created_at,support_created_at,customer_length,support_length
277105,277104,277106,@AmazonHelp I ordered something through prime and now it’s going to be almost a week. And yet it says order by today to receive in 2 days?,@182214 Were you given any reason for the delay? ^KM,2017-10-14 14:01:14+00:00,2017-10-14 14:07:00+00:00,138,52
1603300,1603295,1603301,@AmazonHelp Keeps getting worse. Is there someone @115821 that can fix this?,@492049 Hi Brett. What were you advised while on the phone? ^DC,2017-11-05 07:53:55+00:00,2017-11-05 07:58:00+00:00,76,63
1616458,1616457,1616459,@AmazonHelp Have already contacted the customer care.. Glad that he's taken time for tomorrow.. let's see  if they show up tomorrow morning.,@139239 I'm positive the query will be resolved soon. Do keep us posted for further help. Appreciate your patience. ^AK,2017-11-25 13:16:24+00:00,2017-11-25 13:38:25+00:00,140,119
128754,128743,128744,@AmazonHelp Signing into my account is about 1% of my problem,"@144964 Hey, the link provided in the previous message doesn't requure you to sign in. You can use it to reach out. ^RS",2017-11-24 06:14:12+00:00,2017-11-24 06:28:28+00:00,61,119
1153737,1153727,1153729,"@AmazonHelp Ahora fueron unos vinilos, unos blurays y un juego de Switch",@220842 ¡Vinilos! ❤ ¿Cuáles tienes? ^DA,2017-10-24 18:08:36+00:00,2017-10-24 18:15:03+00:00,72,39
1261833,1261817,1261815,@AmazonHelp Spero non accada la stessa cosa di Fifa18..arrivato tre giorni in ritardo...,@415585 L'ordine sarà spedito in tempo per essere consegnato domani. Avevi segnalato il ritardo di Fifa 18 al nostro Servizio Clienti? ^EA,2017-10-26 10:36:29+00:00,2017-10-26 10:43:55+00:00,88,138
2390370,2390438,2390439,@AmazonHelp I was last advised they would give me £5 goodwill on my account and that they would try and get the item to me by yesterday at 8pm. I knew there was no guarantee of this. It should be here today according to the updates on my account that were added without my consent.,@688588 Sorry to hear of the delay with your order. Has there been an update to the tracking today?: https://t.co/aaDyEz1VgE ^ES,2017-11-14 09:52:52+00:00,2017-11-14 09:59:28+00:00,281,128
2747145,2747141,2747143,"@AmazonHelp We have been promised a call back 3 TIMES. Still no call back and no cat flap. Your service sucks. NOT COOL...unlike our cat who is very cool, freezing cold in fact.",@178258 I'm sorry for the delay! I have reached out for an update and we thank you for your continued patience. ^MW,2017-11-28 13:52:34+00:00,2017-11-28 14:23:32+00:00,177,115
2924575,2924570,2924576,"@AmazonHelp This has been very frustrating. I don't even care that much! An hour of my life dealing with this isn't worth the $40 I would have saved. But now I'm down the rabbit hole and want to understand why @115821, which is usually great, has a misleading #CyberMonday2017 non-sale.",@809253 Thank you for bringing this to our attention. I've escalated this to our Amazon Video team. ^LR,2017-11-29 03:05:51+00:00,2017-11-29 03:44:33+00:00,286,103
2434587,2434600,2434603,"@AmazonHelp We can have patience if delivery is delayed by you after guaranteed dlvry.
But can you return order if we get it by someone else.",@502527 Apologies for the trouble with the delivery of the order. This being social media platform we don't have access to ^AK (1/2),2017-10-30 10:59:51+00:00,2017-10-30 11:20:31+00:00,141,132
2401457,2401460,2401461,"@AmazonHelp It has issues like heating up fast , fingerprint sensor, getting restart by it self",@690937 Apologies for the trouble. Kindly drop in your details here: https://t.co/GIJyeYqKE0 &amp; we'll look into this right away. ^RB,2017-10-29 10:06:12+00:00,2017-10-29 10:30:32+00:00,95,135
954937,954936,954938,"@AmazonHelp So, if some already bought it before I deleted the item off the wishlist, will I still receive the item?","@346578 If the item has already been purchased and shipped to your location, the item would still be in transit. ^WM",2017-10-21 21:29:53+00:00,2017-10-21 21:33:00+00:00,116,116
2722192,2722196,2722197,@AmazonHelp Wenn ihr mir noch sagt unter welche Kategorie das fallen soll? ;),"@125875 Nimm gern ""Fragen zur allgemeinen Nutzung"" oder ""App funktioniert nicht wie erwartet"". ^MF",2017-11-26 23:37:02+00:00,2017-11-26 23:42:25+00:00,77,98
2287653,2287644,2287642,"@AmazonHelp Done, such delays/ issues not expected keeping in mind the amounts I have been spending on purchases from Amazon India.",@664655 Thanks for confirming. We will get back to you at the earliest possible. ^JS,2017-11-10 17:30:49+00:00,2017-11-10 17:46:25+00:00,131,84
382358,382356,382355,"@AmazonHelp It now says expected between 26-30th Oct. But it's for tomorrow evening, so what can I do to ensure I have it in time? Ordered with prime!",@206649 Sorry to hear of the delay. It may arrive between now and 30th. ^MC,2017-10-27 10:47:29+00:00,2017-10-27 11:02:00+00:00,150,75
1279627,1279630,1279631,"@AmazonHelp un servizio clienti degno di questo nome dovrebbe essere una vostra priorità.FAQ, numero verde inesistente,dialogo impossibile","@419432 Per contattare il Servizio Clienti clicca qui: 
https://t.co/tJmMvL7C3A. Per le pagine d'aiuto: https://t.co/2Aj4OULUJU. ^CS",2017-10-16 09:18:39+00:00,2017-10-16 09:25:00+00:00,138,132
2965236,2965235,2965237,"@AmazonHelp Dort wurde der 1. Dez genannt, allerdings ist das recht untypisch für Amazon. Seit ein paar Monaten dauert es um einiges länger als früher..",@226939 Ich geb dein Feedback zur Lieferzeit gerne weiter. ^BL,2017-11-29 22:41:23+00:00,2017-11-29 22:44:00+00:00,152,62
2475940,2475942,2475943,@AmazonHelp Vendido y enviado por Amazon,"@707775 En ese caso, de no recibirlo para mañana te recomiendo contactar con Servicio al Cliente para reportarlo: https://t.co/KyKcfqiS0j. ^KS",2017-11-15 14:25:20+00:00,2017-11-15 14:29:33+00:00,40,142
1786054,1786056,1786057,@AmazonHelp Yes. Pumps. 3”-4” heels. Black. Stilettos. Leather. Highly rated. Rounded toes.,@536618 Would you be able to give us a link with what you are searching and what filters are you using so we can check the results?^MA,2017-11-26 06:52:42+00:00,2017-11-26 07:09:31+00:00,91,134
330923,330922,330924,"@AmazonHelp I tried many pincodes of Lucknow but still no result found about delivery. 226016 is the pincode of ""Indra nagar"" which is famous place.","@194788 Further, I'll be sure to share your comments with our internal teams for review and to improve our services. (2/2) ^SV",2017-10-09 20:19:06+00:00,2017-10-09 20:34:00+00:00,148,126
304431,304416,304417,@AmazonHelp Did that but there's no way to attach screenshot in the form so same thing going to repeat. Same message still being displayed - https://t.co/311kKb4YW1,@188700 Please attach this link as URL to the message in the link provided and I'll reach out to you. Appreciate your understanding.,2017-10-07 21:36:45+00:00,2017-10-07 21:58:00+00:00,164,132
1313889,1313892,1313893,"@AmazonHelp I have already requested several times to the seller, no proper information is provided till date. I can't even track my order.",@426971 I’m sorry about the hassle. Please drop in your details here: https://t.co/GIJyeYqKE0 We’ll look into it. ^SB,2017-10-27 07:16:04+00:00,2017-10-27 07:25:00+00:00,139,117
115903,115898,115897,@AmazonHelp In the latest incident I've been advised that the parcel had been 'accidentally' scanned as delivered and that it has been escalated with the delivery company. Previous time I was told it was being escaped as they had marked it as 'attempted delivery' when no one had been.,"@141801 Hi Sandeep, we would be getting those issues raised with Amazon Logistics if we have escalated it internally. Have you received your package since then? ^PJ",2017-11-22 08:12:50+00:00,2017-11-22 08:20:27+00:00,285,164
2562084,2562081,2562079,"@AmazonHelp They said, because I could only be accepted for one job at a time they canceled the second offer. It doesn't make sense to me, because I got a phone call telling me about the second after I had the first scheduled and when I got accepted for the second I canceled the first",@727113 I understand your frustration. Please keep an eye on the app for additional openings. ^KP,2017-11-16 17:53:54+00:00,2017-11-16 18:02:26+00:00,285,97
80588,80582,80584,"@AmazonHelp I contacted you guys via the link above and the rep told me they contacted the carrier (UPS) and my packages would be delivered today. Unfortunately, here we are, 12 hours later.... still no packages.",@133885 I'm sorry your order has yet to arrive! What does the most recent tracking update from the carrier show here: https://t.co/Y5jpI9gRhE? ^BN,2017-12-01 00:55:55+00:00,2017-12-01 01:10:00+00:00,212,146
206074,206078,206079,"@AmazonHelp I just received them with no issues, so the driver just decided he had enough yesterday!","@164801 My apologies for the troubles. I'm glad to hear it's arrived! If we can further assist, please let us know! ^AB",2017-11-06 13:51:16+00:00,2017-11-06 13:54:33+00:00,100,119
1125158,2944339,2944341,@AmazonHelp Par DM !! Explications envoyées,"@385301 Très bien, je viens de vous envoyer un message. ^SB",2017-11-29 15:18:44+00:00,2017-11-29 15:24:27+00:00,43,59
2526240,2526242,2526243,@AmazonHelp Nope. Just wasnt delivered. Then the date changed from tuesday to wednesday when not delivered. Then when not delivered last night it was moved to friday at 8pm. Thats not 2 day shipping. It was ordered last friday.,@265157 I'm very sorry for the delay! Please reach out to us here: https://t.co/hApLpMlfHN so we can look into this with you and find a resolution. We want to help! ^ZW,2017-11-16 13:22:31+00:00,2017-11-16 13:28:32+00:00,227,168
276151,276145,276148,@AmazonHelp Hey i had updated details in link.do call me 8884362420,@181972 Thank you for sharing your details we shall get back to you soon. 1/2 ^SH,2017-10-06 07:24:12+00:00,2017-10-06 08:46:30+00:00,67,81
561642,561639,561640,@AmazonHelp This has been done!,@251430 I've checked and see we've received your details. We'll work on it and get back to you with an update soon. ^NR,2017-12-02 23:20:05+00:00,2017-12-02 23:22:52+00:00,31,119
18691,18689,18688,@AmazonHelp What do you mean prices are ever changing? Is @115850 a stock exchange? And how can you charge more than MRP? Should I sue you?,@120171 We'd like to have a look into this. Kindly report it here: https://t.co/2t6DQoUmNZ and our team will assist further. ^AB,2017-11-01 05:46:30+00:00,2017-11-01 05:53:25+00:00,139,128
1662637,1662636,1662638,@AmazonHelp Thank you. Saw this on the website. Was looking forward to hearing from users themselves.,"@506980 You're welcome, Anand. Do reach out to us if you need any assistance. ^MP",2017-11-06 09:43:30+00:00,2017-11-06 10:40:00+00:00,101,81
25962,25959,25958,"@AmazonHelp How many times we have to fill the forms. 23rd we raised the case 4063530272.
Today it's 1st Nov.
Still in waiting.
And we loose 4 orders","@120612 your order details, we consider it to be personal info. Our page is visible to the public. (3/3)^SF",2017-11-01 09:11:44+00:00,2017-11-01 09:47:00+00:00,149,107
65714,65708,65707,@AmazonHelp @131037 Second time waiting to hear back while investigating the courier. Please do call us back this time. Had to phone up loads to get the first non delivery sorted.,@131036 Please let us know if you don't hear back regarding the investigation! ^RO,2017-11-29 12:19:37+00:00,2017-11-29 12:23:29+00:00,179,82
1706228,1706227,1706229,@AmazonHelp Not dispatched and delivery date pending. Yesterday it looked like it was gonna come today. Maybe not enough stock for pre-order amount?,"@517118 I understand the disappointment. As soon as we have more information, we'll update the order with a new delivery date. ^BH",2017-11-06 23:04:19+00:00,2017-11-06 23:12:00+00:00,148,130
2617278,2617276,2617275,@AmazonHelp I ordered through Amazon.,@449795 We'd like to look into this for you. Please reach out to us via phone or chat here: https://t.co/HxxpcIJj6A ^BE,2017-11-26 21:37:26+00:00,2017-11-26 21:40:37+00:00,37,119
481567,481561,481564,"@AmazonHelp Ja das stimmt, leider! ☹️ Da ich aber ein geduldiger Mensch bin, verkrafte ich das bis morgen. 🤓 Danke für die Rückmeldung",@229465 Einfach positiv sehen: Du kannst morgen zwei Türchen öffnen. ;) Liebe Grüße ^TA,2017-12-01 14:40:32+00:00,2017-12-01 14:58:31+00:00,134,87
1572179,1572178,1572180,@AmazonHelp The only email I ever got was my order confirmation with no delivery estimate.,"@484667 We don't have access to your account, Michael. Please contact us here: https://t.co/hApLpMlfHN and we'll be glad to help! ^FR",2017-11-04 14:02:26+00:00,2017-11-04 14:16:38+00:00,90,133
1211710,1226571,1226572,@AmazonHelp I already did that. Got a revert on mail but not on call.,"@404398 Please write back to the email you've received from our team, requesting for a call back and we'll get back to you. ^SQ",2017-10-26 00:12:21+00:00,2017-10-26 00:26:00+00:00,69,127
735264,735276,735277,@AmazonHelp You're missing the point I paid for next day delivery and here we are 2 days later and I still haven't got it,@150360 We can't see accounts w/ Twitter so please reach out to us so we can look into options for the order: https://t.co/JzP7hlA23B ^DD,2017-10-11 15:34:06+00:00,2017-10-11 15:41:27+00:00,121,137
2610676,2610678,2610679,"@AmazonHelp Papelaria, jardinagem, roupas, produtos de beleza... 😃",@738295 Boa sugestão Caroline ❤️.Sempre estamos planejando novidades para te surpreender😉. ^AZ,2017-11-17 12:14:18+00:00,2017-11-17 12:30:01+00:00,66,94
1313356,1313350,1313352,@AmazonHelp we have not received any reply from your team.,"@416677 In case, you haven't received an email. Kindly drop in your details here: https://t.co/beaaDm0muc and we'll get in touch.^SY",2017-10-27 07:29:00+00:00,2017-10-27 07:39:35+00:00,58,132
145839,145836,145835,@AmazonHelp merci de votre réponse. Amazon Logistics. N° de suivi : C10052375683.,"@149074 Bonjour, je suis sincèrement navrée d'apprendre cela. 
Afin que l’on puisse vérifier votre dossier et alerter le département en charge, merci de remplir ce formulaire via un PC s'il vous plaît : https://t.co/HtUowg2UGX 
^SA",2017-11-24 13:48:47+00:00,2017-11-24 13:58:00+00:00,81,231
1385709,1385708,1385710,"@AmazonHelp Hello. It was expected by Oct. 12.
Can I send you a screenshot to your DM?","@442458 Hey, did you purchase from a seller or Amazon directly? Which website did you purchase from .com / .co.uk etc ?^TP",2017-10-29 06:28:12+00:00,2017-10-29 06:34:33+00:00,86,122
572839,572841,572842,"@AmazonHelp Have shared the details, waiting for some miraculous update now!","@254616 Thank you for sharing the details, we will get back with an update soon. ^BS",2017-12-03 07:45:53+00:00,2017-12-03 07:55:00+00:00,76,84
1541867,1541870,1541871,@AmazonHelp That’s made the matter worse!!! It’s now totally logged me out and still doesn’t recognise me. https://t.co/AKEDxVbfU6,@477745 Sorry to see this. Please reach out to us here: https://t.co/JzP7hlA23B and we can look into this. ^PK,2017-11-04 07:01:58+00:00,2017-11-04 07:12:27+00:00,130,110
1370792,1370791,1370793,@AmazonHelp You are hurting businesses through your faulty #amazonfulfillment practices and damaging the shopping experience for the seller.  #SNAFU,"@439081 I'm so sorry, that wasn't the right link. Please reach out to our Seller Support team here: https://t.co/NlAA68U4Da ^MB",2017-10-28 01:22:14+00:00,2017-10-28 01:44:03+00:00,148,127
180607,180594,180596,@AmazonHelp I have not received any update.. Please update on the email which is already provided to yoy,@158460 Kindly check for the correspondence here: https://t.co/8DAc10S7ww ^AK,2017-10-04 12:33:42+00:00,2017-10-04 12:39:01+00:00,104,77
2528811,2528807,2528808,@AmazonHelp Thanks for eating up my money,@672173 Apologies for the experience. Please reply to the email received from us and we will help you further. ^BS,2017-11-16 11:22:25+00:00,2017-11-16 11:44:00+00:00,41,114
1276284,1276286,1276287,@AmazonHelp Posso te considerar meu amigo?,@418741 Claro! Meriadoc você é nosso amigão! ^JJ,2017-10-26 20:09:19+00:00,2017-10-26 20:19:37+00:00,42,48
2943198,2943189,2943192,"@AmazonHelp Comme a chaque fois, comme toutes les semaines. ( … Soupir …) 

Cela dis j’aimerai bien une réponse. 

Personne ne semble pouvoir m’expliquer comment vous pouvez garantir une livraison 24h (via l’option PRIME payante) en envoyant des colissimo 48h  … merci de votre réponse","@813112 1/2  N'ayant pas accès à votre compte client depuis Twitter, vous pouvez demander a être rappelé par notre service client  s'il vous plaît. 
Pour ce faire, vous pouvez utiliser le lien suivant:  https://t.co/hgIrz98cdI",2017-11-29 14:37:02+00:00,2017-11-29 14:56:24+00:00,285,226
910293,910291,910290,"@AmazonHelp たぶん無料体験登録しちゃってたんだと思います。
せっかくなので利用します。
ご丁寧にありがとうございます。",@336221 リプライいただきありがとうございます m(_ _)m　プライムについてわかりづらい点があり申し訳ございませんでした。意図せぬ登録となったところ恐縮ですが、特典をぜひご活用いただければ幸いです https://t.co/JVlaJGORZx  HM,2017-10-21 06:21:27+00:00,2017-10-21 06:26:29+00:00,65,131
2483976,2483978,2483979,@AmazonHelp Je reviens vers vous après ma conversation avec un agent BPOST. Ils ont des problèmes d'effectifs depuis 2 semaines et des soucis techniques apparemment. Serait-il possible d'envisager une livraison via un autre transporteur ?,"@709640 Le choix du transporteur est soumis à plusieurs critères logistiques tels que votre code postal, le volume / poids des articles, …Ceci dit, si vous avez un souci récurrent avec un transporteur précis, il suffit de le signaler à notre service client. ^ASZ",2017-11-15 16:09:36+00:00,2017-11-15 16:25:32+00:00,238,262
934366,934358,934356,"@AmazonHelp Oui, on verra ce qu'il y a dans ma boîte aux lettres lundi ^^","@341643 J'espère que vous recevrez votre colis rapidement, tenez-nous au courant lundi je vous prie ! 
^KE",2017-10-21 17:27:14+00:00,2017-10-21 17:38:43+00:00,73,106
425192,425188,425190,"@AmazonHelp Filled the form, now how much time i have to wait for my refund or you guys will do the same thing.","@216161 Thank you for sharing the details, Kamalesh. We're working on it and we'll get back to you soon with an appropriate resolution. ^SY",2017-11-21 05:09:47+00:00,2017-11-21 05:20:30+00:00,111,139
1122715,1122714,1122717,@AmazonHelp You call me my no 8765861689 your customer care no koi bhe ni lagta hai 18003000__credit_card__ 180030009009 sare no bekar mail id bekar,@384790 Please don’t provide your details as we consider them to be personal information. Our Twitter page is public. 3/3 ^SH,2017-10-16 03:38:55+00:00,2017-10-16 04:07:31+00:00,148,125
1893377,1893376,1893379,@AmazonHelp My newest text from them. https://t.co/nA8LZPtoII still hasn’t given me an update saying out for delivery yet. https://t.co/5Mg8fH9rwR,@186698 USPS may have more info regarding the delivery. Please let us know if it doesn't arrive by the updated delivery date. ^WJ,2017-10-18 12:40:11+00:00,2017-10-18 12:55:33+00:00,146,129
2353793,2353791,2353790,"@AmazonHelp Non, pas encore ! Je dois appeler quelqu'un ?","@680128 Vous pouvez joindre notre service client par téléphone (appel gratuit depuis un poste fixe), chat ou par mail depuis le lien suivant : https://t.co/qzuu0dgDXz. ^ASZ",2017-11-13 18:31:19+00:00,2017-11-13 18:49:00+00:00,57,172
69933,69892,69893,@AmazonHelp It’s been 5 days &amp; there in no revert :(,"@131820 I understand that waiting can be tiresome. As informed earlier, kindly revert to an email sent to you by the Social Media team and we'll get back to you with an update at the earliest. Appreciate your patience and understanding.^EM",2017-12-01 08:19:34+00:00,2017-12-01 08:46:00+00:00,56,239
490405,490402,490400,"@AmazonHelp That's incredibly helpful, thanks!!",@231825 We're here if you need anything! Just keep us updated! ^FR,2017-12-01 16:54:43+00:00,2017-12-01 16:57:31+00:00,47,66
1648168,1648171,1648173,@AmazonHelp No consigo hablar con ellos. He llamado tres veces al móvil desde el que me han “llamado” y me cuelgan.,@503522 Por favor reporta lo sucedido con nuestro Soporte al Cliente accesando este enlace: https://t.co/OjvUxwnzPe ^AZ,2017-10-17 14:36:51+00:00,2017-10-17 14:44:00+00:00,115,119
2319428,2319424,2319429,@AmazonHelp Please process the refund immediately,@672286 Apologies for the trouble. Please share your details here: https://t.co/GIJyeYqKE0 &amp; we'll get in touch with you. ^BS,2017-11-13 12:39:13+00:00,2017-11-13 13:12:00+00:00,49,129
1328756,1328750,1328749,"@AmazonHelp Muchas gracias, no tenéis que sentirlo. ^^","@217270 De nada, siempre que ocupes aquí estamos. 😊 ^DA",2017-10-16 12:38:33+00:00,2017-10-16 12:42:00+00:00,54,55
676863,676862,676864,@AmazonHelp 🤐🤐😠😠 https://t.co/grhL7knV8p,@281466 That's an unpleasant experience you've had with the refund. Kindly drop us an email and our team will get back to you shortly on this. ^VM,2017-11-23 06:26:08+00:00,2017-11-23 06:47:00+00:00,40,146
1342427,1342486,1342487,@AmazonHelp Confirm before posting. ppl blve in Amazon.,@433099 Feedback taken. Will definitely be forwarded to the concerned team internally. ^SK,2017-10-16 14:51:07+00:00,2017-10-16 15:04:00+00:00,55,90
817574,817563,817564,@AmazonHelp Le transporteur est Amazon Logistics,@314733 puis-je avoir le n° de suivi pour remonter le cas au service d'Amazon Logistics et demander une livraison pour demain. ^RA,2017-10-12 21:22:21+00:00,2017-10-12 21:27:34+00:00,48,130
2025252,2025256,2025257,@AmazonHelp Perfect thank you so much for your help!,@598924 Let us know if you need anything else!  ^ST,2017-10-29 04:42:03+00:00,2017-10-29 04:54:00+00:00,52,51
2918777,2918771,2918773,"@AmazonHelp Ever since you switched from using mostly UPS to USPS in my area. Maybe my local USPS is overwhelmed, though their Sunday delivery is nice.",@807861 Thank you so much for the information you provided. Do you have a recent or current order that's been affected by these delays? ^CC,2017-11-29 00:27:59+00:00,2017-11-29 00:46:24+00:00,151,139
2678065,2678064,2678066,"@AmazonHelp Hi, I only started the trial yesterday and I have already cancelled, but my bank shows Amazon Prime as a pending authorization transaction for £79.99. Will this be held until my trial is over or can I get that money back?","@753643 Hey, Scott! We'd like to look into this for you to see if a refund is being processed. Do you mind using the following link to get in touch with us?  https://t.co/JzP7hlA23B. ^DY",2017-11-19 13:21:26+00:00,2017-11-19 14:20:29+00:00,233,186
1630264,1630262,2417846,@AmazonHelp Seller contacted personally told to take the claim back n send the television back but I will have to bear the delivery cost which is a lot.,@498981 Our  specialist team will contact you with an update soon. Request you to wait. Appreciate your understanding. ^ZH,2017-10-29 11:14:15+00:00,2017-10-29 11:20:29+00:00,152,122
1490299,1490301,1490304,@AmazonHelp I have not received an email. Order status in all changed from “arriving by 8pm” to “your package is late and delivery date is unknown”,"@466110 We'd like to look into this further for you, Caleb! Please contact us here so that we can explore options together:  https://t.co/hApLpMlfHN ^SA",2017-11-26 02:37:01+00:00,2017-11-26 02:50:27+00:00,147,152
1632192,1632186,1632187,@AmazonHelp Mas agora temos um problema... vcs cancelaram a cobrança!,"@499460 Leandro, chama a gente pelo fale conosco para verificar seu caso. ^VL",2017-11-20 13:11:38+00:00,2017-11-20 13:30:00+00:00,69,77
1278979,1280577,1280574,@AmazonHelp Haha i want to ask u one thing?,"@190898 Yes, please go ahead. ^NR",2017-10-26 17:01:00+00:00,2017-10-26 17:12:17+00:00,43,33
2534503,2534505,2534506,@AmazonHelp I have not shared details as I have been busy. But it is advisable from my side to not create an issue of the same and resolve it without a problem.,"@715026 We don't have access to your Amazon account over Twitter, please drop in your details in the link on a feasible time and we'll review it. ^SU",2017-11-16 12:35:16+00:00,2017-11-16 12:52:17+00:00,160,149
756329,756327,756326,@AmazonHelp Just looking into this. So I have to go out of my way and return these items all because they were not delivered correctly,@158344 You can also contact us via Phone or Chat here: https://t.co/JzP7hlA23B so we can look at options with you! ^TR,2017-10-11 18:37:45+00:00,2017-10-11 18:42:28+00:00,134,119
2061594,2061588,2061586,@AmazonHelp Either/Or.  I can't get the verification code since it is being sent to the old number but i can't change the number because I need the code.  I will take whatever I can get in order to access my account.,"@609705 When setting up Two-Step Verification, we ask if you'd like to use a back-up phone number or the authenticator app if you lose access to your primary number.  Have you tried generating a code using your back-up method? More here: https://t.co/eDodDFMwId ^LB",2017-11-26 11:51:46+00:00,2017-11-26 12:04:24+00:00,216,265
1488354,1496644,1496645,@AmazonHelp haha its a joke for you and now I m undrstanding thank u 4 this kind of great service.Only amazn cn do it .NVR EXCPTD B4 BT NW I M RDY FR MR,@465721 I get your disappointment. Please reply to the latest correspondence sent by our team to resolve the issue at the earliest. ^MN,2017-11-03 12:22:52+00:00,2017-11-03 12:36:00+00:00,152,135
1100412,1100400,1100401,"@AmazonHelp Many names Vishal Neha. Etc I don't remember
Everyone has same answer",@118703 I'm sorry to know that. We'd like to take a closer look into this. Please drop in your details here: https://t.co/GIJyeYqKE0. ^MP,2017-11-15 10:52:00+00:00,2017-11-15 11:19:23+00:00,81,137
2061577,2061576,2061578,@AmazonHelp Just recieved.. Thank you for your ummediate response!,@569580 You're most welcome! We're glad you received the product. :-),2017-11-26 12:34:28+00:00,2017-11-26 12:38:00+00:00,66,69
881055,881052,881050,@AmazonHelp It has not even picked up.. Dey promised pick up several times n cancelled by their own convenience,@329203 Please share your details in the link and we'll have this escalated at the earliest. ^NR,2017-10-20 19:42:18+00:00,2017-10-20 19:44:34+00:00,111,96
2804268,2804267,2804269,"@AmazonHelp よい物が出来そうです。
色々Amazonさんではおせわになっています*.ﾟ+ヽ(○･▽･○)ﾉﾞ +.ﾟ*","@782185 こちらこそ、いつもご利用いただきありがとうございます😊✨
またお待ちしております！( *• ̀ω•́ )b YM",2017-11-22 04:32:55+00:00,2017-11-22 04:37:00+00:00,65,64
2630119,2630118,2630120,"@AmazonHelp Sí. Con otras tarjetas sí aplica, pero deseo elegir la Citibanamex Oro por cuestiones de fecha de corte. Dice ""El código de promoción no se puede aplicar a esta compra. Si tu  promoción está ligada a la forma de pago, confirma tu pago antes de  introducirlo"".","@742740 Entiendo Carlos. ¿Antes de hacer la compra has verificado que el pedido cumpla con todos los términos y condiciones para que la promoción sea aplicable al pedido?
https://t.co/BEXSzkTfMg
^DB",2017-11-17 17:56:04+00:00,2017-11-17 18:24:31+00:00,271,198
2394512,2394514,2394515,@AmazonHelp Any TAT that you can give me this time? I already waited for almost 6 months with same replies to my tweets and emails to customer support. @119625 @128308,@687044 We wouldn't be able to speculate on a timeline. We would request your patience here. ^CB,2017-11-14 14:17:43+00:00,2017-11-14 14:42:00+00:00,167,96
314984,314992,315012,"@AmazonHelp 1.SIR WHAT HAPPENED TO MY COMPLAINT,ITS 15 DAYS NOW I HAVE BEEN COMPLAINING TO YOU DIRECTLY,BIT NOTHING HAS https://t.co/6uZkAcm0jE PEOPLE",@159170 We've sent a correspondence to your registered email ID here: https://t.co/NTkrxpsbHJ. Kindly check. ^PS,2017-10-30 02:55:56+00:00,2017-10-30 03:17:33+00:00,150,112
73423,73422,73424,@AmazonHelp Directly from yourselves!!,@132420 Thanks for that information. You can certainly view your return/replacement options here:http:https://t.co/5RcjVPJgUP ^CR,2017-11-30 10:58:37+00:00,2017-11-30 11:19:29+00:00,38,129
272453,272455,272456,@AmazonHelp i have sent an email to ur support team as well. kindly check,@181033 If you've emailed our support team. I'm sure they would reach out to you with an update on the order. ^VM,2017-10-06 04:31:32+00:00,2017-10-06 05:19:55+00:00,73,113
1070090,1070089,1070091,"@AmazonHelp Shared all the details but not revert from you again , just like what happened before.","@372499 If you had provided your details, you should have received a correspondence from us here: https://t.co/8DAc10S7ww.^SF",2017-10-24 09:24:45+00:00,2017-10-24 09:36:00+00:00,98,125
1137324,1137346,1137347,@AmazonHelp Again same thing :( can someone call me from your end,"@387909 Sorry about the hassle, Tejas. Please revert to the email requesting a callback and our team will assist accordingly. ^MS",2017-10-26 12:39:26+00:00,2017-10-26 12:42:01+00:00,65,129
1135112,1135114,1135115,@AmazonHelp Yeah done that one as well,"@387420 Hi, are you watching streamed or downloaded content? ^TS",2017-10-24 09:35:13+00:00,2017-10-24 09:44:00+00:00,38,64
229087,229081,229080,@AmazonHelp I'm talking about the cashback discount and the Exchage amount deduction on my purchase why I be at a loss because of Amazon's misconception,@170632 Please reach us here: https://t.co/vlvfJr4nN9 and we'll check this for you. ^YP,2017-09-26 13:33:17+00:00,2017-09-26 16:04:07+00:00,152,87
197649,197621,197622,@AmazonHelp Provide an email please,@162488 Please share your details here: https://t.co/GIJyeYqKE0. ^PS,2017-10-05 07:41:59+00:00,2017-10-05 08:02:00+00:00,35,68
1111339,1111342,1111343,@AmazonHelp Really not expecting this sort of service from amazon... Hope you  listen to customers needs for their satisfaction,@206627 I'm sorry for the trouble. We've received your details and we'll reach out to you soon. ^GK,2017-10-24 02:59:18+00:00,2017-10-24 03:16:00+00:00,127,99
236169,236180,236182,"@AmazonHelp Reply to your email has been sent.
Please check",@172248 Thank you for your revert. We'll reach out to you with an update at the earliest. ^SA,2017-10-11 05:19:57+00:00,2017-10-11 05:29:52+00:00,59,93
198689,198687,198686,"@AmazonHelp It's okay lovely, he delivered it at 9. Thank you very much anyway 😀","@162745 Thanks for the update, Amelia! We're always happy to help! ^ML",2017-10-04 20:16:50+00:00,2017-10-04 20:27:36+00:00,80,70
1860195,1860205,1860207,@AmazonHelp You go and check with order number ending with 0304. #MentalAgony #WorstService #AmazonSucks #AmazonFreeIndia,@340473 This being a social platform we can not access your account details. Please drop in(1/2)^SF,2017-10-18 12:10:32+00:00,2017-10-18 12:31:00+00:00,121,99
2766306,2766305,2766307,"@AmazonHelp Oui, réponse sous combien de temps normalement?",@773632 Pour une réponse via phone je vous prie de le faire via ce lien https://t.co/hgIrz98cdI ^SN,2017-11-21 10:27:18+00:00,2017-11-21 10:55:00+00:00,59,99
339699,339702,339703,"@AmazonHelp I'm not comfortable connecting my amazon account to social media accounts for a variety of reasons, is there another method I can use?",@197125 (2/2) You'll be able to add more info about what's going on and it ensures a member of team is looking into it for you. ^DW,2017-10-08 00:01:41+00:00,2017-10-08 00:13:29+00:00,146,131
2578426,2578423,2578421,"@AmazonHelp Hola, buenas noches! 
No, no ha llegado ningun mail ni notificación ni nada. Y tampoco he contactado con el transportista.","@731010 Entiendo, te recomendamos contactar directamente al transportista encargado de la entrega de tu paquete. En el siguiente enlace encontrás toda la información:https://t.co/meqnr4QIaC. En caso de no recibir respuesta, mantennos informados. ^AA",2017-11-16 22:04:33+00:00,2017-11-16 22:11:00+00:00,134,249
205187,205185,205184,@AmazonHelp おぉ、返信が、、楽しみにしてます〜アマゾンズ三期も勝手に期待してます！,@164604 これからもどうぞよろしくお願いいたします( *• ̀ω•́ )b SK,2017-10-04 23:47:03+00:00,2017-10-04 23:51:31+00:00,47,43
2552270,2552275,2552277,"@AmazonHelp Your email replies apologize &amp; say will deliver asap Standard, parroted replies. Last 4 experiences,can only conclude Amazon Prime is a sham",@120030 I understand your frustration and I'm sorry about the ill experience. Please reply to our email for further proceedings. ^HA,2017-10-31 09:33:48+00:00,2017-10-31 09:56:32+00:00,156,132
24943,24945,24946,"@AmazonHelp Filled the form I expect your response and support
Apart from this I have ordered three more products but now I am afraid that","@121399 Thank you for the heads up. We have received your details, our team shall reach out to you soon. Appreciate your understanding.^MP",2017-11-01 10:06:23+00:00,2017-11-01 10:20:57+00:00,138,138
2945540,2945538,2945537,@AmazonHelp When I was shopping for the item (on Monday) it said have this item by 11/29. After order completion it gave me a date of Dec1. 🤔,@813627 So sorry for the delay! Some items can take a little longer to process than others. Two-day shipping is 2 business days after the item has been dispatched. Your email confirmation is has the best delivery estimate. ^AD,2017-11-29 15:23:52+00:00,2017-11-29 15:31:31+00:00,141,226
2504832,2519252,2519253,@AmazonHelp All three types of devices are having issues. Both iphon and android allow me to log in but wont accept my billing addy. And windows gives me a session time out error. The apps are still acting like they're on .com,"@717603 I see. In this case, if you could contact us using the link provided, we'll be glad to go through some additional troubleshooting steps with you: https://t.co/Q7Ftz6nj80  ^FJ",2017-11-16 01:05:37+00:00,2017-11-16 01:22:32+00:00,226,182
122000,122002,122003,@AmazonHelp Don’t think your customer service is capable to be honest.,"@143189 We would like to look into this for you, JJ. Without providing us any personal information would you be able to elaborate a bit further?^SM",2017-11-24 08:40:53+00:00,2017-11-24 08:46:51+00:00,70,147
224960,226728,226729,@AmazonHelp yes i filled that form and the details required,@169744 We've not received your details yet. Kindly fill in your details again using the link provided earlier. ^AP,2017-10-05 07:21:53+00:00,2017-10-05 08:04:35+00:00,59,115
1341692,1341694,1341695,@AmazonHelp Till now I have not received any calls from your side regarding my query I have filled the form too which you have given to me.,"@432939 If you have submitted your details through the link, you must've received an email from us. Please refer the same. ^HK",2017-10-29 10:57:21+00:00,2017-10-29 11:17:49+00:00,139,126
2777436,2777434,2777433,@AmazonHelp le probème est resolu c'est du à une condition que je n'avais pa vu,@281035 Très bien alors ! ^AR,2017-11-21 15:42:59+00:00,2017-11-21 15:45:32+00:00,79,29
2544908,2544904,2544902,"@AmazonHelp It's beautiful! Brand new one is on the left, my other that I bought a few years ago from y'all is on the right. You guys are the best! https://t.co/JyVfRmerv6",@718280 Honestly I'm surprised you didn't buy the old one again just to have a spare! Please tell me you're framing that piece of art once you decided to retire it! 😍😁 ^JD,2017-11-26 20:10:53+00:00,2017-11-26 20:23:55+00:00,171,171
921512,921516,921517,@AmazonHelp I was order on 15 October today start 20 October but your team unable to resolve issue now I m getting another date 24 October. https://t.co/OknZHWYjbG,@338759 Apologies. We'd like to look into this. Please share your details through the link provided earlier for further assistance. ^NK,2017-10-21 19:15:07+00:00,2017-10-21 19:25:25+00:00,163,135
1670677,1670669,1670671,"@AmazonHelp C'est ce que je vais faire du coup, en espérant que l'exemplaire de remplacement soit en bon état...","@508571 D'accord, n'hésitez pas à nous tenir au courant. ^FA",2017-11-06 13:32:08+00:00,2017-11-06 13:42:29+00:00,112,60
2184684,2184682,2184681,@AmazonHelp I did that before posting it,"@639869 If your query was unanswered, please share your details here: https://t.co/beaaDm0muc and I'll contact you soon. ^BV",2017-11-09 16:48:07+00:00,2017-11-09 17:05:27+00:00,40,124
78756,78745,78747,@AmazonHelp They said the item was out of stock as of yesterday. However I have a shipping notification from you from November 20 that my order shipped,"@133566 Thank you for the information! Did we reach out to the carrier about the delay? Also, have you tried to refuse the shipment? You can find more information on how to do so here: https://t.co/8RNgMZE0BS. ^AL.",2017-11-30 12:51:07+00:00,2017-11-30 12:59:35+00:00,151,214
283495,283494,283496,"@AmazonHelp I have never had a package delivered without additional packaging. If this is specific to seller or item, it needs to be made clearer.",@183535 We're always looking for ways to improve! We'd be happy to hear your packaging feedback here: https://t.co/Mw6qxVDqJC ^FR,2017-10-06 14:56:08+00:00,2017-10-06 15:01:01+00:00,146,129
246344,246347,246349,"@AmazonHelp It's working, thanks!",@174520 No problem Anindita. We hope to see you soon. :) ^PB,2017-10-05 16:16:38+00:00,2017-10-05 16:34:28+00:00,33,60
798804,798802,798806,@AmazonHelp I had a coversation with u but they are making fool of me from the morning and now said all this hell was because of pricing issue w,@310418 We apologize for the unforeseen event. Unfortunately a canceled order can't be reinstated. (1/2) ^CB,2017-10-12 15:19:37+00:00,2017-10-12 15:49:01+00:00,144,108
2534482,2534485,2534486,@AmazonHelp @115850 @115821 Amazon customer care people came with a new excuse now within 1 hour. They say that the item hasn't reached to them yet. Please see the text message I have received after returning the item on 1st November. What if the item doesn't reach you in the next 5 years? https://t.co/1hbSMHFcFx,"@721139 I understand your concern about the refund for your order. Please fill in your details here: https://t.co/beaaDm0muc and we’ll contact you soon. Please don't provide your order details, we consider it to be personal info. Our page is visible to the public. ^PJ",2017-11-20 14:45:34+00:00,2017-11-20 15:12:30+00:00,314,268
1623690,2513160,2513161,@AmazonHelp Diese Seite sagt Panasonic von 2017 haben Live-Streaming...,"@497350 Dann melde dich gerne mal telefonisch hier, wenn es dennoch nicht funktioniert: https://t.co/LFLW8z8jr2 Gruß ^TA",2017-10-30 08:31:59+00:00,2017-10-30 08:34:52+00:00,71,120
815479,815476,815480,"@AmazonHelp Spoke to a dude who said he'd ask for the driver to try my next door neighbours and would tell the delivery service I'm not happy. Whoopee, I'm over £100 down on the deal. If it wasn't limited edition, I'd have cancelled it, the service has been horrendous.",@314199 Please contact us via e-mail with your complaint and it will be raised to the appropriate team  https://t.co/zYVX1Qi29G ^KI,2017-11-08 11:51:32+00:00,2017-11-08 12:09:32+00:00,269,131
870151,870171,870174,@AmazonHelp I have spoken your call center n giving feedback since last 1 year nothing has happened. This is irresponsible behaviour n lack of ownership,@326613 details in the link provided to you earlier and we'll look into this. (2/2)^SQ,2017-10-14 01:02:31+00:00,2017-10-14 01:53:00+00:00,152,86
651719,651718,651720,@AmazonHelp I bought SOW gold Edition and i receive Code for Expansion Pass but apparently not.. literally it's another standard SOW Game,@192999 I understand your frustration! Have you contacted Xbox about the code: https://t.co/iYXa6g8dsI? Please keep us posted. ^KB,2017-10-10 18:28:28+00:00,2017-10-10 18:48:00+00:00,137,130
601263,601258,601261,"@AmazonHelp Also, I was informed that I had prime music free with Amazon prime, which was terminated abruptly yesterday.","@174146 I'm sorry, certain Amazon Prime benefits during your 6-month trial such as Prime Music, and Kindle Owners' Lending Library unless you sign up for a paid plan. More details can be found here: https://t.co/pfqESWwVel ^EP",2017-12-03 22:52:30+00:00,2017-12-03 23:08:33+00:00,120,226
149126,149125,149127,@AmazonHelp UPS. Mais franchement il n’y avait presque rien pour le calage dans la boîte contrairement à vos habitude. Regarder sur vos opérateurs.,"@149978 Vous m'en voyez vraiment désolée, l'avez-vous signalé à notre service client s'il vous plaît? ^SA",2017-11-24 17:48:35+00:00,2017-11-24 18:09:27+00:00,147,105
890832,890830,890833,"@AmazonHelp Just checked, it's still the same. It was dispatched yesterday as it's a pre-ordered video game, its release date is today.","@331520 We aim to deliver by the date provided, unless we've notified you to explain otherwise. Please keep us updated. ^WJ",2017-10-13 17:53:06+00:00,2017-10-13 18:25:00+00:00,135,123
2849091,2849095,2849096,"@AmazonHelp Sent! Please don’t take 12hrs to respond, the chances of me crying are extremely high without my show 😂","@792288 E-mail responses are generally within 12 hours. For a faster resolution, please use the phone or chat option. ^GG",2017-11-27 21:23:51+00:00,2017-11-27 21:26:58+00:00,115,121
2931395,2931394,2931396,"@AmazonHelp 返信ありがとうございます！
まさかamazonさん公式から返事が来るとは思いませんでした💦
楽しみにしてたCDとDVDで、ディスク自体は無事そうなので早く楽しみたいので今回は大丈夫です。
いつも利用させていただいてます(*^^*)
忙しいと思いますが今後とも頑張ってください👍",@810815 ご迷惑をおかけしまして申し訳ございませんでした。また、いつも当サイトをご愛顧いただきありがとうございます🙇　こちら、Amazon公式ヘルプアカウントですので、当サイトのご利用に際し、お困りな事やご不明な点がございましたら、お気軽にお声がけくださいませ。　SM,2017-11-29 08:19:39+00:00,2017-11-29 08:33:00+00:00,150,137
378962,378959,378957,"@AmazonHelp yes issue with buyer and no enjoy from seller central...sent item ,amz gave refund and they kept it.",@205934 Sorry about this Terry. Pls fill out this secure form and a specialist will look into this for you https://t.co/R55eEQwSEs ^KM,2017-09-19 07:05:54+00:00,2017-09-19 07:11:26+00:00,112,134
359202,359201,359203,"@AmazonHelp Oct. 6th. It is lost in Kent, WA according to the package tracking. Refund denied twice. I re-ordered because I need it.",@199157 Did we ask you to wait for a certain date before the refund is issued? Was it shipped by Amazon or a third-party seller? ^MG,2017-10-08 16:50:28+00:00,2017-10-08 16:55:00+00:00,132,132
250544,250543,250545,@AmazonHelp Don't know. Never got a tracking. Just paid for one day shipping and now left up shit Creek. A rep said it was lasership who was gonna be the shipper but..you know. They didn't even try it seems.,@175550 Please get in touch with us here: https://t.co/hApLpMlfHN so we can review available options with you in real-time. ^EZ,2017-11-25 03:01:53+00:00,2017-11-25 03:10:00+00:00,207,127
69629,69620,69623,@AmazonHelp Just googled Amazon Prime. Look what the first three words are https://t.co/WE9cMWIAX0,"@131778 Yes, Prime Delivery is one day delivery from dispatch for most items. Items not available within the UK will receive a quick delivery method but that may not be one-day from dispatch The checkout process will give you the most accurate time-frame. ^MI",2017-11-30 10:02:37+00:00,2017-11-30 10:06:35+00:00,98,259
1560935,1560934,1560936,@AmazonHelp my order number was 403-2171870-0465948 and 406-2032976-6873146 .,"@482249 Please don't provide your order details, we consider it to be personal information. Our page is visible to the public. ^KA",2017-10-17 07:42:07+00:00,2017-10-17 08:11:54+00:00,77,130
693864,693868,693869,"@AmazonHelp Ok then, we will just get the refund and take our business elsewhere",@285440 Apologies again for any disappointment. Is the item available from an alternative seller? If you'd like to send us a link we can check for you? ^TS,2017-11-23 15:36:58+00:00,2017-11-23 15:42:35+00:00,80,155
2882582,2882586,2882587,@AmazonHelp Pas la possibilité de me donner un bon de réduction pour une prochaine commande ?,"@799758 Je suis désolé mais cela n'est pas possible. 
^YL",2017-11-28 10:44:54+00:00,2017-11-28 10:50:29+00:00,93,57
191725,191723,191722,@AmazonHelp No.  Not at any neighbour's well - not that that was what we requested - that we can see.  And given no number left...,@161054 I'm sorry you didn't receive your order! Please reach out here: https://t.co/JzP7hlA23B so we can take a look into this. ^AH,2017-10-04 15:17:24+00:00,2017-10-04 15:25:28+00:00,130,132
353605,353600,353604,@AmazonHelp I don't want to Bal to credit in my account I need Amazon pay balance the refund has initiated on 3 Oct but yet not credited https://t.co/2gKj9KNdOa,@192558 I understand how upsetting and tiring this might be for you. Apologize for that. Request you to please share the details [1/2]^SK,2017-10-08 11:51:10+00:00,2017-10-08 13:53:00+00:00,160,137
2934389,2934388,2934390,"@AmazonHelp Yes, I have emailed them!",@811373 Thank you for the confirmation. Our team will look into it and will update you accordingly. Appreciate your patience. ^AM,2017-11-29 10:07:14+00:00,2017-11-29 10:29:30+00:00,37,129
1213329,1213327,1213325,@AmazonHelp Yea amazon prime it’s been a week since my order was placed 🙄🙄🙄,@404780 What does the status of the order show: https://t.co/Y5jpI9gRhE? Do you see a new delivery date? ^MW,2017-10-25 16:19:30+00:00,2017-10-25 16:42:44+00:00,75,108
1100498,1100496,1100495,@AmazonHelp What number do we call?,@379643 You may select the phone option after signing in from the link provided by MG. It will set up a call for you. The issue pathway doesn't have to be exact. ^SJ,2017-11-25 18:10:57+00:00,2017-11-25 18:18:24+00:00,35,165
483840,483842,483843,@AmazonHelp Why? Can you get someone to email me? Amazon has not emailed me to inform me of a delay or update me with a new delivery day-Not really my job to chase as I have purchased and paid for something through you.,@230095 We aren't able to access account or order information via Twitter. Please use the link ^AL provided so that this can be looked into further and options gone over. Thank you. ^DO,2017-12-01 15:05:03+00:00,2017-12-01 15:08:58+00:00,219,185
2943163,2943162,2943164,"@AmazonHelp If I didnt get any information 4 my product till tomorrow,I will never use amazon &amp; make others also do d same because I have done d payment 4 my product. Recently I ordered a product worth ₹6299 by COD. Its delivered on time but this time its getting late when I did payment b4",@813107 I understand your concern about delivery; could you please confirm contacting our team using the link provided earlier? ^VN,2017-11-29 14:55:21+00:00,2017-11-29 15:24:27+00:00,294,131
2709897,2709899,2709900,@AmazonHelp I have done all this but it still does not seem to work,"@760942 Thank you for letting us know! I appreciate your efforts. Please, reach out to us via phone so we can have a closer look into your account: https://t.co/hApLpMlfHN ^EB",2017-11-20 02:21:45+00:00,2017-11-20 02:32:28+00:00,67,175
245209,245208,245210,"@AmazonHelp Werde ich morgen per Mail tun. Als Prime-Kunde lieferte DHL immer prompt am nächsten Tag. Schade, dass zurzeit Hermes die Aufträge bekommt.",@174214 Danke für deine Mühe! Die Kollegen setzen sich gerne mit dem Zusteller in Verbindung. ^SI,2017-10-05 20:20:46+00:00,2017-10-05 20:26:52+00:00,151,97
2318591,2318580,2318581,"@AmazonHelp Génial, donc je patiente chez moi un jour entier pour recevoir peut-être, ou pas vu que vous savez pas où il est, mon colis. 
Et ""un retard"" = 3 jours de retards hein.","@672109 Je comprends, veuillez remplir de formulaire sur le lien suivant afin que je puisse vérifier de près votre dossier je vous prie: https://t.co/HtUowg2UGX ^BR",2017-11-13 15:51:14+00:00,2017-11-13 16:04:34+00:00,179,164
796423,796414,796416,@AmazonHelp Are you guys escalating? If there is a rain or if the items are damaged will you guys offer me a refund??,"@309907 To go over your options, please contact us via the link provided by ^MH. Thanks for reaching out.  ^CO",2017-10-12 15:32:41+00:00,2017-10-12 15:35:19+00:00,117,110
2457842,2457841,2457843,@AmazonHelp Das habe ich gemacht 😡 es wurden mir 5 Euro Treuebonus angeboten . Habe bis heute keine Kopie des Schriftverkehrs gesehen zwischen Hermes und Amazon. Bin jetzt zurück aus USA und habe mein Honorar nicht bekommen da ich nicht zufriedenstellend arbeiten konnte.,"@703966 Da es sich hier um einen internen Prozess handelt, informieren wir den Kunden hier in der Regel nicht über das Ergebnis. Wurde dir hier etwas zugesichert? ^TG",2017-11-15 05:47:32+00:00,2017-11-15 05:58:33+00:00,271,166
1045572,1045562,1045560,"@AmazonHelp what an understanding @115850 either my communication is 2 poor or u all r eating from d same plat, n scratching each other's back 1/2",@367182 I'm sorry for all the trouble you've had. Please respond to the email you received from us for more information. ^JC,2017-10-23 09:50:28+00:00,2017-10-23 10:20:29+00:00,146,124
158748,158745,158743,@AmazonHelp The page just reloads indefinitely? I guess I can try again later. Just don't wanna miss deals !,"@152494 Thanks for letting us know! Are you using a browser or mobile device? If a browser, which browser are you using? ^JO",2017-11-24 17:50:41+00:00,2017-11-24 17:59:55+00:00,108,124
1617981,1617980,1617982,@AmazonHelp It’s not the first time. It happened a lot in recent past. PFA the screenshot where it shows the error. https://t.co/GKDN3Cs1s3,"@350765 Try clearing cache and cookies. If issue still persists, contact us here: https://t.co/rS49hgaADF. ^RI",2017-11-05 14:50:11+00:00,2017-11-05 15:25:29+00:00,139,110
805583,805582,805584,"@AmazonHelp Me envían un correo que la cuenta se relaciona a la que ya me bloquearon y por eso me bloquean la nueva, y claro que se relaciona si es mía","@311963 Neo, sentimos el inconveniente. ¿Has recibido un correo con instrucciones para recuperar tu cuenta? ^DA",2017-10-12 18:00:52+00:00,2017-10-12 18:05:00+00:00,151,111
1013754,1013753,1013756,@AmazonHelp 936128__credit_card__,"@359872 We'd love to help, but we can't view account info via Twitter. Please contact us: https://t.co/hApLpMlfHN (1/2)",2017-10-22 18:43:45+00:00,2017-10-22 18:58:03+00:00,33,119
1550249,1550245,1550244,@AmazonHelp わかりました。ご丁寧にありがとうございました。,@479815 とんでもないことでございます。どうぞよろしくお願いいたします。TN,2017-11-04 03:04:35+00:00,2017-11-04 03:05:57+00:00,35,41
1715678,1715677,1715679,@AmazonHelp I get a blank page. Super helpful. 👍🏼,"@519584 I'm so sorry, Kristina. Please use this link to securely relay details to us: https://t.co/3q7hNlv2Zq ^KL",2017-11-07 03:51:52+00:00,2017-11-07 04:14:51+00:00,49,113
292285,292281,292283,"@AmazonHelp Nope, just amazon guys. When they come via FedEx/Ups they are fine.
Matter of fact there was a @115821 delivery 2 hours before from UPS",@185613 We'd like to escalate this. Please send us your order info by using this secure link: https://t.co/3YCLsxeRLE ^GL,2017-10-06 16:59:32+00:00,2017-10-06 17:03:01+00:00,147,121
2523343,2523345,2523347,@AmazonHelp I just cancelled it because this is ridiculous. How does something say delivered by 8pm and out for delivery it's 10:26pm,"@718602 I'm sorry it's not arrived, Bri, it's never our intent to let you down. Please let us know if we may be of further assistance. ^KL",2017-11-16 03:26:58+00:00,2017-11-16 03:38:29+00:00,133,138
64149,64144,64142,@AmazonHelp I have given the reply for the 6th time now,"@130724 I certainly understand the trouble regarding your concern. Sorry for the stretch. But as this is a social media platform we can't help you with the information here. Hence, kindly reply to our correspondence to assist you further. ^HR",2017-11-30 07:46:18+00:00,2017-11-30 08:04:32+00:00,55,242
2338187,2338186,2338188,@AmazonHelp @115850  also unable to post review. Invested hard earned money. Wanted to gift To mom on Diwali. #patheticservice https://t.co/Zhd1zOovqN,@444341 the review guidelines for posting a review. 2/2 ^SB,2017-10-20 06:26:49+00:00,2017-10-20 06:43:40+00:00,150,59
331256,331261,331262,@AmazonHelp D’accord merci beaucoup,"@194877 Je vous en prie, bonne soirée.",2017-10-07 19:57:08+00:00,2017-10-07 19:59:00+00:00,35,38
140969,140971,140972,@AmazonHelp But why is the app showing it as arriving by 8pm tomorrow?,"@147808 Hi James. As we're unable to view order information through social media, if you get in touch: https://t.co/JzP7hlA23B, we'll be happy to look into this. ^DC",2017-11-24 12:41:21+00:00,2017-11-24 12:44:00+00:00,70,165
2281386,2281384,2281383,"@AmazonHelp naoooo, ta dentro do prazo, comprei sexta
mas nao aguento mais esperar aaaaa mt ansiedade pra ter logo","@663158 Malu, te entendemos muito, somos ansiosos que até contamos os segundos. ❤ ^DA https://t.co/ELi5Ei0HL6",2017-11-26 15:47:29+00:00,2017-11-26 15:54:08+00:00,114,109
440994,440999,441000,@AmazonHelp I have filled out the form.,"@219630 Thanks for sharing your details, we'll work on it and get back to you at the earliest. ^HN",2017-10-19 15:46:26+00:00,2017-10-19 15:47:36+00:00,39,98
419006,419005,419007,@AmazonHelp So what ..If I don't like the product then?? I can do the same with other e-commerce and shop as well #BadPolicies #Amazon,@214942 I'll be sure to pass on your comments to the concerned team. ^NS,2017-10-10 05:12:39+00:00,2017-10-10 05:53:00+00:00,134,72
676883,676882,676884,"@AmazonHelp Again same problem, item not yet received by me but msg from Amazon says that it's delivered, where is it. Is their any solution for this?",@281471 I'm sorry you've not received your order. Please report it to our support team here:  https://t.co/2t6DQoUmNZ we'll look into it and help you. ^AP,2017-11-27 05:37:44+00:00,2017-11-27 05:51:53+00:00,150,154
475080,475079,475081,@AmazonHelp Just wanna know which site or page u guys update about winners name ??,@228062 You can view the list of winners for contests held on Amazon.in here:https://t.co/ICRkX2fNTQ ^EM,2017-12-01 10:53:55+00:00,2017-12-01 10:58:01+00:00,82,104
47874,47880,47882,@AmazonHelp Tried that. Just asks me to contact seller first. That's why I came to twitter. But different people keep responding so I'm getting nowhere.,@126707 When you go to contact us via  link provided by ^KJ check the check box to the left of the item to get more contact options. ^AJ,2017-11-01 18:31:53+00:00,2017-11-01 18:38:19+00:00,152,136
1165336,1165335,1165337,@AmazonHelp Any plans to remove restrictions soon for this title? Other options to view?,@394105 I'm sorry but there's no update about the removal of restrictions as of now. ^PJ,2017-10-15 19:37:51+00:00,2017-10-15 19:51:32+00:00,88,88
1490235,1490228,1490230,"@AmazonHelp Déjà fait fait 2-3 fois et si c'est pour avoir un n-ième interlocuteur qui s'en fout... puis, gérez-vous les problèmes issus de KDP ?","@466095 Je vous invite à remplir le formulaire fourni par ma collègue.
^aRC",2017-11-03 09:20:48+00:00,2017-11-03 09:34:26+00:00,145,75
2380486,2380484,2380483,@AmazonHelp @119625 Still unavailable. you're going to ruin my weekend. 😟,"@686377 We wouldn't want to do that, we are working on this as fast as we can, please stay tuned. ^MD",2017-12-01 13:03:42+00:00,2017-12-01 13:31:27+00:00,73,101
2504810,2504809,2504811,"@AmazonHelp Okay, can you guys hold a meeting &amp; suggest you STOP treating customers like IDIOTS? Your default should NOT be ""are you too stupid to know your own location"". Okay? FFS. I know my own damn location.","@156635 I'm sorry you feel this way, Kristine! We don't ever want our customers to feel that we treated them poorly. Please provide feedback on the temperature discrepancy with Alexa here: https://t.co/XrvYv7TqBG ^EA",2017-11-15 22:06:03+00:00,2017-11-15 22:18:00+00:00,215,216
1237902,1237901,1237903,"@AmazonHelp The tracking number got cancelled because it never arrived in Australia. So, no. No updates.","@410372 Using the previously given link, can you confirm if the item was sold by Amazon or a Third-Party Seller? ^DO",2017-10-16 02:05:58+00:00,2017-10-16 02:23:13+00:00,104,116
1495225,1495227,1495229,@AmazonHelp I’ll let you tell me. I ordered on preorder release day and I wouldn’t know where it says in the order. 202-0048322-7717153,@261994 You should be able to see Release-Date Delivery near the shipping method in your order here: https://t.co/aaDyEz1VgE ^SD 2/2,2017-11-03 11:55:56+00:00,2017-11-03 12:15:26+00:00,135,132
2560186,2560182,2560184,"@AmazonHelp Ja, sobald ich zu Hause bin. Vielen Dank für die Antwort. 😄",@726682 Gerne und viel Spaß dann beim Schauen :) ^AN,2017-11-16 17:40:22+00:00,2017-11-16 17:58:30+00:00,71,52
2831658,2831655,2831653,@AmazonHelp Yes I contacted you by phone where we were charged 60p a minuite and the woman was USELESS! We were told they can’t find the payment that was taken even though I’m looking at it right now on my bank statement. I’m happy to dm over all the info.,@788411 Hey Ella. We don't have access to account info here. You can get in touch via this link - https://t.co/zH8UlhTGcc free of charge. Is there a note next to the charge on your statement? What does it advise it is in relation to? (Please don't post any personal info) ^TP,2017-11-27 13:25:31+00:00,2017-11-27 13:31:00+00:00,256,275
1868821,1868823,1868825,"@AmazonHelp Oui enfin sauf que la rupture est intervenue après la commande donc le stock n'étaient pas en accord avec la réalité. Bref, c'est pas grave","@558218 En cas de souci n'hésitez pas à revenir vers nous. Veuillez nous tenir au courant s'il vous plaît.
^ARC",2017-10-18 09:28:24+00:00,2017-10-18 09:33:00+00:00,151,111
144046,144045,144047,@AmazonHelp Sure! My account is set to be cancelled even tho I never requested that and 3 people so far have told me it’s fixed but it still says it’s set to be cancelled,@148572 Thanks for the information. Where are you seeing that your account is set to be canceled? Is this an email that was sent to you? ^TE,2017-11-24 13:43:16+00:00,2017-11-24 13:53:28+00:00,170,140
1406102,1406096,1406094,@AmazonHelp umm I didn't understand this what I should do ? https://t.co/aDG6Pd4Ud5,"@446836 Hello, it seems you have a payment issue here, please follow the instructions on the following link to help this issue: https://t.co/LN1nC5w4yU. ^GA",2017-11-13 08:41:09+00:00,2017-11-13 08:48:00+00:00,83,156
200016,200015,200014,@AmazonHelp J'ai recu un message comme quoi le numéro de carte n'était pas valide mais je l'ai remit et c'est bon et je le reçoit samedi merci pour votr,@163186 Merci à vous :) . ^BR,2017-10-04 19:49:21+00:00,2017-10-04 19:59:55+00:00,152,29
477703,477700,477697,@AmazonHelp No- just that it's with a carrier.,@228483 I'm sorry for the trouble Matt! Please use this link instead of the link that I sent earlier: https://t.co/aaDyEz1VgE Let us know if anything further is needed. ^MO,2017-12-01 11:58:43+00:00,2017-12-01 12:10:28+00:00,46,172
470824,470817,470815,@AmazonHelp I have provided additional details and what did you find about this late delivery?,@227098 We've sent you a correspondence to your registered email ID. Kindly check it here: https://t.co/8DAc10S7ww  and respond so that we can take this up further. ^EM,2017-12-01 07:53:53+00:00,2017-12-01 08:11:53+00:00,94,168
2107264,2107254,2107255,@AmazonHelp There's no live chat there,"@621839 After selecting ""Where's my stuff"" from the drop-down menu, please scroll down to select the chat option. ^AP",2017-11-26 13:04:54+00:00,2017-11-26 13:12:31+00:00,38,117
596787,596786,596788,"@AmazonHelp Das beisst sich aber irgendwie mit der Möglichkeit, mehrerer Gruppen zu erstellen.  Oder wie viele Echos hat ein Durchschnittskunde? -Das muss doch mal geändert werden.",@202509 Durchschnittszahlen sind mir hier leider nicht bekannt 😅 Ich gebe dein Feedback gerne weiter! ^MI,2017-12-03 20:10:12+00:00,2017-12-03 20:23:28+00:00,180,105
611051,611050,611052,@AmazonHelp But SAMSUNG A7 2017 OFFICIAL PRODUCT PRICE RS  20990 BUT U AND YOUR SELLERS CHEATING TO INDIAN CUSTOMERS @18350  take strict action you are all in GST it is Cheating case @145910 @4031,"@265286 I get your concern. Being a market place, prices are decided by our sellers and we always strive to offer the lowest possible prices to our customers. The price on our website is the lowest we can offer for now. ^RI",2017-11-22 13:28:15+00:00,2017-11-22 13:58:00+00:00,196,223
2801384,2801380,2801378,@AmazonHelp Que puedo hacer al respecto?,"@270755 Comprendo y gracias por tu respuesta. Si tu pedido es gestionado por Amazon directamente, lo mejor sería que contactes al transportista o bien, con Servicio al Cliente mediante este enlace: https://t.co/beR78A4nQ9
^CB",2017-11-22 00:50:24+00:00,2017-11-22 00:56:00+00:00,40,225
1925472,1925471,1925469,@AmazonHelp Ok I will DM with my contact number.,@497993 We've responded to your query via DM. Kindly check. ^PS,2017-10-22 10:47:36+00:00,2017-10-22 11:02:26+00:00,48,63
1488800,1488779,1488780,@AmazonHelp till date I have not received my refund,@465798 Our team has sent a correspondence to your registered email address. Kindly check for the same. ^AP,2017-11-06 10:39:14+00:00,2017-11-06 10:51:53+00:00,51,107
835511,835500,835502,@AmazonHelp Voulez vous que je le test ? 😆,@318912 Maman serait-elle une gameuse ?  😁 ^BH,2017-10-13 09:05:16+00:00,2017-10-13 09:34:51+00:00,42,46
576510,576504,576505,"@AmazonHelp when the below is your latest tracking update, not a lot of reason to be optimistic:
December 3, 2017, 1:47 am 
Delivery status not updated 
The delivery status for this item has not been updated as of December 3, 2017, 1:47 am.","@255523 We strive to meet the given delivery estimates. If your order has not arrived by Tuesday, please reach out so we can go over available options. ^DO",2017-12-03 17:36:54+00:00,2017-12-03 17:42:00+00:00,240,155
2760352,2760345,2760349,@AmazonHelp Not help your customers care agent.,"@772351 Sorry about your recent experience, Abhishek. We wouldn't be able to access your Amazon account details on Twitter. Kindly share your details through the link provided earlier and we'll get it checked. 1/2 ^SY",2017-11-21 05:25:51+00:00,2017-11-21 05:44:00+00:00,47,217
2216858,2216860,2216861,"@AmazonHelp Before few minutes the local courier agents boss called me and he said that Amazon is putting pressure on us that we have to take payments by card, is it so❓❓
He is saying that COD has stopped, its been changed to POD, please replace this hopeless guy, i am not free to argue.",@647669 We'll not be able to check your information over Twitter. Kindly drop in your details using the link provided earlier and we'll reach out to you. ^GK,2017-11-10 08:53:17+00:00,2017-11-10 09:21:53+00:00,288,157
1980557,1980556,1980558,@AmazonHelp Solo recibo un sms de una central al que no se puede responder. La empresa @130709 me aseguró que lo recibiría esta tarde y nada,"@586279 Entiendo, ¿el pedido era gestionado por Amazon o por un vendedor independiente? ^KS",2017-10-18 18:27:35+00:00,2017-10-18 18:31:31+00:00,140,91
440270,1067761,1067762,@AmazonHelp I have reaponded 2 dat mail sent by ur team.  Enclosing the scrnshot of my reply. https://t.co/l6U9aHpbDg,"@140964 don't provide your order details, we consider it to be personal information. Our page is visible to the public. 2/2^AR",2017-10-27 06:55:39+00:00,2017-10-27 07:11:28+00:00,117,126
1104405,1104409,1104410,@AmazonHelp This link takes me to my account .my number is already there. Please help,"@370614 To request a callback you'll need to sign in, Nishant. Please go ahead and request a callback using the link ^MS",2017-10-15 13:52:03+00:00,2017-10-15 14:04:29+00:00,85,120
1430394,1430392,1430391,@AmazonHelp 分かりました。もう一度問い合わせしてみます。,@121885 お手数をおかけいたしますが、どうぞよろしくお願いいたします。SK,2017-11-02 07:33:34+00:00,2017-11-02 07:35:30+00:00,34,40
496000,502487,502488,"@AmazonHelp gostei da visão futurista, principalmente da tecnologia reprodutiva, lembrando q o livro foi escrito em 1932... é muito interessante...","@235045 Com certeza, Lessando! O autor do livro era um gênio, não acha? ^LG",2017-12-01 20:32:20+00:00,2017-12-01 20:36:27+00:00,147,75
1131292,1131291,1131293,@AmazonHelp Already did that. Hope I get and answer this time. But thanks for caring!,"@386604 If you sent an e-mail, keep in mind responses can take 24-48 hours. If you need a faster resolution, please call or chat. ^KJ",2017-10-24 12:15:26+00:00,2017-10-24 12:20:06+00:00,85,133
1031062,1031064,1031065,@AmazonHelp Dear Amazon help desk. I got a dummy response unrelated to the issue. Could someone please call me and resolve this asap?,@363978 Kindly revert to our email correspondence with further query on this and we'll be happy to take it over from there. ^AB,2017-11-03 05:04:46+00:00,2017-11-03 05:22:56+00:00,133,127
471550,471552,471553,"@AmazonHelp I have but don’t seem to be getting anywhere. The bed was only £3.32 and the purse £9.99 but this time of year and on a budget, doubt if many people could afford to loose that money. It is in affect fraud and stealing. Sorry I’m not getting at you..",@227284 Let's look into this in real time for you. Please call or chat with us here: https://t.co/n0TTLm6sl6 ^BA,2017-12-01 09:30:23+00:00,2017-12-01 09:35:26+00:00,261,112
2608064,2608062,2608061,"@AmazonHelp My refund claim is 2 weeks old. Sorry dosn't exactly cut it. It was an issue on your end that caused the problem, I was told I had to wait, and I'm still waiting.",@564183 Can you tell us what information we provided about the refund? Did we mention the cause of the error and if it was processed correctly since then? ^EZ,2017-11-25 23:38:02+00:00,2017-11-25 23:41:30+00:00,174,158
2762105,2762099,2762101,@AmazonHelp I can't reply to any of the messages in the message centre. There is no reply button. You can DM me and I can send you my details if that will help to expedite a resolution.,@282026 Kindly check your registered email address for a correspondence from social media team and reply to it. We'll reach out to you soon. ^AP,2017-11-21 08:31:46+00:00,2017-11-21 09:10:02+00:00,185,144
238008,238006,238003,@AmazonHelp I'm wondering about the multi room feature.,@172640 Here's a link from our help pages about using the multi-room music. Is this what you're looking for? https://t.co/LEAbnHxKJW ^MJ,2017-10-04 16:40:55+00:00,2017-10-04 16:47:30+00:00,55,136
2281997,2281996,2281998,"@AmazonHelp Vendido por AICEX ES y Patuoxun, pero ambos productos gestionados por Amazon y acogidos a Prime.","@663302 ¡Gracias por la información, Antonio! ¿Has contactado ya con el transportista de estos paquetes? ¿O has recibido algún tipo de información de su parte, referente a estos retrasos? ^ES",2017-11-11 21:40:04+00:00,2017-11-11 21:50:00+00:00,108,191
2722703,2722702,2722704,"@AmazonHelp Thanks, but my address definitely wasn’t incorrect and I’ve never had a problem ordering from amazon before. Please issue the refund ASAP. I hope this won’t be an issue in the lead up to Christmas","@763816 Hi! We don't have access to your account via Twitter, but if you reach out to us here via phone or chat, we can certainly look in to the order with you: https://t.co/JzP7hlA23B You can check on your refund status here: https://t.co/WaMMBsBIE7 I hope this helps! ^SM",2017-11-20 11:33:58+00:00,2017-11-20 12:34:39+00:00,208,273
544353,544359,544360,@AmazonHelp I have an easier option than that - how about switching to @15462,@246483 I understand how inconvenient this can be. Kindly write to us in the link shared earlier and we'll sort this out for you. Appreciate your understanding. ^BV,2017-12-03 11:28:07+00:00,2017-12-03 12:19:29+00:00,77,164
957545,957542,957543,@AmazonHelp Do ask team to go through all calls if possible and listen how Agents fool customers by fake personal/emotional touch and keep lingering TAT,@347201 I get your concern. We'll be sure to look into it and take appropriate actions. ^PS,2017-10-15 12:37:09+00:00,2017-10-15 12:40:00+00:00,152,91
2885717,2885719,2885721,@AmazonHelp The drone was showing as available within a few days with dji as the supplier yet all you could tell me was that it wasn't in stock and you didn't know when it would be. Why pay for prime for that kind of service? I asked to escalate it last week and I haven't heard anything.,@800373 Was someone from customer service supposed to get back to you? Did they confirm a follow up by email at any stage?^PK,2017-11-28 12:37:34+00:00,2017-11-28 12:47:00+00:00,288,125
461241,2924523,2924524,"@AmazonHelp The new dates just appeared. 1 was supposed to arrive yesterday. The other was supposed to arrive today. The delivery dates updated after saying all day today that the packages would be here by 8pm today. It’s aggravating, when I ordered these items the PRIME icon was there.","@809245 Our intent is to deliver orders on the original date given, I'm sorry this wasn't the case. Please let us know if you don't receive them by 8 PM on the new delivery date. ^LI",2017-11-29 03:25:08+00:00,2017-11-29 03:33:00+00:00,287,182
307299,307298,307300,@AmazonHelp Already scheduled a tote pickup. But thanks,@189387 Thanks for keeping us posted! If you need anything else don't hesitate to let us know. ^EP,2017-10-07 00:08:18+00:00,2017-10-07 00:17:39+00:00,55,98
2219909,2219905,2219904,"@AmazonHelp Oui je les ai eu au 📞 ils m’on dit qu’elle peut être remplacée mais que par l’édition standard, ce qui ne me plaît pas malheureusement, sinon oui évidemment j’aurais choisi le remplacement","@273384 😕 Notre centre de retour n'hésitera pas à effectuer le remboursement une fois le retour reçu, je vous prie encore une fois de nous excuser pour la gêne occasionnée.
^KE",2017-11-10 13:12:00+00:00,2017-11-10 13:20:29+00:00,200,176
1164617,1164613,1164611,@AmazonHelp I don’t appreciate being ignored over repeated requests for simple customer service.If you can’t deliver products then why do I need you?,@373086 Have you received any correspondence from us via email? Please let us know.  ^AG,2017-10-24 20:54:32+00:00,2017-10-24 21:12:01+00:00,149,88
746718,746738,746739,"@AmazonHelp no attampt, no call, then also received message.. if u cant deliver, dont send msg like this @115851 sir.. what can i do https://t.co/oTgSB7bIcn",@298511 Sorry for the inconvenience. Please provide your details in the link mentioned above. We will get it resolved at the earliest. ^GU,2017-10-12 05:34:19+00:00,2017-10-12 05:47:00+00:00,156,138
2825528,2825523,2825521,"@AmazonHelp No, both were on the Amazon UK app that I have on my phone","@787133 Sorry to hear that, please contact us here: https://t.co/JzP7hlA23B by phone or chat so an agent can look into this further. ^JJ",2017-11-27 10:03:48+00:00,2017-11-27 10:08:57+00:00,70,136
279455,279354,279355,@AmazonHelp Its been 3days but yet I have not received any response,@182606 Our team has emailed you. Kindly check your registered email address. ^NS,2017-10-09 09:48:07+00:00,2017-10-09 10:22:00+00:00,67,81
2914541,2914538,2914540,"@AmazonHelp mi sono iscritto ovvio,riguardo la console edizione limitata avete accordi?",@806786 Al momento non abbiamo novità in merito. Visita il sito di tanto in tanto per rimanere aggiornato. A presto! ^VE,2017-11-28 23:02:23+00:00,2017-11-29 05:13:30+00:00,87,120
1318175,1318172,1318171,"@AmazonHelp Nw my wife wl su me,she were saying Amazon is worst but I ordered 4m u n u guys proved here right.der will be no use of it after Diwali. https://t.co/qHF78NDS5l",@427866 Sorry for the disappointment. Please share your details in the link provided above and we'll have the issue checked. ^KA,2017-10-18 03:54:16+00:00,2017-10-18 04:24:00+00:00,172,128
419388,420042,420043,@AmazonHelp How much more time will you will taking to come up with a solution ?,@215016 I understand you're concerned regarding the order. We're working on it and will get back to you soon. ^AP,2017-10-10 07:15:42+00:00,2017-10-10 07:37:27+00:00,80,113
846932,846924,846926,@AmazonHelp No contact yet. No solution yet by @115850 - shows their casual approach.,@321288 Please provide your details here: https://t.co/beaaDm0muc and we'll assist you right away. ^SF,2017-10-23 03:21:26+00:00,2017-10-23 03:30:24+00:00,85,102
522601,522603,522604,"@AmazonHelp Awn ♥ Obrigado! 😍 No momento eu estou lendo 3 livros: Kerata - O Colecionador de Cérebros, Tratado de Fisiologia Médica e Fundamentos de Química Geral 😅","@240712 Opa 🙀 Que legal saber que você consegue ler mais de um livro ao mesmo tempo, Marcos 🙌 Você está curtindo do Colecionador de Cérebros? ^LG",2017-12-02 13:02:42+00:00,2017-12-02 13:08:00+00:00,164,145
1662614,1662617,1662620,@AmazonHelp One person said it would still be delivered yesterday and the other said they would escalate it and I should cancel and reorder,@506978 What is the status of your order as of this morning Dawn? ^NV,2017-11-06 09:58:31+00:00,2017-11-06 10:06:04+00:00,139,69
1509874,1509873,1509875,@AmazonHelp Out for delivery at 11:15 and it is now almost 3pm..???,@470446 Orders typically arrive by 21:00. Please keep us updated on the delivery. ^LI,2017-11-03 14:42:41+00:00,2017-11-03 14:54:01+00:00,67,85
2308766,2308765,2308767,@AmazonHelp Not yet shipped but email from May says November 14th https://t.co/8JA9pgwnTJ,"@158445 We don't suggest posting account sensitive information on social forums. However, please allow the order time to arrive on the date expected. Let us know if you need further assistance! ^QJ",2017-11-13 03:01:32+00:00,2017-11-13 03:18:32+00:00,89,197
1432329,1432328,1432330,"@AmazonHelp Yes, didn't work. Any chance you could just remove all of Kanye West's music from your library. Would be a lot easier. His music's shite.","@452591 You can leave feedback via the App, or contact the Music team :  https://t.co/JzP7hlA23B ^TD",2017-11-02 13:28:48+00:00,2017-11-02 13:36:30+00:00,149,100
1820423,1820422,1820424,@AmazonHelp @AmazonHelp I have called them up. They offered a refund. You do realise I can't gift my friend a refund. I need the product by today.,"@546520 Please fill in the form, we will check and connect with you accordingly. ^RW",2017-10-29 07:24:04+00:00,2017-10-29 07:33:30+00:00,146,84
986155,1026064,1026065,"@AmazonHelp 1no kaa chor company he Amazon
Mar lena kuch bhi Amazon c
Call me 9723269852",@190745 Please don't provide your order details as we consider it personal information. Our twitter page is visible to public.(2/2) ^CB,2017-10-14 17:07:54+00:00,2017-10-14 17:17:00+00:00,88,135
531544,531542,531541,@AmazonHelp Well I live in Bristol so quite a big city and there used to be lots of products that we available for same day Delivery. But now its never an option and neither is Sunday. Are the couriers just to busy this time of the year?,"@243139 Hi Hayley, are your delivery preferences are turned on for weekends? ^HS",2017-12-02 10:45:11+00:00,2017-12-02 10:48:50+00:00,237,80
1993289,1993288,1993290,@AmazonHelp No Sir... Please refund my account and delete my card details from your end or please delete my Amazon account. Please help!,"@589902 We'd love to help, but we can't access your account through Twitter. Please call or chat with us: https://t.co/PQu9BZPOR8 ^MB",2017-10-18 19:25:44+00:00,2017-10-18 19:36:01+00:00,136,133
2371379,2371386,2371387,@AmazonHelp I’m hoping they arrive tomorrow I’m expecting a few more packages tomorrow so if my ones that we’re supposed to be here today aren’t here tomorrow I’ll contact,@684238 Sounds good! We just want to ensure they arrive. 😊 ^RR,2017-11-14 04:42:22+00:00,2017-11-14 04:46:00+00:00,171,62
726780,726782,726783,"@AmazonHelp Yes, this is the 4th time of me contacting you through customer services email now!","@294092 For a faster response on this it may be better to get in touch via phone or chat directly, get it sorted on the spot for you. ^NV",2017-10-11 06:43:19+00:00,2017-10-11 06:55:00+00:00,95,137
2858134,2858138,2858139,@AmazonHelp Called. Still not resolved. Was told to reply to an email that I replied to on the 19th...twice...now I've been told someone will contact me in 24 hours. In the mean time I've had to buy nappies &amp; Christmas presents elsewhere. Tempted to just close my prime account &amp; get a refund,"@794312 An account specialist should be in touch within 24 hours, if there has been no update within this time please update us.^SM",2017-11-28 12:53:45+00:00,2017-11-28 12:58:00+00:00,300,131
1729680,1729676,1729674,@AmazonHelp It's at the Amazon bham hub that's roughly 8 miles from me but no updated activity since 4am so I don't know if it's coming today etc 😔😔,@412696 Hi Paul what does the latest scan on it say from 4 a.m.? ^AT,2017-11-07 10:52:05+00:00,2017-11-07 11:20:31+00:00,148,68
1014294,1014296,1014297,@AmazonHelp Jai contacté le service client aujourd'hui egalement ! J'attends une reponse de leur part.,"@360002 Parfait, tenez-nous au courant.^FT",2017-10-14 16:16:52+00:00,2017-10-14 16:26:28+00:00,102,42
746802,746791,746793,"@AmazonHelp Chaos pur, seids ma net bös. Euer Fehler und ich muss jetzt an meinem TV herumhantieren? Scherz, oder?",@194202 Wie bist du denn mit unseren Kollegen verblieben? ^SK,2017-10-11 17:17:09+00:00,2017-10-11 17:19:56+00:00,114,61
319103,319098,319101,@AmazonHelp __email__ that's my email.,@184615 I'm sorry for the stretch. Our team is currently working on this and it will be resolved at the earliest. Please refer (1/3)^AU,2017-10-07 11:53:45+00:00,2017-10-07 12:07:29+00:00,38,135
285157,285619,285625,@AmazonHelp It’s been more than 1 week. Still no issue resolve. I believe it’s Better to get in touch with call rather to explain the thing on mail.,@183935 I understand you would like to receive a phone call to help solve your issue soon. (1/2) ^VM,2017-10-10 05:28:55+00:00,2017-10-10 06:13:38+00:00,148,100
665208,665215,665216,@AmazonHelp 😏 disappointing to say the least !!!,@278535 I understand your concern. Kindly reach out to our support team from the link above and we'll be sure to help. ^SA,2017-10-23 05:53:43+00:00,2017-10-23 06:03:55+00:00,48,122
2888301,2888300,2888302,@AmazonHelp Non rien sur mon mail perso encore,@236396 Vous a-t-on confirmé la prise en charge de votre requête par le service spécialiste des comptes je vous prie?  ^SA,2017-11-28 13:28:45+00:00,2017-11-28 13:55:05+00:00,46,122
910670,910666,910664,@AmazonHelp There is no message specifying the reason for cancellation... Is this ur customer service ?,@336291 Sorry for the inconvenience. Please report this to our support team: https://t.co/TdDksLo6Mf and we'll look into this. ^MK,2017-10-18 17:51:21+00:00,2017-10-18 18:13:36+00:00,103,130
839381,839376,839382,@AmazonHelp Honeywell air purifier ordered. I'm fed up,@319704 Apologies for the trouble. We'd like to help. Please share the details using the link provided by 'CB' and we'll assist.^RS,2017-10-13 11:26:16+00:00,2017-10-13 11:39:26+00:00,54,131
149186,149181,149182,@AmazonHelp I have deleted it unfortunately.  Can u send me a complaint email address pease,@149987 You can send an e-mail here: https://t.co/JzP7hlA23B. ^WJ,2017-11-24 15:58:04+00:00,2017-11-24 16:00:22+00:00,91,65
382823,382818,382819,@AmazonHelp Well it still hasn’t arrived🤦🏼‍♀️,@146819 Thanks for the update. Please contact us here so we can look into this: https://t.co/qy3J24VGxb ^GG,2017-10-21 20:24:51+00:00,2017-10-21 20:27:37+00:00,45,107
344861,344865,344866,"@AmazonHelp also, i copied and pasted the code directly from the email, so i'm not sure what's wrong",@198050 I certainly understand what you mean! We'd like to take a closer look. Please reach out to us here: https://t.co/hApLpMlfHN ^HC,2017-10-08 02:44:08+00:00,2017-10-08 02:48:26+00:00,100,135
777201,777200,777203,@AmazonHelp So what do I do till 30th October - the date when echo is expected to be dispatched? Last year's prime expired yesterday.,"@305546 ships. As an alternative, you can subscribe for prime right now and the prime membership offered with Echo 2/3^AP",2017-10-12 04:58:23+00:00,2017-10-12 06:43:26+00:00,133,121
1429205,1429204,1429203,@AmazonHelp I did it here many times didn’t help out. I think there is tracking no in thread.Follow with respective team.,@350881 Please reply to the email correspondence here: https://t.co/8DAc10S7ww and we'll take it forward from there. ^SI,2017-11-02 06:29:06+00:00,2017-11-02 06:36:26+00:00,121,120
138091,138088,138086,@AmazonHelp Sold by Kmtom and fulfilled by Amazon. Baleaf 210D Oxford bike cover. But on website it now says Nov 29-Dec 4. My tweet was from phone msg.,"@147107 Sounds like we're waiting for some to arrive. If it comes into the warehouse sooner than noted on the site, we'll e-mail you with an update. ^KI",2017-11-24 10:34:40+00:00,2017-11-24 10:42:31+00:00,151,152
1397258,1397255,1397254,@AmazonHelp I have been sending emails through the contact us for nearly two weeks I get an auto acknowledgement but nothing else.,@444920 Please reach us by the phone or chat option for immediate help! You can use the link ^LI provided. ^KJ,2017-10-28 15:23:45+00:00,2017-10-28 15:27:00+00:00,130,110
1625056,1625058,1625059,@AmazonHelp yes and yes stll nothing,"@497677 Strange! In this case, please give us a chat or call here so we can assist further:  https://t.co/zYVX1Qi29G ^JD",2017-11-05 19:47:59+00:00,2017-11-05 19:52:32+00:00,36,120
422278,422286,422287,@AmazonHelp I have shared requested info. Please review let me know the status.,@215577 Thank you for dropping in your details. Our team will look into the issue and get in touch with you. ^NS,2017-10-12 13:00:58+00:00,2017-10-12 13:06:13+00:00,79,112
1104582,1104579,1104580,@AmazonHelp How long is the sale?,@380658 The sale is available through the 25th of October 2017! ^BE,2017-10-24 04:13:02+00:00,2017-10-24 04:37:00+00:00,33,67
1421326,1421321,1421324,"@AmazonHelp __email__
Please chek n call me","@450384 I'm afraid, we're unable to contact you over details shared here. Please respond to our email so we could take it from there. ^JC",2017-11-02 08:49:40+00:00,2017-11-02 09:09:00+00:00,43,137
348231,348235,348236,"@AmazonHelp Hello!!! Everytime I ask for help, you are asking me for screenshot of the error. After sending screenshot, no reply comes. Let me try here. https://t.co/sCqFeaBeDw",@198906 Sorry for the hassle. Please report this to our support team here: https://t.co/vlvfJr4nN9 and we'll check this. ^HN,2017-10-11 17:57:15+00:00,2017-10-11 18:07:29+00:00,176,124
2308667,2308666,2308668,@AmazonHelp Is this what you need? https://t.co/I3x1OliYVf,"@669648 Yes, thank you for providing that information. Please submit your order details and contact info here: https://t.co/EG6EwFtnRM so that we can take a closer look at the issue. ^TN",2017-11-14 00:23:46+00:00,2017-11-14 00:28:32+00:00,58,186
384839,384838,384840,"@AmazonHelp Order i.d. 4__credit_card__ 
I am waiting for this delivery.pls conform the status","@207112 Please don't provide your order details, as we consider it to be personal information. Our Twitter page is public.​ ^MM",2017-10-09 13:49:53+00:00,2017-10-09 14:20:32+00:00,94,127
2419454,2419453,2419455,@AmazonHelp dont need assistance when you dont have ethics @1145 what law &amp; policy if Goods are overprice than MRP  @118341,"@695084 Please don't provide your order details, we consider it personal information. Our Twitter page is visible to public. ^VN (2/2)",2017-10-29 12:47:27+00:00,2017-10-29 13:11:30+00:00,127,134
1013066,1013068,1013069,@AmazonHelp Yes tried many times also tries to summarize my issue but it's not helping,@359716 You can select any alternate option &amp; connect to our support team. We'll guide you through the process further. ^EM,2017-10-23 05:49:25+00:00,2017-10-23 06:06:00+00:00,86,127
2283447,2283446,2283448,"@AmazonHelp If I have to put in so much of time, I would rather go to the market nearby.","@663619 We apologize for the hassle, please share your details here: https://t.co/beaaDm0muc and we’ll contact you soon. ^SU",2017-11-11 14:10:38+00:00,2017-11-11 14:26:14+00:00,88,124
1680130,1680128,1680131,@AmazonHelp porque como muy pronto hasta mañana no lo voy a tener.,@197817 Puedes reportar la incidencia con nuestro Servicio al Cliente directamente: https://t.co/KyKcfqiS0j. ^KS,2017-11-06 15:54:43+00:00,2017-11-06 16:03:41+00:00,66,112
805583,805585,805586,"@AmazonHelp La cuenta la dirección de facturación no la recuerdo, no vivo en usa, y por eso me dijeron que no la podría recuperar, que abriera una nueva","@311963 Neo, por favor contacta a Soporte al Cliente para que puedan verificar las opciones disponibles: https://t.co/L2w4y1rThh. ^DA",2017-10-12 19:00:34+00:00,2017-10-12 19:03:31+00:00,152,133
373314,373322,373323,@AmazonHelp It suggested to contact customer service ^BC,"@204462 Thanks for confirming. Typically, late order arrive the next business day. Please keep us posted on the delivery. ^BH",2017-10-09 02:44:05+00:00,2017-10-09 03:46:24+00:00,56,125
987082,987136,987137,@AmazonHelp It was picked today. Thanku for the help.,@353904 Great! Glad to hear the product is picked up. Keep us posted If you have any further queries. ^BS,2017-10-14 13:29:20+00:00,2017-10-14 13:46:52+00:00,53,105
776074,776073,776075,@AmazonHelp Will I get refunded if I ordered something during my free trial but never used prime after that?,@305438 when did your free trial end? ^AS,2017-10-12 12:18:39+00:00,2017-10-12 12:36:00+00:00,108,41
345848,345852,345853,@AmazonHelp Amazonギフト券などでのお支払いは可能でしょうか？,@198307 お急ぎ便代金をAmazonギフト券でお支払ということですか？はい、可能でございます。なお、現在の注文内容の変更をご希望の場合は、こちらをご参照ください。https://t.co/eOuVJ0wCAw ET,2017-10-08 03:50:27+00:00,2017-10-08 03:58:29+00:00,39,110
1257980,1307661,1307662,@AmazonHelp I've already mailed you mannier times have I done a mistake paying you guys in advance.I am confused if I am the consumer or seller.,"@414784 I'm sorry for the stretch. If you've replied to the email sent by the Social Media team, you'd receive an update soon. ^EM",2017-10-27 04:19:32+00:00,2017-10-27 04:36:54+00:00,144,130
2472378,2472374,2472372,"@AmazonHelp I don't know if it's damaged. It wasn't there when I arrived home. Not surprising, seeing as it was just thrown in the garden. So, was this an ideal place to leave my parcel? I've been a prime member for over 2 years, not that it seems to make any difference.","@216638 I'm very sorry to hear your parcel was not left in the correct location and wasn't there when you got home. We'd like to look into this and available options with you. When you're available, please get in touch with us here: https://t.co/JzP7hlA23B ^TH",2017-11-15 12:21:23+00:00,2017-11-15 12:35:30+00:00,271,260
1843572,1843568,1843567,"@AmazonHelp Not really, lost my voice otherwise that would be an option.",@552383 Okay no worries. I think the chat option is not showing as your on the app. (Its showing for me on the website) Can you check on a computer instead see if your able to chat then? ^MI,2017-11-26 07:45:00+00:00,2017-11-26 07:49:00+00:00,72,190
421372,421571,421573,"@AmazonHelp Hello it was done and no use with it, had a about 40mins conversation with them!",@215401 The link provided above is different from the one provided earlier to that. Please fill the details in it and we'll revert. ^HA,2017-10-10 10:30:27+00:00,2017-10-10 10:49:27+00:00,92,135
2756034,2756032,2756030,@AmazonHelp I tried to fill out your form but what is the url thing? I can’t right click from my phone. Is this supposed to be user friendly??,@771371 Hey! Sorry to hear your having trouble with the link. When you are viewing our response on your phone a single tap on the link should open the page.  If you still cannot get that to work check Twitter from a desktop browser at your convenience. ^CH,2017-11-21 02:15:38+00:00,2017-11-21 02:27:30+00:00,142,256
735664,735658,735660,"@AmazonHelp En lo que va de año, 8 para mí (normalmente con varias cosas en el mismo pedido) y varios para familiares ☺️","@295985 2/2 también, por favor, utilizando este enlace: https://t.co/3VbbUbYsSx. ^VM",2017-10-29 08:30:29+00:00,2017-10-29 10:08:02+00:00,120,84
1311548,1311557,1311558,"@AmazonHelp It's been more than three hours! Will i get any update or i have to tweet you several time??? I ordered on 15th oct, very unprofessional!",@426478 Sorry for the delay. Please respond to the email sent to you here: https://t.co/DTSNmGldJf and we will assist you further. ^GU,2017-10-27 11:28:38+00:00,2017-10-27 12:03:28+00:00,149,134
1459055,1459053,1459051,@AmazonHelp Yes I've escalated three times. I don't get a reply.,@458655 When did you last contact us? Have you received an e-mail from our Account Specialist? Be sure to check your junk/spam folder. ^AC,2017-11-03 21:06:38+00:00,2017-11-03 21:10:31+00:00,64,138
725221,725227,725228,@AmazonHelp As per instruction i fill the form Now What......?,@293715 If you have shared your details through the link provided earlier. Our team will look into it and get back to you with an update at the earliest. ^AR,2017-11-17 05:19:17+00:00,2017-11-17 05:41:31+00:00,62,157
49913,49947,49951,@AmazonHelp It’s been 12 hrs still no response from your side,"@127178 That's odd! Once we receive your details, a correspondence is sent to your registered email. (1/3) ^SV",2017-11-02 21:14:41+00:00,2017-11-02 21:24:00+00:00,61,110
1955280,1955277,1955274,"@AmazonHelp Thanks, but this doesn’t answer my question. It’s working but is slightly out of sync",@580359 Have you checked to see if the delay is still noticeable with the external speakers disconnected? Please let us know! ^LB,2017-10-18 17:25:07+00:00,2017-10-18 17:42:01+00:00,97,129
1704059,1704058,1704060,@AmazonHelp If refund is the only option how long will it take? I really wanted this product but cant wait long,@516549 The time frame depends on the payment method type. You can learn more about the refund times here: https://t.co/SP5KwZvZpw ^BH,2017-11-06 23:59:58+00:00,2017-11-07 00:09:00+00:00,111,134
2254536,2254516,2254514,"@AmazonHelp Apparently, third party seller. I should have know I was being scammed when it said it was shipping from China. 

You guys stole money from me a year and a half ago when 3rd party seller sold me counterfeit merchandise and your customer service lied to me, saying I’d be refunded.","@539934 Hi there, Michael. I'm sorry you've not received your order. Have you contacted the seller regarding its whereabouts? We do ask that you give them 2 business days to respond.
If you have, click here: https://t.co/22s04m9fHj to see guidelines for our A-to-z claim. ^KL",2017-11-10 23:19:58+00:00,2017-11-10 23:32:51+00:00,292,275
343113,526513,2692763,"@AmazonHelp Ordered on March 23, 2016  Order# 116-4081823-9779459 already been through this exasperating exercise with cust service. other VOYAGE owners have expressed the exact same flaw. what about an even exchange for Oasis? @115851","@241844 When you contacted customer service about this issue with your Kindle, Scott, what options or insight were we able to provide about the defect you are experiencing? Please let us know. 😊 ^JD",2017-11-19 17:34:13+00:00,2017-11-19 17:42:25+00:00,235,198
1436630,1436628,1436631,@AmazonHelp Still no guaranteed date to receive the item either.,"@453513 To clarify, the delivery date changed to November 7th? If so, pls keep us posted on delivery. We want to be sure you receive it^MT",2017-11-02 14:36:28+00:00,2017-11-02 14:41:30+00:00,64,138
1553790,1553787,1553785,"@AmazonHelp Si, un pedido que tenia que haber llegado ayer con envio 1 dia","@480663 Entiendo javi, ¿has contactado con el transportista directamente? ^MB",2017-11-04 11:22:12+00:00,2017-11-04 11:26:30+00:00,74,77
1290374,1290366,1290363,@AmazonHelp I've explained &amp; explained for a YEAR!  #Amazon took money out of my account!I was just on the phone with @115821 for an HOUR! Call DROPPED!,@421762 It looks like our team is still looking into this for you. We appreciate your patience while we continue to investigate. ^AB,2017-07-03 13:52:27+00:00,2017-07-03 14:15:00+00:00,156,132
323304,323312,323314,"@AmazonHelp yes i did but did not get to hear anything from you and your team.

today again 10-1 slot it was not picked up",@192996 We've sent a correspondence to your registered email ID. Kindly check it here: https://t.co/8DAc10S7ww and write (1/2) ^GK,2017-10-11 07:57:14+00:00,2017-10-11 08:56:00+00:00,122,130
1540476,1540478,1540479,@AmazonHelp Here is the proof where I hv claimed repeatedly that @115850 will never deliver my order on time even with prime subscription. https://t.co/4PwWQ5QkI0,"@214885 We'd really like to help you out Krishna, kindly share your details in the link provided earlier. ^SM",2017-11-06 23:57:42+00:00,2017-11-07 00:09:02+00:00,162,109
539791,539788,539786,@AmazonHelp Vor unserer Emfangstür in einem Gebäude wo auch andere Firmen sind und am WE auch gerne mal Putzkräfte durchs Haus laufen,@245189 Oje. :( Gerne kannst du direkt die Kollegen vom Kundenservice darüber informieren: https://t.co/ohyvGrpvrY Diese können sich mit dem Zusteller in Verbindung setzen. ^SI,2017-12-02 14:50:37+00:00,2017-12-02 15:00:32+00:00,133,176
1860155,1860157,1860158,"@AmazonHelp It says could not confirm order number and items in order.  It says to place a new order but the sale is over and out of stock.....

The Order Number is 111-5691120-7868263",@556089 I'm sorry to hear about this. We cannot access your Amazon Account via Twitter to take a look. Can you contact us here:  https://t.co/hApLpMlfHN se we can take a look for you? ^MI,2017-11-26 08:23:44+00:00,2017-11-26 08:27:00+00:00,184,187
98812,98806,2669273,"@AmazonHelp you don't have anything.
U r just #fraud.
#fraud amazon and its delivery entities , agents everyone.",@137623 I request you to resubmit your details using this link: https://t.co/beaaDm0muc and we'll contact you soon. ^RI,2017-11-19 12:28:53+00:00,2017-11-19 12:33:54+00:00,112,119
1632192,1632182,1632183,@AmazonHelp Blz. Para vcs também... É comum alpendre o sincronismo com a conta?,@499460 As vezes acontece. Lembre Leandro que estamos para ajudar!  ^JJ,2017-11-18 22:36:43+00:00,2017-11-18 22:44:26+00:00,79,71
685698,685702,685703,"@AmazonHelp The problem is that my whole account is being locked!

Nothing much to do here unfortunately... https://t.co/DR9UJcEkSN","@283683 If you have heard from the account specialists and forwarded the requested details to them , they should update you within 24hours. Let us know if you do not hear anything.^BZ",2017-11-23 13:50:28+00:00,2017-11-23 14:00:42+00:00,131,183
343048,343047,343049,"@AmazonHelp Have already checked neighbours and it is not  ""UP TO THE DOOR"" or any door. As for ""contact the carrier it says Amazon Logistics, no contact number or couriers name etc. I have ordered several items no clue of knowing what is missing this is ineptitude surely?","@197668 I understand your concern. Whenever you have the time, give us a shout here: https://t.co/JzP7hlA23B We'd be happy to assist in real-time. ^SK",2017-11-19 18:54:38+00:00,2017-11-19 18:59:05+00:00,273,150
1108180,1108173,1108178,@AmazonHelp https://t.co/4GDYGxz6Th,@381541 The item was listed with an incorrect price on our website for a short time; this error has since been corrected. (1/3)^MN,2017-11-08 17:47:05+00:00,2017-11-08 18:04:00+00:00,35,130
430624,430623,430625,@AmazonHelp Someone used my CC saved in ur website to do purchase worth INR9499 at 19.44 IST today.,"@217407 Well, that's strange. Have tried reporting this to our support team here: https://t.co/vlvfJr4nN9 ? ^NK",2017-10-10 14:59:24+00:00,2017-10-10 15:10:31+00:00,99,111
425407,425414,425418,@AmazonHelp @216202 After placing the order marked a mail https://t.co/VO4Bq1EnjA,"@216204 Please don't provide your order details, we consider it personal information. Our Twitter page is visible to public. ^HA",2017-10-10 11:58:25+00:00,2017-10-10 12:08:37+00:00,81,128
2512390,2512386,2512388,"@AmazonHelp Non, j'ai le suivi via UPS, c'est juste que qd il passe de dépôt en dépôt en restant à chaque fois au moins 1 journée, ça explique leur QoS","@716027 Je vous invite à contacter notre SAV pour signaler le retard via ce lien :  https://t.co/hgIrz98cdI
^ARC",2017-10-30 06:32:43+00:00,2017-10-30 06:36:00+00:00,151,112
1588066,1588071,1588072,"@AmazonHelp Got conf. from DPD that delivery will be made 08/11, but upon checking, parcel still not with courier. Email states delayed. #poorservice",@488429 I'm sorry for the delay! Please let us know if your order doesn't arrive by the new date. We can go over available options. ^GM,2017-11-06 00:49:25+00:00,2017-11-06 00:57:31+00:00,149,135
1098602,1098601,1098603,"@AmazonHelp Compre un reloj Tommy Hilfiger el cual llego el pasado 16 del presente mes y hoy dejonde funcionar, no corre.","@379241 Lamento el inconveniente, Edward. ¿Tu pedido fue enviado por Amazon o un vendedor en nuestra página? ^JQ",2017-10-23 22:25:56+00:00,2017-10-23 22:30:00+00:00,121,112
611209,611206,611205,"@AmazonHelp Well, he didn't get back in touch like he said he would... Luckily the person that received my delivery dropped it round Monday night.","@265315 I'm very sorry to hear this, Andy! I'm happy your package was recovered, though! Please keep us posted and let us know if there's anything else at all we could help with! ^SD",2017-11-22 12:54:16+00:00,2017-11-22 13:03:31+00:00,146,182
945484,945482,945480,@AmazonHelp problem solved https://t.co/ApBXLOr2w2,@344189 Thank you for letting us know beysa ! Best regards ^JJ,2017-10-13 20:43:39+00:00,2017-10-14 00:33:37+00:00,50,62
1268251,1268247,1268248,"@AmazonHelp Je note que la définition de votre service client pour ""assurer la bonne résolution de cet incident"" signifie encore 1 jour de retard en +. https://t.co/zDYeYDP2BD",@416949 Navrée pour cela. Je vous prie de patienter. ^MA,2017-10-30 21:08:36+00:00,2017-10-30 21:12:32+00:00,175,56
873760,873742,873743,"@AmazonHelp Sunday, October 14th.  It wasn’t even given to the carrier until yesterday, October 19th.","@249367 Sorry to hear we've missed our mark! Have you contacted us, via phone/chat, to explore possible options with us? ^JE",2017-10-20 22:21:40+00:00,2017-10-20 22:27:01+00:00,101,124
513510,513514,513515,@AmazonHelp ありがとうございます。　お世話になります　m(__)m。,@238181 どうぞよろしくお願いいたしますm(_ _)m TN,2017-12-03 10:09:35+00:00,2017-12-03 10:10:55+00:00,40,33
69607,69611,69612,@AmazonHelp I’d rather the order just be cancelled so I don’t have the extra hassle of returning items because they didn’t arrive on time. That’s a waste of my time.,"@131776 We have no access to your account or orders through social media. If you haven't done so already, please reach us directly via the ^HS provided so we may look into available options for you. ^BV",2017-11-30 20:55:05+00:00,2017-11-30 21:05:07+00:00,165,202
1259920,1259916,1259919,"@AmazonHelp Support via email is refunding the order, also going to pay for 1 day shipping so I can get it asap. Thank u","@134611 No problem, I'm glad we could get this resolved for you. If you have any other questions or concerns reach out to us anytime. ^TH",2017-10-26 10:29:59+00:00,2017-10-26 10:49:36+00:00,120,137
1006554,1006553,1006555,@AmazonHelp Just done it thanks.,@350784 Ok thanks. ^KM,2017-10-14 13:45:58+00:00,2017-10-14 14:00:01+00:00,32,22
470100,470098,470097,@AmazonHelp Courier to collect and it just says the courier will attempt to collect the next working day....,@226923 Does it advise who the courier is?^ES,2017-11-27 12:08:07+00:00,2017-11-27 12:11:00+00:00,108,45
317926,317922,317929,"@AmazonHelp I been reaching out to Amazon for 2 weeks with my problem, no solution with them sending my products to wrong address.","@191865 Sorry, we suggest not sharing personal details here as this page is public. ^JJ",2017-10-07 09:50:20+00:00,2017-10-07 10:10:00+00:00,130,87
1223692,1223681,1223682,@AmazonHelp Got reply. Standard shipping upgrades. Nothing new. Oh well. Tks anyway.,@407069 Can you tell us what were you advised? Were you given any new delivery dates? ^MA,2017-11-16 15:21:27+00:00,2017-11-16 15:29:29+00:00,84,89
1664433,1664435,1664437,@AmazonHelp So how are you going to help me?,"@507252 Once you contact our support team using the link shared earlier, we'll check your order and go over ^MP 1/2",2017-11-06 12:00:33+00:00,2017-11-06 12:25:50+00:00,44,115
2236313,2236285,2236286,@AmazonHelp I already call customer care for this but they didn't solve my and they didn't interest in my problem,@652182 I'm sorry for the inconvenience. We are working on your concern and will get back to you shortly. Appreciate your patience in this regard. ^SS,2017-11-10 19:25:48+00:00,2017-11-10 19:52:00+00:00,113,150
55041,55039,55038,@AmazonHelp It says by November 3rd at 8 pm. I am just getting worried because that’s 2 days away now.,@128478 It's not uncommon for items to ship and arrive the same day. Please keep an eye on your inbox for a shipping notification. ^RA,2017-11-01 19:15:24+00:00,2017-11-01 19:21:42+00:00,102,134
2899670,2899669,2899671,@AmazonHelp I DM you guys no respond wow,@363330 I apologize about the delay! When did you send us the direct message? ^GP,2017-11-28 19:53:26+00:00,2017-11-28 19:55:31+00:00,40,81
2457174,2457173,2457175,@AmazonHelp この日を待ってました🤤完食しちゃわないよう気をつけます٩( ᐛ )و,@703822 美味しいとついつい食べ過ぎちゃいますよね(;´▽｀A`` 無くなりましたら、またどうぞ～♪ (っ´∀｀)っ TN,2017-11-15 05:08:16+00:00,2017-11-15 05:11:34+00:00,46,64
729231,729229,729230,@AmazonHelp Je fais le nécessaire. Encore merci pour votre aide et bonne journée à vous.,@294663 A votre service,2017-10-11 09:13:46+00:00,2017-10-11 09:26:00+00:00,88,23
215156,215150,215148,@AmazonHelp It's not there..u check the app urslf.u will come to know,@167119 Sorry about this experience. Please report this to our support team here: https://t.co/TdDksLo6Mf and we'll look into this. ^HD,2017-10-05 01:23:02+00:00,2017-10-05 01:26:00+00:00,69,135
812525,812523,812522,@AmazonHelp Perfect. Thanks pal.,"@313601 You're welcome, thanks for contacting us! ^JJ",2017-11-25 09:33:59+00:00,2017-11-25 09:35:31+00:00,32,53
2467222,2467221,2467223,"@AmazonHelp Items ordered &amp; in stock, promised under 2-Day Prime shipping with anticipated delivery date indicated, taking over a week to arrive.",@705944 Two-Day Shipping refers to transit time after the item is ready to ship. Has the delivery date given at checkout passed?^VB,2017-10-29 21:02:49+00:00,2017-10-29 21:11:00+00:00,149,131
1603082,1603080,1603078,"@AmazonHelp Amazonさんの公式でないことは分かってます！
架空請求ですよね",@491994 恐らく、そのようです。どうぞご注意ください！ EK,2017-11-05 07:23:50+00:00,2017-11-05 07:28:27+00:00,45,33
530081,530083,530084,@AmazonHelp Website. I didn’t dare to logout from the mobile application my amazon Id __email__,@242753 as we consider them to be personal information. Our Twitter page is visible to public. (2/2)^YP,2017-12-02 10:38:42+00:00,2017-12-02 10:59:27+00:00,95,103
1777663,1777662,1777664,@AmazonHelp No I’m just placing an order and usually prime items are next day delivery even when ordered on a Saturday- now the delivery date is Tuesday. Just wondered if the prime terms have changed?,"@477745 I'm sorry to hear this, Cat! I believe this might shed some light on the issue: https://t.co/nSlrlQCbUx  Please let us know if the issue has or does persist outside of this date period.  Thanks! ^WB",2017-11-25 13:52:44+00:00,2017-11-25 14:13:31+00:00,200,206
1771749,1771748,1771747,@AmazonHelp Already reported 2 days ago and no deadline is given.,"@532550 If you have filled in your details, please be assured our team will get back to you at the earliest. ^PB",2017-11-10 16:05:42+00:00,2017-11-10 16:33:00+00:00,65,112
199664,199660,199659,@AmazonHelp Je ne peux pas. Aujourd'hui j'ai reussi a commander aux Lockers! Il y a ancore certains livres que sont pas livrables aux lockers.,@163092 Je suis vraiment navrée pour cela .^BR,2017-10-04 20:03:06+00:00,2017-10-04 20:15:31+00:00,142,46
493436,493426,493428,@AmazonHelp Both orders say shipped with Amazon shipping and I have a tracking reference that starts with Q,@232632 Please let us know if the order doesn't arrive as promised. Thank you ^AP,2017-12-01 18:23:00+00:00,2017-12-01 18:37:00+00:00,107,81
639506,639504,639503,@AmazonHelp Yes it's now stating between 23rd and 24th November this is joke especially from a company that promises next day delivery with it's Prime service,"@141258 I certainly understand your frustration, Anthony! Please let us know if it doesn't arrive by the 24th. ^SW",2017-11-22 20:14:10+00:00,2017-11-22 20:17:32+00:00,158,114
694385,694360,694359,@AmazonHelp Could you please send the link again,@285580 Please share your details here : https://t.co/GIJyeYqKE0 and we'll connect with you soon. ^AS,2017-11-14 13:49:26+00:00,2017-11-14 14:01:01+00:00,48,101
2868354,2868353,2868355,@AmazonHelp Casual $1100 of light fixtures..,"@796582 Hi, Cole! Could you please confirm who the carrier is for these late shipments? You can find that information here: https://t.co/Y5jpI9gRhE. We want to help with this! Please keep us posted! ^SD",2017-11-28 20:43:56+00:00,2017-11-28 20:55:52+00:00,44,202
419220,419226,419227,@AmazonHelp Ok..  now the piece of laptop is increased and I want to buy laptop same it minimum price . So kindly lower the price of laptop for me,"@214982 Unfortunately, we do not have a price match policy. Kindly place a new order. ^PS",2017-10-10 06:36:48+00:00,2017-10-10 06:53:26+00:00,146,89
790176,790191,790192,@AmazonHelp @115851  see the proof https://t.co/w7mMW0lbNW,@308429 We understand your situation. Apologies! We're working on your concern and we'll get back to you at earliest. ^SV,2017-10-12 16:35:59+00:00,2017-10-12 16:42:29+00:00,58,121
850037,850036,850038,@AmazonHelp Yes ! Your own drivers are poorly trained delivering to the wrong addresses. Items not already in your warehouse are often delayed too,"@301366 Apologies - pls contact us so we can investigate:  https://t.co/hApLpMlfHN

- Tony D",2017-10-13 13:34:40+00:00,2017-10-13 13:37:01+00:00,146,92
2758110,2758108,2758107,@AmazonHelp メッセージセンターからも認証キーも受け取り番号も確認出来ません,@771841 ご確認いただきありがとうございます。その場合は、状況を確認させていただきますので、お手数ですが先ほどご案内したリンクよりカスタマーサービスまでお問い合わせくださいますよう、お願いいたします。ET,2017-11-21 03:19:55+00:00,2017-11-21 03:33:30+00:00,43,105
422703,422702,422704,"@AmazonHelp Sure, I have attached a screenshot below, every time it shows same, even I tried to reset password, but once I reset it, the error is same. https://t.co/Vppez8oFqs",@215661 I'd like to check this for you. Please write to us here: https://t.co/GIJyeYqKE0 and I'll reach out to you. ^SA,2017-10-10 10:38:46+00:00,2017-10-10 11:01:34+00:00,175,119
1275074,1275076,1275077,@AmazonHelp Where is the link mentioned..??,@393288 Kindly reach out to our support team through the link provided here:https://t.co/vNuNUrZXFr &amp; we'll look into it for you. ^EM,2017-10-16 08:33:04+00:00,2017-10-16 09:02:26+00:00,43,137
117865,117859,117860,"@AmazonHelp Sim...Kindle é puro amor!!! Estou lendo ""O Grande Herói"" de Marcus Luttrel e "" Conversando com C. S. Lewis"" de Alister McGrath. 😉","@142143 Opa, parecem livros interessantes demais! :D Você os recomendaria? ^CR",2017-11-24 00:33:39+00:00,2017-11-24 00:36:25+00:00,141,78
309918,309920,309921,"@AmazonHelp usually no reason for delays. It will say ""in transit"". Sometimes its out for delivery and then doesnt get delivered that day.","@189991 Typically, late orders will arrive the next day. If yours doesn't please contact us: https://t.co/hApLpMlfHN ^EP",2017-10-07 02:32:07+00:00,2017-10-07 02:48:58+00:00,138,120
1100412,2290855,2290856,"@AmazonHelp forced me to escalate this matter.
@115851 - hi Jeff ! Am a customer of your esteemed company and find few gaps in your Indian subsidiary SOP. My order details &amp; contact details are as follows - Nilesh Garg,+919326103122. Order no 403-7264416-5820316. Need your intervention .","@665414 Hello, please accept my sincere apologies for your recent experience. Kindly fill in your details here: https://t.co/GIJyeYqKE0, and I'll look into it. Please don't provide your order details, we consider it personal info. Our Twitter page is visible to public. ^NR",2017-11-12 21:48:39+00:00,2017-11-12 21:51:57+00:00,292,273
43288,43287,43289,"@AmazonHelp It replied saying ""I couldn't find any hindi party songs"". Check the screenshot from Alexa app https://t.co/qNiTG1v85J",@125593 Sorry for the hassle. Could you please let us know through which music application you are trying to play the songs? ^JS,2017-11-01 16:06:13+00:00,2017-11-01 17:03:00+00:00,130,128
425137,425105,425106,"@AmazonHelp Saying Again...be specific. ""Earliest"" gives no idea. Give me a date and time.","@134321 I understand the urgency, Vasu. We're actively working on it and we'll get back to you by the end of the day. ^SY",2017-11-21 08:14:42+00:00,2017-11-21 08:36:00+00:00,90,121
803004,802999,803000,@AmazonHelp i cannot do this refund through the seller because the seller is no longer on the site and unreachable. How do I file a claim through you/,"@311348 We'd be happy to look into this with you, please reach out directly to us here: https://t.co/hApLpMlfHN ^JA",2017-10-12 21:58:22+00:00,2017-10-12 22:02:00+00:00,150,115
306933,307184,307185,@AmazonHelp Immediately after your request last night,@189283 Thank you for filling it out. We'll be reaching out as soon as possible.Wee appreciate your patience. ^JE,2017-10-07 13:12:54+00:00,2017-10-07 13:25:30+00:00,53,113
226702,226700,226699,@AmazonHelp Yes. It tracked back to Antwerp and was delivered there,"@170116 When it reaches the warehouse and gets a scan a refund will be requested, refunds can take 7 days to process once requested. ^JJ",2017-10-05 07:15:44+00:00,2017-10-05 07:18:30+00:00,67,136
549381,549389,549390,@AmazonHelp No me he comunicado con ellos,@247929 En este caso te recomendamos ponerte en contacto con nuestros compañeros de Servicio al Cliente para que ellos puedan revisar tu caso. En el siguiente enlace podrás hacerlo: https://t.co/beR78zMMYB ^RC,2017-12-02 19:05:47+00:00,2017-12-02 19:08:00+00:00,41,209
849775,849774,849776,@AmazonHelp Connected.. the India Helpdesk confirmed that th the US helpdesk will call.. didn’t!! Emails sent.. replied with an auto response!! Super!,@321920 Request you to get in touch with our support team between 7am-12am from the link provided earlier &amp; we'll help you with this.^SQ,2017-10-21 00:50:04+00:00,2017-10-21 01:03:01+00:00,150,140
958181,958183,958185,"@AmazonHelp How many times, already done","@347352 In that case, please reply to the email sent by our team mentioning your concern and we'll get back to you soon. 1/2 ^RS",2017-10-23 08:37:56+00:00,2017-10-23 08:55:54+00:00,40,128
1290403,1290402,1290404,@AmazonHelp My lights all appear here but my Dots do not. Should this be where I select them to add? https://t.co/L7OX9LKLlD,"@421770 Hello, Alanna! We want to help! Contact us here so we can get your Smart Home set up: https://t.co/hApLpMlfHN ^EA",2017-10-26 20:54:47+00:00,2017-10-26 21:16:00+00:00,124,121
835516,835519,835520,"@AmazonHelp I asked about replacement order but the rep did not want to ""inconveniance"" me with placing another order.",@316081 Thanks for confirming- Was a time frame provided on how long you should wait for delivery? ^NV,2017-10-13 10:45:32+00:00,2017-10-13 10:49:00+00:00,118,102
734113,734115,734116,@AmazonHelp I tried this given link I didn't receive any call or option to go further!!!,@295648 You may connect us here: https://t.co/vlvfJr4nN9 to request an immediate callback. We'll be happy to help. ^AR,2017-10-26 02:54:31+00:00,2017-10-26 03:09:16+00:00,88,118
990368,990365,990366,"@AmazonHelp I didn’t contact Amazon after that last web-chat, as I figured it would be taken care of. Should I get back on the chat?",@354593 I would yes as we don't have access to account details here I'm afraid. ^KM,2017-10-24 09:30:08+00:00,2017-10-24 09:37:30+00:00,132,83
1572232,1572231,1572233,@AmazonHelp I see it daily..even the episode of @41845 is not updated.dere must be some fix DAY when it is updated,@294487 We haven't made any announcement yet. Please stay tuned to the website for updates. ^MS,2017-11-04 13:54:58+00:00,2017-11-04 14:04:02+00:00,114,95
2154083,2154064,2154063,@AmazonHelp Sir till today cash back not credited,@632905 Our apologies for the stretch. Kindly reply to our correspondence you've received and we'll check this for you. ^YP,2017-11-20 15:56:13+00:00,2017-11-20 16:18:37+00:00,49,123
2414481,2414480,2414482,"@AmazonHelp Oh, ich hab jetzt nen geschlechtsneutralen grauen bestellt. Jetzt heißt es Daumen drücken!","@694016 Wenn graue Zirkel bestellt werden, versenden wir grundsätzlich die Modelle in babyrosa 🤡 Spaß beiseite, am Ende bewahrheitet sich das auch noch 😀 Ich drück die Daumen! ^BL",2017-11-14 19:58:11+00:00,2017-11-14 20:04:06+00:00,102,179
365220,365235,365236,@AmazonHelp Sounds good.. expecting the solution latest by today..  else i would have to return tue product and file a consumer petition for the,@202516 Sorry about the bad experience. We'll get in touch with you as soon as we have an update. ^NS,2017-10-09 08:07:07+00:00,2017-10-09 08:23:26+00:00,144,101
1082393,1082392,1082394,"@AmazonHelp I definitely was already there but I appreciate the effort you’ve gone through to send me this link. It’s ok, I got this xoxo","@375317 Any time, please let us know if you have any questions or need assistance! 😊 ^DW",2017-10-23 20:48:27+00:00,2017-10-23 20:54:57+00:00,137,88
2161978,2161976,2161975,@AmazonHelp Then how can u help....u r page is saying further details required from customer side but I don't find any field form where to fill details @AmazonHelp,"@373357 Please select the option of other order issues and connect with our support team, so that we can help you with the issue. ^SH",2017-11-09 06:12:42+00:00,2017-11-09 06:26:53+00:00,163,133
1232103,1232123,1232124,"@AmazonHelp Please check,
But question is still that?
Why you not refund my amount in 24 hrs???
Why mentioned that, Amazon pay balance refund in 24 hrs https://t.co/AbJaMHvtKf","@359661 Please don't provide your order details, we consider it personal information. Our Twitter page is visible to public. ^MJ",2017-10-16 05:32:05+00:00,2017-10-16 06:04:27+00:00,175,128
1490291,1490285,1490287,"@AmazonHelp Man, the subtitles are not coming again now. I have updated the app, played some other TV shows and Hindi movies and could see subtitles . Wonder what's the problem with this movie alone.",@466107 I'm sorry for the inconvenience with the subtitles. Please report it to our support team here: https://t.co/2t6DQoUmNZ we'll look into it and help you out. ^AP,2017-11-26 02:24:48+00:00,2017-11-26 02:30:00+00:00,199,167
354657,354650,354652,"@AmazonHelp Yes, we stay logged in on Sling. But, this is on the ESPN app, not on Sling",@200296 Please try installing the Sling TV app on your Fire TV and let us know if you're able to access the channel. ^BH,2017-10-31 04:11:58+00:00,2017-10-31 04:18:37+00:00,87,120
487782,487781,487829,"@AmazonHelp Yes I did, and it’s still doing it",@231101 Well that isn't good! Can you contact us for real time troubleshooting? You can reach us via this link: https://t.co/hApLpMlfHN ^KI,2017-12-01 15:45:10+00:00,2017-12-01 15:53:31+00:00,46,139
2715153,2715156,2715157,"@AmazonHelp A delayed delivery is an inconvenience. Saying something has been delivered, handed in person even, when nothing of the sort has been done constitutes to lying to your customers. Most of us would be ok with minor delays, but lying to our face is insulting.",@762195 We understand you are yet to receive your order. Kindly reach us via the link provided earlier and we'll get in touch with you soon. ^VM,2017-11-20 05:32:12+00:00,2017-11-20 05:47:29+00:00,268,144
839381,839390,839391,@AmazonHelp I have still not received my delivery. I do not know whom to approach. My email id is __email__,"@319704 Please don't provide email address, we consider it personal information. Our Twitter page is visible to public. ^VN(2/2)",2017-10-13 16:43:51+00:00,2017-10-13 17:02:00+00:00,107,128
430033,430035,430036,"@AmazonHelp I need my prizes. I can send you the screenshot of the clues I found. 
@115850","@217267 We have provided the best resolution to you, appreciate your understanding. ^MJ",2017-10-19 06:12:36+00:00,2017-10-19 06:50:02+00:00,90,87
798769,798776,798777,@AmazonHelp Une personne vient de m’appeler va falloir quand même aller le chercher à la poste ! Pour un livre qui devait être la sous 3j finalement c’est 5j ! Très déçu du livreur et du manque d’information,"@310416 Je suis désolée pour cela .
C'est la poste qui a pris en charge votre livraison ? ^BR",2017-10-12 16:34:11+00:00,2017-10-12 16:37:00+00:00,207,93
972703,972702,972704,@AmazonHelp The carrier was Amazon shipping,"@350718 Hi, this could have been a miss-scan that has occurred by the driver. May I ask, does this occur often ? ^CR",2017-10-22 08:59:18+00:00,2017-10-22 09:06:27+00:00,43,116
549351,549349,549348,@AmazonHelp I've ordered windows 10 and it originally said that i would get an email to my amazon messages with product key. Why is there a delivery date? https://t.co/KyoHDuLec0,@212570 Gotcha! That just means you'll be receiving the e-mail by December 4th. ^BL,2017-12-02 18:26:35+00:00,2017-12-02 18:32:26+00:00,178,83
422257,422253,422258,"@AmazonHelp I have only got Rs.500 cashback &amp; 500 is still remaining.
But your customer care executives are least bothered about the same.",@215582 here: https://t.co/GIJyeYqKE0 and I'll have this checked for you. (2/2) ^KA,2017-10-10 12:35:12+00:00,2017-10-10 12:43:42+00:00,142,83
1383828,1383825,1383824,@AmazonHelp ... en la puerta de un bar supuestamente cercano que tampoco conozco. Para colmo no tengo ninguna llamada del transportista. Lamentable.,"@442048 Ya te hemos dado respuesta por DM, estamos para servirte. ^AV",2017-10-28 08:27:13+00:00,2017-10-28 08:29:00+00:00,148,69
641821,641818,641817,@AmazonHelp I've just received this email - but the return date was earlier this month?! https://t.co/YWeNlll0S2,"@119036 Because an agent started a new return for you, you can disregard the date. The label will be valid for 7 days. ^ZW",2017-11-19 12:40:29+00:00,2017-11-19 12:53:00+00:00,112,122
2385780,2385782,2385783,@AmazonHelp Order detail-403-9958424-1981160. Pls provide resolution.,"@687596 Please don't provide your order details, as we consider it to be personal info. Our page is visible to the public. 2/2 ^OS",2017-10-20 10:00:45+00:00,2017-10-20 10:15:53+00:00,69,130
2823189,2823181,2823182,@AmazonHelp Je fais des ouvertures de boosters / coffrets / autres goodies pokemon^^ Sinon de temps en temps je fais des ouvertures de box par exemple la plus récente c'était une box avec des produits japonais :) En ce moment je ne suis plus trop actif mais d'ici décembre je le serai ^^,"@695828 Ah oui, vos followers sont souvent des passionnés de pokémon aussi ? ^AR",2017-11-27 09:09:54+00:00,2017-11-27 09:20:26+00:00,287,80
335697,335703,335704,@AmazonHelp It wasn't. You can see the price in my first post.,@196041 The post doesn't show the price. Please report this to our support team here: https://t.co/TdDksLo6Mf. We'll get this checked. ^HD,2017-10-07 22:26:28+00:00,2017-10-07 22:31:01+00:00,62,138
790176,790182,790183,@AmazonHelp  I just want my product today..If can then it's OK..,@308429 Our team is currently working on your concern with the delay of your order. We kindly request you to wait for an update.^RS,2017-10-12 12:46:51+00:00,2017-10-12 13:12:00+00:00,64,131
1208753,1209107,1209108,@AmazonHelp jokers i've written to your master @115851 also multiple time and @115850 and #resoultion team. but you jokers never responded,@158494 Kindly check for the emails sent by us here: https://t.co/8DAc10S7ww. ^AP,2017-10-25 11:19:11+00:00,2017-10-25 11:42:01+00:00,138,81
1042200,1042214,1042217,@AmazonHelp No I don't understand why you can't share. It simply means you won't do anything. Don't test my patience.  I'm already frustrated coz of u,@366431 Refunds are typically processed as per the timeline provided. There may be delay in the refund at times. 1/2 ^OS,2017-10-23 14:44:35+00:00,2017-10-23 15:07:00+00:00,150,120
1553840,1553832,1553834,"@AmazonHelp I've shared details, looking forward for a quick update on this from your side.",@480674 Thanks for the update. We'll check and get back to you at the earliest. ^HA,2017-11-04 11:36:13+00:00,2017-11-04 12:02:00+00:00,91,83
493273,493272,493274,"@AmazonHelp Have done that. But what’s the point, have raised it before but no one does anything???",@232601 Kindly share your details via the above link. We'll check this for you. ^SG,2017-12-01 17:48:17+00:00,2017-12-01 18:01:31+00:00,99,83
2212235,2212230,2212229,@AmazonHelp Is it an innocent question ? Dont you ever wonder why there is no single review on @115833 ? Clicking on review button take you to list of other product that you have not reviewed. You should have put some effor to click on write review before asking customer.,@127217 I get your concern. I'll be sure to forward your feedback internally. ^PS,2017-11-10 04:07:50+00:00,2017-11-10 04:38:51+00:00,272,81
80594,80591,80589,@AmazonHelp con el soporte no hay problema siempre me atienden en español.en este caso me refiero es al código de verificación de 2pasos. Que cuando solicito la llamada una computadora me habla en inglés. Dictando todos los números.quería saber si se puede cambiar eso a español,"@133886 De momento solo contamos con la opción de llamada en inglés. Puedes intentar activando la opción de recibir el código por mensaje de texto: https://t.co/xiydeYQiGc 
^DB",2017-11-30 13:15:24+00:00,2017-11-30 13:23:31+00:00,278,176
2882577,2882599,2882602,"@AmazonHelp Okay. Yesterday i got a mail from amazon stating 
""The item was returned to us by Amazon Transportation Services as undeliverable.Unfortunately, we're unable to re-ship returned packages. The best option is to reorder the item again.""",@799757 This wasn't intended from our end. We'll surely escalate the details of your experience to concerned team for review. Once it is marked as returning to seller we wouldn't be able to reinstate the same. (1/2)^HR,2017-11-29 05:57:40+00:00,2017-11-29 06:21:52+00:00,246,218
2343955,2343954,2343956,@AmazonHelp No I don't I was at my 89year old dads house who lives alone &amp; has limited mobility &amp; therefore would not have been able to answer his front door when the neighbour came to collect the parcel however I was not going to give that information to delivery guy,@677880 Oh no! When you have a moment please contact us: https://t.co/JzP7hlA23B so we can look into this for you. Thanks! ^SW,2017-11-13 16:30:34+00:00,2017-11-13 16:59:31+00:00,276,126
64002,69682,69683,@AmazonHelp @115850 Just received call from some Amazon delivery supervisor to understand issue. He tells that this issue is reported to him today. WHAT WAS AMAZON CUSTOMER CARE DOING FOR PAST 15 DAYS? SLEEPING? #AmazonFails #AmazonFraud #AmazonPayQuiz #AmazonPay @115851,"@130696 I certainly understand your situation. However, as you've filled the details, we'll check and work on your concern right away. We request you to wait for an update from us till then. ^HS",2017-11-30 10:19:00+00:00,2017-11-30 10:34:34+00:00,271,194
2707615,2707614,2707616,"@AmazonHelp Sorry, that doesnt change the green status. I’m watching on the ipad app, if that makes a difference","@760374 Let's try this. Go to https://t.co/p4NJwa6YY7 and select ""Browsing History"" at the top of the page to see the last episode viewed. ^CH",2017-11-20 00:16:32+00:00,2017-11-20 00:32:35+00:00,112,142
2657692,2657696,2657697,@AmazonHelp How much time will you take for it and Now i want my money back any how.,@749229 I understand waiting can be tiresome. We will get in touch with you and get this resolved at the earliest. ^BV,2017-10-31 10:12:59+00:00,2017-10-31 10:57:00+00:00,84,118
130757,130756,130759,"@AmazonHelp Please refer my order no.408-2697272-2442750 on dated 05-Nov-2017 for Lenovo Z2 Plus (Black).
408-3995432-7517924 on dated 12-Nov-2017 1. The mobile was over-heating 
2. The Battery back-up is poor. Lost 100% charges within 4hrs. without any use. Need Refund",@145519 Sorry to know that you're having trouble with your recent order. We'd like to check this and help you. Kindly share your details here:https://t.co/beaaDm0muc and we'll get back to you soon with an appropriate resolution. 1/2 ^SY,2017-11-24 07:49:49+00:00,2017-11-24 09:19:51+00:00,270,236
2389685,2389697,2389698,@AmazonHelp Once when I called customer support they told me that on 17th u vl get final resolution...so I'm waiting upto sunday 17 after that I vl take my actions.....,@638313 We'll make sure to resolve the issue at the earliest. ^MN,2017-11-14 12:38:35+00:00,2017-11-14 12:46:29+00:00,168,65
2276193,2276189,2276191,"@AmazonHelp Yes, it has been resolved. Thanks, again. :)",@662032 You're welcome. Do keep us posted for any further assistance. ^SS,2017-11-11 20:48:44+00:00,2017-11-11 20:57:28+00:00,56,73
502424,502422,502425,@AmazonHelp Your incompetent agent left my package to be stolen.,"@235032 We understand your concern. We'd like to get your feedback regarding the way your parcel was delivered. When you have a moment, please contact us by phone or chat here: https://t.co/qy3J24VGxb ^AC",2017-12-01 22:19:15+00:00,2017-12-01 22:23:33+00:00,64,204
1563544,1563543,1563545,"@AmazonHelp We had a missed delivery on Friday, driver must have ignored delivery instructions. Now we have been given a delivery date of Wednesday.",@482840 I'm sorry for there's such a gap in dates. Did we say we'd contact you again with your cancellation request? ^MG,2017-11-05 17:44:07+00:00,2017-11-05 18:13:00+00:00,148,120
2528835,2528831,2528833,@AmazonHelp Have shared  the details at the page above.,@719995 We have received your details. We'll work on it and get back to you with an update. ^SB,2017-11-16 06:08:44+00:00,2017-11-16 06:13:30+00:00,55,95
1693707,1693713,1693714,@AmazonHelp I can no longer repeatedly fill this form. My issue details is already in many emails...if you fix it well and good else i don't have any obligation to shop from Amazon,"@442894 I understand your concern, If you've already shared the details. Request you to wait and We'll check and get back to you.^BA",2017-11-08 19:11:40+00:00,2017-11-08 19:40:35+00:00,180,132
1352164,1352163,1352165,@AmazonHelp Le suivi me dit “en transit / livraison prévue avant 20h”,@435323 Je vous propose de contacter notre SAV https://t.co/qzuu0dgDXz afin de vérifier le suivi et vous en dire plus. ^MH,2017-10-27 18:39:32+00:00,2017-10-27 18:48:32+00:00,69,122
1153243,1153242,1153244,@AmazonHelp Ya 🤓 https://t.co/htcR84QetZ,@391349 😱😱😱😱😱😱 ¡Qué emocióooon! ¿Qué te pareció? ^KS,2017-10-15 18:02:16+00:00,2017-10-15 18:11:00+00:00,40,52
2216652,2216638,2216639,@AmazonHelp 8 full days now . keep it up :),@647629 Sorry for the delay. We will get your issue resolved at the earliest. ^GU,2017-11-11 07:08:32+00:00,2017-11-11 07:46:00+00:00,43,81
1366086,1366085,1366087,"@AmazonHelp Non è questione di segnalazione. Il citofono dista 3 metri dal manto stradale. Se fosse passato il vostro corriere, come hanno fatto gli INNUMEREVOLI altri vostri colleghi suonare il citofono non costava nulla. Invece con 2 squilli di telefono si è levato la consegna....","@438019 Proprio per questo motivo ti suggerisco di contattare il nostro Servizio Clienti, in modo che i miei colleghi possano verificare cosa sia successo con la tua consegna e inoltrare la segnalazione. Grazie per la collaborazione! ^EA",2017-11-25 12:49:14+00:00,2017-11-25 12:54:29+00:00,283,237
83510,83506,83507,"@AmazonHelp It now says it is coming on Monday, 12/4 instead. Pretty disappointing that I ordered this in September and release day shipping isn’t happening.","@134348 I do apologise for the delay Michael. Please keep us posted on the progress of your order, and let us know if there is anything further we can do.^SM",2017-11-30 14:04:23+00:00,2017-11-30 14:09:30+00:00,157,157
2171875,2171870,2171871,"@AmazonHelp Pensei q ele estaria disponível na data da pré-venda, é o costume né?","@636986 Neste caso, nós dependemos dos fornecedores, até que disponibilizarem os livros, nós imediatamente vamos enviar para você. ^MB",2017-10-19 12:42:18+00:00,2017-10-19 12:45:35+00:00,81,134
1043727,1043697,1043698,@AmazonHelp @115821 @115850 How much more time you need? Its not out for delivery yet?,@366798 Our team is working on your concern. We'll reach out to you shortly. ^GK,2017-10-24 07:02:58+00:00,2017-10-24 07:27:30+00:00,86,80
232847,232846,232849,@AmazonHelp What difrnt u will do this time.Provided details numerous times. Last 15+ agents took the details n kept it with themselves #RallyForRivers,@171428 Please share your details. I'll reach out to you. Appreciate your understanding. (2/2) ^HD,2017-10-05 18:02:56+00:00,2017-10-05 18:20:50+00:00,151,98
69607,69609,69610,@AmazonHelp In the last 30 mins? No.,"@131776 Hi Sally, you can get in touch with us here:  https://t.co/hApLpMlfHN. We can investigate this further for you. ^HS",2017-11-30 10:23:09+00:00,2017-11-30 10:46:30+00:00,36,123
1512047,1512046,1512048,@AmazonHelp Dans quelques mois en boite et sur PS4? Ce sera possible ?,"@399636 Pour le moment, on ne peut pas vous communiquer une date pour le réassort de l'article.
^MD",2017-11-03 17:52:10+00:00,2017-11-03 18:07:34+00:00,70,99
2124882,2124878,2124876,@AmazonHelp It cant be my device because im having problems on my firestick &amp; my phone ...they both wont let me do anything,@442029 Are you able to log into your Amazon account through a computer or do you get the same error message? ^VS,2017-11-08 18:08:59+00:00,2017-11-08 18:14:13+00:00,127,113
1557319,1557316,1557314,"@AmazonHelp Pues si me cobraron, cancele cuando decía preparando envió y después me llego el correo, ya pasaron 15 días  (más) y aún no reembolsan","@481392 Hola David, si ya han pasado más de 10 días laborales, te recomendamos contactar con tu banco para solicitar más información ^AV",2017-10-17 04:02:24+00:00,2017-10-17 04:06:35+00:00,146,136
739732,739735,739736,@AmazonHelp I wait around 20 days and no response. Please don’t force me take a leagal action again amazon,@296909 I'd like to check this for you. Kindly share your details here: https://t.co/beaaDm0muc and  we'll reach out to you. ^GK,2017-10-12 05:15:13+00:00,2017-10-12 05:26:31+00:00,106,128
1404779,1404783,1404786,@AmazonHelp Your clarification is not right because during last great Indian sale the cashback offer was for all not only for 1st load. https://t.co/d3il65mmGr,"@446599 For more insight on your concern, we request you to reply to the email sent by our team. 1/2 ^RS",2017-10-29 07:26:22+00:00,2017-10-29 07:43:26+00:00,159,104
627809,627807,627806,@AmazonHelp That they would arrive today. No good as I'm at work today. Stayed home all day yesterday and missed my evening karate class waiting in. Plus said couldn't cancel prime until renewal in April.,"@268686 Sorry to hear that, do you have delivery preferences set on your account: https://t.co/xBfbFIiRiJ? If you have had Prime since April and used the benefits you would not be eligible for a pro rated refund so it would be better to keep Prime till the next renewal. ^JJ",2017-11-16 07:30:06+00:00,2017-11-16 07:38:30+00:00,204,274
136982,136978,136980,"@AmazonHelp Yes when it was initially supposed to be delivered to my home address- I have work this whole weekend and throughout next week, I won't be able to go and collect it",@142359 My apologies. Please get in touch: https://t.co/JzP7hlA23B and we'll be happy to look into this with you. ^DC,2017-11-24 10:10:44+00:00,2017-11-24 10:14:34+00:00,176,117
1350283,1350282,1350284,"@AmazonHelp See my latest comments which has details. @115851 pls see my suggestion which can help @116618 . 

#AHappyCustomer #Feedback #HireMe https://t.co/AbNwRH45do","@434866 Thank you for your suggestion, Nikhil. I appreciate your thoughts, and I'll be sure to pass your suggestion along. ^MK",2017-10-27 18:05:36+00:00,2017-10-27 18:14:35+00:00,168,126
2401516,2401514,2401513,@AmazonHelp Its regarding the sellers central .. I have posted two messages but no reference number. Can I DM you?,@133450 Absolutely! Just use the link provided to send us a DM. We look forward to hearing from you! ^KN https://t.co/1XyLaGkcaN,2017-10-20 13:18:34+00:00,2017-10-20 13:28:31+00:00,114,128
2381770,2381767,2381765,"@AmazonHelp いつも早い対応ありがとうございます、助かっています☆
懐かしいです、今度はココアシガレット頼もうかと思います( *˙ω˙*)و ！
たしかAmazonさんにありましたよね？","@686673 もちろんでございます！！！
https://t.co/Xs9sw1L6Gf ET",2017-11-14 06:09:15+00:00,2017-11-14 06:12:00+00:00,98,48
191600,191595,191594,@AmazonHelp Tried downloading and same issue,"@161034 We'd like to assist you directly, please reach us here: https://t.co/hApLpMlfHN ^NC",2017-10-04 15:39:52+00:00,2017-10-04 15:44:00+00:00,44,91
840409,840886,840887,@AmazonHelp Out for delivery https://t.co/G9xNjTLVge,@319977 Please keep us posted. We expect your order to arrive today. ^TP,2017-10-13 12:05:09+00:00,2017-10-13 12:29:00+00:00,52,72
1326276,1326275,1326277,"@AmazonHelp 無事退会できました。
わざわざありがとうございます。",@429454 当サイトのご利用に際し、わかりづらい点がありお手数をおかけいたしました。よろしければ、今後ともAmazonをどうぞよろしくお願いいたします。　リプライありがとうございました。　SM,2017-10-27 11:42:56+00:00,2017-10-27 11:49:27+00:00,38,98
991863,991862,991864,"@AmazonHelp Just had a word with your reiterative, thanks for your support.","@158484 Hope your issue was sorted, do keep us posted for additional help. ^CB",2017-10-14 12:02:38+00:00,2017-10-14 12:05:00+00:00,75,78
480488,480490,480491,"@AmazonHelp It says “SHIPPED” on Wednesday, November 29, not processing! Two days after the ship date is today, December 1.","@229189 We'd like to help in any way we can! For us to best assist you, will you confirm the carrier listed for the delivery? ^CS",2017-12-01 14:42:23+00:00,2017-12-01 14:45:30+00:00,123,129
812139,812141,812142,"@AmazonHelp En España es fiesta por lo que no han repartido hoy, esperemos que mañana esté.","@313525 Por favor, mantennos al tanto. ^CR",2017-10-12 21:08:35+00:00,2017-10-12 21:13:00+00:00,91,42
397441,397440,397443,"@AmazonHelp Unfortunately, it’s not. Also, any updates on prime music? https://t.co/ctzp8GH6KY","@210103 In this case, I would request you to wait till the product is shipped. 1/2 ^OS",2017-10-27 13:59:19+00:00,2017-10-27 14:28:00+00:00,94,86
1278705,1278721,1278723,"@AmazonHelp I don't think I care what u consider personal or impersonal info. I paid for that mobile, it's broken. You cheated me, return my money.","@419228 Also, I'd like to keep you informed that we request you to not to share information over social 3/4",2017-10-16 11:45:30+00:00,2017-10-16 12:07:31+00:00,147,107
1390711,1390713,1390714,@AmazonHelp Euch auch ein schönes Wochenende! ☺,@443480 Vielen lieben Dank! ☺ ^TG,2017-10-28 12:10:07+00:00,2017-10-28 12:11:56+00:00,47,33
1520091,1520088,1520089,"@AmazonHelp Gracias, espero y tener pronta respuesta","@472561 Con gusto, estamos para ayudar. Por favor, mantennos al tanto. ^CR",2017-10-17 00:54:43+00:00,2017-10-17 00:57:01+00:00,52,74
138130,138129,138131,@AmazonHelp リプライありがとうございます。余りにも不快でしたので、教えて頂いたところより連絡差し上げました。,@147115 恐れ入ります。お手数をおかけいたしました。カスタマーサービスにて内容を確認のうえ適宜ご対応させていただきます。HM,2017-11-24 10:48:17+00:00,2017-11-24 10:54:00+00:00,60,65
2647266,2647260,2647259,@AmazonHelp I was unaware there was a place to specifically leave packaging feedback. Thanks.,"@746884 If you ever need anything else, just let us know!  ^AG",2017-11-17 22:47:22+00:00,2017-11-17 22:48:30+00:00,93,62
33231,33234,33235,"@AmazonHelp What happened? No solution, customer support not helping, email support not replying. Where shud I complain?",@123350 us the details using the link provided by 'SU' &amp; I will look into the issue right away. (2/2)^SF,2017-11-08 07:46:26+00:00,2017-11-08 08:00:34+00:00,120,108
505831,505844,505845,"@AmazonHelp Já verifiquei, recebi uma mensagem que não tem nem endereço onde eu possa responder. Nada foi resolvido, quero saber o que vou fazer nesse caso, já que até agora não foi entregue, nem atualizado a data de entrega, nem nada.","@236031 Por este meio não contamos com acesso à sua conta, recomendo entrar em contato contato com nosso SAC acessando o seguinte link: https://t.co/qGpkDwGRhX. ^AZ",2017-12-02 14:29:46+00:00,2017-12-02 14:37:00+00:00,235,164
600318,600316,600315,"@AmazonHelp Oui en effet, mais au Etats-Unis c’est possible sur liseuse, quand est-ce que ce sera le cas en France :?
Voici le genre d’app disponible :
https://t.co/Nh0zmBaDvZ","@262370 Pour le moment, nous n’avons pas encore cette information.
^MD",2017-12-03 20:50:16+00:00,2017-12-03 20:58:00+00:00,175,70
1567495,1567494,1567496,@AmazonHelp Yes. The price of my item decreased by $50 less than 24 hours after I received it and Amazon doesn't want to fix it.,"@483727 I can pass along your concerns to the proper team, Valerie! You can also reach out to us here: https://t.co/LpUsmtD7MM ^FR",2017-11-04 16:16:34+00:00,2017-11-04 16:30:31+00:00,128,130
2335793,2335788,2335786,"@AmazonHelp the email itself says pending, but the item page said prime shipping and gave me the date as well.",@675851 Can you send us a link to the product? We'd like to take a look at this! ^WT,2017-10-20 03:03:55+00:00,2017-10-20 03:09:00+00:00,110,84
2562029,2562028,2562030,@AmazonHelp Thank you! It says delivery by Amazon shipping. Tracking ID is Q80682415114. No reason - just a delay it says. Order ID: 204-4806416-6650721.,"@727105 Please reach out to us by phone, chat, or e-mail using the following link so we can investigate this further with you: https://t.co/qy3J24VGxb ^GR",2017-11-16 18:13:09+00:00,2017-11-16 18:15:43+00:00,153,154
1674818,1674811,1674810,"@AmazonHelp I was told by your centre &amp; website to cancel the return and book afresh, but now i am unable to book a fresh return. this is ridiculous.","@509583 Sorry to know that, Ani. We'd like to take a closer look into this. Please drop in your details here: https://t.co/GIJyeYqKE0. ^MP",2017-11-06 13:44:01+00:00,2017-11-06 14:12:00+00:00,153,138
1223637,1223627,1223625,@AmazonHelp I have replied their mails several times. But they are sending same mails again &amp; again.,"@283673 I do understand the response you received is not up to your expectation. However, Account specialist team is the right team to address your concern. Kindly request you to respond to the correspondence from Account Specialist team. ^JS",2017-11-16 14:48:27+00:00,2017-11-16 15:01:00+00:00,104,242
1554361,1554360,1554362,"@AmazonHelp No.  Not had notification, delivery estimation as just changed in ‘Your Orders’ section of website. Concerned it means gifts won’t arrive","@480787 I'm so sorry for the delay! We still expect it to be delivered today, but let us know if you don't receive this by the 7th. ^TK",2017-11-04 11:51:16+00:00,2017-11-04 12:00:34+00:00,149,135
2931964,2931970,2931971,"@AmazonHelp Yes but my order is marked ""dispatched now"" on my bill but on the process the line is not on ""dispatched"" 😁 https://t.co/zOdRiGPbiB","@810924 Hi, apologies for any contradictory information. Please keep an eye on your tracking: https://t.co/aaDyEz1VgE for an update, we expect you to receive your parcel as scheduled. ^TI",2017-11-29 10:20:27+00:00,2017-11-29 10:30:52+00:00,143,187
601285,601284,601286,"@AmazonHelp Am more annoyed as the driver said failed as I wasn’t there. When that was clearly not the case and they just wanted to finish work early or just couldn’t be bothered. 
And I’m out half the day tomorrow.","@262645 Late orders are usually delivered the following business day by 8PM. If you do not receive the parcel by then, please reach us via phone or chat here: https://t.co/ijxJ9jCwr9 ^JS",2017-12-03 21:41:50+00:00,2017-12-03 21:44:29+00:00,215,186
450757,450753,450752,"@AmazonHelp La fecha era hoy jueves 30, y correos solo me ha mandado un mail con un link al estado del pedido que no me facilita nada","@221871 Comprendo, Daniel. Si no consigues contactar con el transportista sobre la entrega, puedes reportar la situación con nuestros compañeros de Soporte al Cliente a través del siguiente enlace: https://t.co/OjvUxwnzPe. ^LG",2017-11-30 21:45:54+00:00,2017-11-30 21:48:26+00:00,133,226
2614021,2614019,2614018,"@AmazonHelp No I haven't. I I've only received the regular confirmation codes, but I followed by a confirmation email of the password change.",@738974 We'd like to have a closer look into what's going on. Please reach us here: https://t.co/zYVX1Qi29G You won't be required to sign in when accessing this link. ^NC,2017-11-17 13:23:00+00:00,2017-11-17 13:35:00+00:00,141,170
30024,30012,30022,@AmazonHelp Perhaps you can get me the callback I've been asking for for the last 2 months from a Vendor Management Team Member? Happy to DM phone# 1/2,@122602 We wouldn't have access to any account info from here. What was advised when you reached out for support? ^NV,2017-11-03 10:47:37+00:00,2017-11-03 10:52:00+00:00,151,117
2906565,2906561,2906563,@AmazonHelp No. It just won’t let me install apps. There’s only a few available,@419933 Sorry for the continued trouble. We would love to trouble shoot further with you in real time. Please contact us via phone or chat here:  https://t.co/hApLpMlfHN ^LM,2017-11-28 20:16:06+00:00,2017-11-28 20:22:40+00:00,79,173
244604,244603,244605,"@AmazonHelp This Is US
https://t.co/Y8yfxATzol","@151409 Thank you for flagging this, we'll have this reviewed by the concerned team internally. ^MA",2017-10-02 12:02:04+00:00,2017-10-02 12:25:26+00:00,46,99
2853593,2853592,2853594,@AmazonHelp @115821 You were the carrier. You lied that it was signed for. Extremely disappointed. https://t.co/K6D8wNffNA,"@437566 I want to make sure this gets escalated further. We don't have access to order details through Twitter, so when you have a chance, please send us the order information here: https://t.co/tBXMOvHqcp ^BH",2017-11-27 20:53:59+00:00,2017-11-27 21:06:29+00:00,122,209
820093,820100,820101,@AmazonHelp Football and cricket😍😍😍❤❤,"@315354 Oh the most loved sport! We'd love to learn more about your interests, here: https://t.co/CLMdu2603d. ^SQ",2017-10-12 23:30:26+00:00,2017-10-13 00:04:00+00:00,37,113
22574,38821,38822,"@AmazonHelp Hi, still awaiting the refund. It shows we will initiate the refund once we receive the item. In 15 days, the charger could reach anywhere on the globe. Don't know how did the seller didn't receive it yet. Please check.","@120932 I’m extremely sorry about this experience, Vrushank. I'd like to take a closer look into this. Please share your details here: https://t.co/GIJyeYqKE0 and I'll get in touch with you.  ^MK",2017-11-16 18:00:00+00:00,2017-11-16 18:06:35+00:00,231,195
1033067,1033076,1033077,@AmazonHelp No. I will not call Amazon. The problem is not the channel that I use. It is the company's stance on the problem.,@364423 You can find return options for this item as well here: https://t.co/3OgFu9GH1v ^VS,2017-10-14 21:16:46+00:00,2017-10-14 21:21:03+00:00,125,91
1380524,1380523,1380525,@AmazonHelp do not get concerned for my privacy. focus on real issues. no reply or status update about my issue. do not beat around bushes. solve issue,@441352 We're right on it! We'll get back to you soon. ^AG,2017-10-28 05:31:12+00:00,2017-10-28 05:43:30+00:00,151,58
2399213,2399209,2399208,@AmazonHelp I've attempted to load it multiple times. It's on the ordered today section. I must of pocket bought it as I had been looking at the item a while earlier.,@690399 Oh no! Contact us here: https://t.co/JzP7hlA23B so we can help ^AS,2017-11-18 08:19:01+00:00,2017-11-18 08:34:27+00:00,166,74
2719447,2719444,2719441,"@AmazonHelp Sì, ecco, non sono un fine stratega, ma pensavo di fare così. :)
Però ecco, non chiamatela BLACK FRIDAY WEEK se gonfiate i prezzi il giorno prima.","@665491 I prezzi sul nostro sito variano continuamente, a prescindere dalle promozioni! ^FS",2017-11-20 08:36:37+00:00,2017-11-20 08:39:27+00:00,158,91
109969,109968,109970,"@AmazonHelp From I could barely understand they *might* send a replacement but I need to pay postage then claim it back - really? How that is helping me I don’t know. I’m really done filling in forms, phoning and your awful deliveries - stop throwing over the fence!","@140409 I'm sorry for the frustration! To clarify, was your product fulfilled by a third-party seller or us? ^AR",2017-11-23 20:55:45+00:00,2017-11-23 21:03:00+00:00,266,112
1053503,1053492,1053494,@AmazonHelp @368928 same here and i didnt received any email from Account specialists or The process how to unblock,"@368929 Apologies for the trouble with your account, Shafi. Our specialist team will get in touch with you soon. Kindly wait. ^HD",2017-10-23 15:30:20+00:00,2017-10-23 15:36:00+00:00,115,129
547923,547921,547924,@AmazonHelp I don't want to return it. I ordered it because I wanted the item. But I was shipped one in a different quality than the one I ordered :(,@247485 I understand! Have you tried reaching out to us via phone or chat to see if we have any other options available? https://t.co/hApLpMlfHN. ^AL,2017-12-02 19:31:31+00:00,2017-12-02 19:44:00+00:00,149,149
224616,224613,224612,@AmazonHelp Team as u can see the product has the price of 5200 and next to it is the delivery price of 3000 Rs. Which product has this much delivery ??,@169665 accessible by clicking the seller's name on the product details page. 3/3 ^SH,2017-10-05 04:34:00+00:00,2017-10-05 05:35:12+00:00,152,85
2962625,2962620,2962618,"@AmazonHelp Já comecei com Dragon Girl and Monkey King, lindo demais. Obrigado por colocá-los a meu alcance 💙","@817515 Imagina, os melhores produtos para nossos clientes. Então me diga, por que você gosta desse livro? 🤔📖👀 ^NB",2017-11-29 21:39:38+00:00,2017-11-29 21:43:00+00:00,109,114
180426,180428,180429,@AmazonHelp Still the price of some product is not correct after you giving discount,@158430 Kindly connect with us here: https://t.co/vlvfJr4nN9. We'll look into it. ^SQ,2017-10-05 00:20:53+00:00,2017-10-05 00:28:00+00:00,84,85
2346241,2346245,2346246,@AmazonHelp Problème réglé grâce au chat en ligne avec une conseillère. Merci de votre aide aussi. Bonne journée :),@678404 Merci et bonne journée à vous également :) ^AR,2017-11-13 16:52:33+00:00,2017-11-13 16:55:29+00:00,115,54
2826494,2826498,2826499,@AmazonHelp Perfecto ya hemos hablado y solucionado!!! Excelente servicio una vez más!!!,@787329 Me alegra saber que ya fue solucionado David. Que tengas un excelente día. ^NP,2017-11-27 11:42:28+00:00,2017-11-27 12:22:00+00:00,88,86
1610002,1610001,1610003,@AmazonHelp I called you guys already thank you. Had to factory reset. Hopefully this is a one off. Shouldn’t have to factory reset everyday,"@393690 Yes definitely agree, glad it's sorted. Keep us posted should the issue come back. ^RS",2017-11-05 11:21:46+00:00,2017-11-05 11:40:28+00:00,140,94
2620995,2620994,2620996,@AmazonHelp Can I have a phone number for someone who speaks english?,"@301054 We're available via phone, chat, or e-mail here: https://t.co/qy3J25dhoJ ^GG",2017-11-17 17:54:26+00:00,2017-11-17 17:56:00+00:00,69,84
2845626,2845625,2845627,"@AmazonHelp Sorry its Red Tape quize, please give me the list of winners.",@791509 Here you go : https://t.co/73w977l4vW Do keep us posted for any further assistance. ^SV,2017-11-28 01:27:38+00:00,2017-11-28 01:37:29+00:00,73,95
2889233,2889227,2889229,"@AmazonHelp Hahaha la curiosité n est pas un défaut, c est pour noël, je prends de l avance :)","@801076 Intelligent de votre part, contrairement à moi qui n'ai même pas idée des cadeaux à offrir. 😞 Sinon, quelles sont vos boutiques préférées sur note site ? ^ASZ",2017-11-28 14:12:39+00:00,2017-11-28 14:26:31+00:00,94,166
2534509,2534513,2534514,"@AmazonHelp I did. Was told to delete and reload books. (I already tried that) and to delete and reload the app, which also didn’t work. So. Now what?",@721142 Please reach out to us through PK's link. A Kindle Specialist will need to take a look at this. ^LJ,2017-11-17 03:11:00+00:00,2017-11-17 03:15:31+00:00,150,107
288254,288246,288245,@AmazonHelp Sent u DM please check,@184663 We've responded to you via DM. Please refer. ^GS,2017-10-11 09:33:52+00:00,2017-10-11 09:49:37+00:00,34,56
970511,970509,970512,"@AmazonHelp email you your manager, please stop it through the site no longer works,","@350303 Sorry, we can't access your account here for security. Did you get an email to confirm that the auto renew was turned off? ^JJ",2017-10-22 07:46:01+00:00,2017-10-22 07:48:31+00:00,84,134
2398220,2398219,2398221,"@AmazonHelp I believe the carrier is USPS, but it was sold by FarSail",@690194 Does it give an option to contact the seller? ^PK,2017-11-14 13:57:13+00:00,2017-11-14 14:11:28+00:00,69,57
836483,836490,836491,@AmazonHelp Does it takes so much time to reach the warehouse?,"@200167 Apologies, Atul. I'd like to assist you. Please fill this form: https://t.co/beaaDm0muc and I’ll contact you soon. ^NK",2017-10-13 12:29:05+00:00,2017-10-13 12:50:00+00:00,62,126
170899,170895,170897,@AmazonHelp It is far too long winded to discuss on Twitter. I have got nowhere with live chat. Am fed up with the way I’ve been treated by your customer services tonight 😩😤 What do I do now?,"@155855 Understood. Without posting account or order details, can you please tell us about the initial issue you were trying to get resolved when you contacted us? https://t.co/1XyLaGkcaN",2017-11-24 22:24:11+00:00,2017-11-24 22:42:31+00:00,191,187
19137,19123,19122,@AmazonHelp I allready replied. I clearly say that please pick up from your hand.,@120261 Thank you for confirming that you've responded to our email. We'll definitely get back. Request you to wait till then. ^SK,2017-10-31 13:50:12+00:00,2017-10-31 14:06:00+00:00,81,130
2338469,2338466,2338465,"@AmazonHelp Yes, how can I purchase an item &amp; send it to someone as a gift?","@249497 Hello, you can follow these steps on the link provided to send a gift :https://t.co/8yNCnitXTe ^CR",2017-10-20 06:20:26+00:00,2017-10-20 06:25:01+00:00,79,106
2478943,2478944,2478945,"@AmazonHelp Form filled, thanks for replying promptly Amazon. Hoping some positive outcome!",@708138 Thanks for confirming. We will get back to you at the earliest. ^JS,2017-11-15 15:05:37+00:00,2017-11-15 15:13:41+00:00,91,75
304635,304633,304632,@AmazonHelp Are you serious? Read my previous tweets to you guys:D including the one where your support directs me to my own orders page.,@188736 I'm sorry for the hassle. I want to help. Were the damaged items all sold by Amazon or a seller? Who was the carrier? ^RM,2017-11-04 03:51:06+00:00,2017-11-04 04:12:31+00:00,137,129
2008310,2008309,2008311,@AmazonHelp I’ve already ‘reached out’ on the phone. Point is it’s happening too often and it’s not the service I expect especially as a Prime customer,"@593862 I certainly understand. Please, always, reach out to us there to report these issues, so we can report/investigate them. ^WJ",2017-10-18 20:20:49+00:00,2017-10-18 20:32:01+00:00,151,132
1502880,1502876,1502874,@AmazonHelp Doesn't matter I've contacted help service. They have no idea where my parcel is either.,@468816 What were you advised when you contacted us? ^MC,2017-11-03 15:53:36+00:00,2017-11-03 15:57:33+00:00,100,56
417008,417012,417013,@AmazonHelp Carrier is AMZMX. Your website lists the same arrival estimate.,@214488 Please contact us so we can take a closer look: https://t.co/beR78zMMYB ^JD,2017-10-10 04:22:02+00:00,2017-10-10 04:41:00+00:00,75,83
2820534,2820533,2820535,@AmazonHelp my logitech gaming headset and ps4 controller(on sale before today) and a few gifts i bought for my mom,@785818 I bought the same gaming headset !  Mine is arriving tomorrow 😊. The gaming life 😎 I hope you enjoy it ! ^CR,2017-11-27 06:39:34+00:00,2017-11-27 06:49:30+00:00,115,116
2978195,2978194,2978196,@AmazonHelp I ordered this product as a gift: Samsung Gear S2 Smartwatch - Dark Gray https://t.co/SY0qck5kkt. There's nothing on the page about it being an AT&amp;T watch and I wasn't able to pick carriers when purchased. Did I get the wrong product?,@821369 For this order please contact the seller to confirm if it is compatible for any specific https://t.co/F8pw2oBzBF are some steps on how to contact the seller: https://t.co/VsRiF6CZqx ^EB,2017-11-30 03:55:29+00:00,2017-11-30 04:17:53+00:00,250,193
2290593,2290599,2290600,"@AmazonHelp I checked now. And could you tell me where I should send the statement detail now?
I did not find the option to revert back that message.",@665365 You can check for our response here : https://t.co/DTSNmGldJf and respond to the same.^CB,2017-11-14 09:18:43+00:00,2017-11-14 09:48:00+00:00,149,97
517640,517639,517641,"@AmazonHelp Two orders rescheduled/delivered  late, two to wrong address. Honest neighbors called and got my orders to me. I hate to throw anyone under the Brown Truck. Stop the advertised 2 day delivery if it's gonna take a week.",@239360 Thanks for the information. Please contact us here so we may forward your carrier feedback to our Transportation team: https://t.co/EKXRLsF8B2 ^GG,2017-12-02 05:57:58+00:00,2017-12-02 06:00:26+00:00,230,154
279455,279427,279428,"@AmazonHelp I keep checking my email regularly, I have not recieved any email, where they asked me to provide information to activate my amazon account",@182606 Sorry for the trouble. Please reply to any email from our account specialist team. They are the best team to assist ^GU,2017-10-12 10:40:21+00:00,2017-10-12 11:37:00+00:00,151,127
18206,18202,18203,"@AmazonHelp #AmazonIndia ordered echo plus on 6th October, till now have not recieved any cashback. Now customer care is saying i am eligible for (1/2)",@120039 so that we can get in touch with you. (2/2) ^VM,2017-11-01 04:21:27+00:00,2017-11-01 04:35:06+00:00,151,55
487782,487778,487776,"@AmazonHelp About 2 min into whatever I’m watching I get this, then it’ll reconnect like everything is fine. Really frustrating that I can watch Netflix and everything else perfectly fine https://t.co/EjFuElhvpE",@231101 Have you tried restarting the device and your network to refresh the connection between the two? ^DO,2017-12-01 15:52:40+00:00,2017-12-01 16:00:10+00:00,211,108
133762,133725,133726,"@AmazonHelp Warum erneut, wenn ich schon mehrfach mit euch darüber telefoniert habe?",@146143 Bitte melde dich aus Datenschutzgründen über den Link. Danke! ^BL,2017-11-28 20:55:26+00:00,2017-11-28 21:00:53+00:00,84,73
873801,873799,873800,@AmazonHelp Weekend has come and gone. @118706 says online they left a notice but I never received one. Got my mail today and still nothing.,@327450 Please reach out to us here and we'll be glad to investigate this for you: https://t.co/hApLpMlfHN  ^FJ,2017-10-23 20:52:16+00:00,2017-10-23 22:03:29+00:00,140,111
649606,649605,649607,@AmazonHelp Sí es por Prime y por tener saldo para el pago,"@274421 Ángeles, la cuota se cobra una vez finalizada la prueba de los 30 días.
Puedes encontrar más información en el siguiente enlace: https://t.co/QYQXE0rvZk
^LC",2017-11-22 21:31:08+00:00,2017-11-22 21:47:00+00:00,58,164
774205,774216,774217,@AmazonHelp @115850 @115821 @AmazonHelp still no resolution ...,@304954 We've sent a correspondence to your registered email Id here: https://t.co/NTkrxpsbHJ. Kindly check. ^PS,2017-10-13 08:12:22+00:00,2017-10-13 08:34:00+00:00,63,112
229801,229799,229802,@AmazonHelp Yes @127161 have managed to deliver to the wrong address and even got a signature - useless,"@170764 Sorry to hear that, have you been able to locate the parcel: https://t.co/L76CBge35P? ^JJ",2017-10-05 09:12:54+00:00,2017-10-05 09:22:53+00:00,103,97
1892107,1892101,1892103,@AmazonHelp I was supposed to have received a call days ago. Hasn't happened. Got an email which shows you do not understand the problem at all.,@299565 I'm sorry to hear you're still having issues with the two-step verification process. Is your account affiliated with amazon.ca or do you use the https://t.co/hSs9w9f1pF site for your shopping needs? Please use direct message so I may provide you instructions. ^SY https://t.co/1XyLaGkcaN,2017-11-15 01:13:36+00:00,2017-11-15 01:24:29+00:00,144,295
1058025,1058015,1058017,@AmazonHelp No nothing in my email or spam folders.,"@269386 We do not have access to your account, so please reach us here so we may look into this for you: https://t.co/JzP7hlA23B ^CR",2017-10-23 13:25:02+00:00,2017-10-23 13:30:00+00:00,51,132
163537,163519,163521,@AmazonHelp Now entering week 2 and two deliveries which haven't made it anywhere near me.,"@153824 As we're unable to view your account via Twitter,pls contact here:https://t.co/JzP7hlA23B so we can look into this.^KM",2017-11-27 07:05:23+00:00,2017-11-27 07:10:00+00:00,90,126
145680,145678,145677,@AmazonHelp Que me encanta comprar en Amazon jejeje no pasa nada pero al final me costais el divorcio jajajaj,@149043 ¿Qué tal si aprovechas las ofertas y le compras algo a esa persona especial? 😍❤️  ^FZ https://t.co/2YJfanCliV,2017-11-24 14:02:56+00:00,2017-11-24 14:12:01+00:00,109,117
465131,465124,465127,"@AmazonHelp The other two, both ordered on 11/27 say they will be here today.",@225632 Have you tried contacting the seller yet? They sent the packages and shall be able to help. ^BD,2017-12-01 12:15:26+00:00,2017-12-01 12:22:52+00:00,77,103
2459113,2459109,2459107,@AmazonHelp That it will be delivered Thursday. I ordered them Monday.,@195909 What was the original delivery date we provided in your order confirmation e-mail: https://t.co/Qzt6TZQUJW? Has this changed? ^CL,2017-11-15 06:38:06+00:00,2017-11-15 06:41:28+00:00,70,137
2899566,2899565,2899567,"@AmazonHelp I thought you were here to help, all you have done is sent me to a link to either call or email. I haven’t got time to call otherwise I would have. I’d like you to PM me so I can give you my order number so you can resolve it please","@803287 We're unable to access your account information via Twitter. You can always reach out to us through chat, using the link provided by KP. I'm sorry for any inconvenience this may cause. ^AL",2017-11-28 17:54:54+00:00,2017-11-28 18:02:54+00:00,244,196
180206,180205,180207,@AmazonHelp My order was placed in April.,@158402 Please contact EA regarding the pre-order code. ^MC,2017-10-04 12:02:16+00:00,2017-10-04 12:20:29+00:00,41,59
108192,108190,108189,@AmazonHelp And the saga continues despite assurances from customer service that I would receive my package today.,"@140014 I'm sorry for the frustration! Deliveries can be as late as 8:00PM. If your order hasn't arrived by then, please let us know.  ^AC",2017-11-22 22:28:23+00:00,2017-11-22 22:44:00+00:00,114,138
1582579,1582578,1582580,@AmazonHelp order received :).. thank's for your support,"@487114 That's great news, thanks for keeping us posted. ^HT",2017-10-17 09:15:07+00:00,2017-10-17 09:19:37+00:00,56,60
1035532,1035522,1035527,@AmazonHelp my right address and zipcode!,@364938 Can you please confirm who the carrier is for your shipment: https://t.co/Y5jpI9gRhE? ^ST,2017-10-14 18:40:28+00:00,2017-10-14 18:46:00+00:00,41,97
128754,128736,128738,@AmazonHelp I have no way of getting the info as i already said,"@144964 I'm sorry but we don't have access to accounts via Twitter. To resolve the issue, please respond to the e-mail with the requested information. ^EA",2017-11-24 05:10:59+00:00,2017-11-24 05:35:00+00:00,63,154
2269219,2269211,2269209,"@AmazonHelp My membership already expired after that tried for renewal, it shows that cant take my payment, after that i have tried with different card, then also it is not taking, what to do please help",@447293 We'd like to take a closer look into this. Kindly report this to our support team here: https://t.co/vlvfJr4nN9. ^MP,2017-11-11 10:17:07+00:00,2017-11-11 10:32:56+00:00,203,124
2884853,2884840,2884848,"@AmazonHelp No one actually refunded me after the first guy said he would but can’t, so his supervisor would and the supervisor ‘promised’ the gal he had to transfer me to would. His ‘call feedback’ confirmation email even said she would be more than able to do it for me, then she did not.",@572587 Did that email confirm the refund or when it would be issued? ^AT,2017-11-28 11:48:33+00:00,2017-11-28 11:56:00+00:00,290,73
2692782,2721681,2721683,@AmazonHelp I still haven't received a revised delivery date.,@763619 Has there been any further update to the tracking on your order at all? ^PJ,2017-11-20 10:41:25+00:00,2017-11-20 10:59:00+00:00,61,83
1383878,1383877,1383879,"@AmazonHelp 丁寧にありがとうございます！
確実に11月1日に届くわけではないってことですよね？？",@442055 重ねてのご案内となり恐縮ですが、ご案内している「お届け予定日内」でのお届けとなります。恐れ入りますが、お届け予定日を目安に到着をお待ちください。TN,2017-10-28 08:41:57+00:00,2017-10-28 08:50:01+00:00,54,82
2385808,2385807,2385809,"@AmazonHelp Bestellung im Shop von profitoner.de, wenn ich die Funktion Amazon Pay verwende. Dann erscheint das Amazon Widget wie im Screenshot.","@687602 Was wird dir denn angezeigt, wenn du auf ""Anzeige aller Zahlungsweisen klickst""? ^SK",2017-10-20 09:55:49+00:00,2017-10-20 10:13:05+00:00,144,92
260382,260378,260380,@AmazonHelp Très bien je vais ller voir ça. Merci à vous,"@177959 Je vous en prie, très bonne soirée à vous. ^BR",2017-10-05 21:16:37+00:00,2017-10-05 21:18:28+00:00,56,54
1147813,1147812,1147814,"@AmazonHelp What happened @115850 after filling the form also i haven't been contacted by u, My issue is unresolved and u say why i make it public","@388804 here: https://t.co/NTkrxpsbHJ for further concerns, reply to the email you've received from our team and we'll get back.2/2^KA",2017-10-25 09:58:32+00:00,2017-10-25 10:18:45+00:00,146,134
1723368,1723367,1723369,"@AmazonHelp I returned one product, which was picked up by Amazon's representative on 20th October, but still no replacement/refund.",@521339 : https://t.co/vlvfJr4nN9 and we'll be happy to help. 2/2^AR,2017-11-07 10:16:49+00:00,2017-11-07 10:29:00+00:00,132,68
95419,95416,95415,@AmazonHelp I need help. I still don’t have my package and UPS is not helping. They claim to have attempted delivery even though I’ve been home waiting for this package. This happened both yesterday and today. I don’t know what to do next. I’m beyond frustrated at this point,"@136747 Thanks for the update, Jo! Can you please reach out to us here via phone so that we can work with you directly to get this situation resolved?  https://t.co/hApLpMlfHN ^GS",2017-11-30 15:54:47+00:00,2017-11-30 16:02:32+00:00,275,179
803980,803986,803987,@AmazonHelp Already done bot not showing the order no,@311606 That's odd! Please share your details here: https://t.co/GIJyeYqKE0 I'll reach and assist you. ^SV,2017-10-13 01:53:36+00:00,2017-10-13 02:07:25+00:00,53,106
609342,616900,616901,@AmazonHelp My husband and I have already done this with 2 people in cs in the last week. I'm just shopping elsewhere.,@266373 Sorry to hear you are having delivery issues. We would like to help you with this. If you provide details here: https://t.co/R55eEQwSEs we can take a look. ^ES,2017-11-22 14:40:52+00:00,2017-11-22 14:51:29+00:00,118,167
25264,25263,25262,"@AmazonHelp It's blank. My delivery status still says ""can't deliver"" even though I've called customer service.
This is the second time in one year.","@121462 Thanks for the update, Chris! When you spoke with us previously, what options or insight were we able to provide? ^ML",2017-11-04 00:17:06+00:00,2017-11-04 00:29:00+00:00,148,125
1223589,1223586,1223587,"@AmazonHelp Vale, muchas gracias!","@407061 ¡Es un gusto! Cualquier consulta o duda adicional, no dudes en contactarnos. ^AA",2017-11-16 15:37:09+00:00,2017-11-16 15:40:00+00:00,33,88
870151,870182,870184,@AmazonHelp My question is will u listen to the calls. U r not even acknowledging that. This is ur service? I have lost faith in ur service.,@326613 Kindly fill your details and we'll listen to all the calls and get back to you. ^SH,2017-10-14 02:30:15+00:00,2017-10-14 03:30:43+00:00,140,91
1512029,1512028,1512030,@AmazonHelp called customer service! Once again no resolve. Told someone will email me in 24-48 hrs. Problem still not solved! Unacceptable!,"@387405 Have you received a reply to your e-mail? If so, what options or information was given? Please let us know! ^KJ",2017-11-03 18:23:34+00:00,2017-11-03 18:37:25+00:00,140,119
2375323,2375320,2375319,@AmazonHelp Check for options if not delivered by 16th. That is really really really crappy,@685172 Please let us look into this with you. Utilize the following link for further assistance: https://t.co/hApLpMlfHN ^DO,2017-11-14 02:36:17+00:00,2017-11-14 02:39:26+00:00,91,125
2552241,2552243,2552244,"@AmazonHelp Dort heißt es immer wieder in Textbausteinen man gibt es als Beschwerde weiter, dass wars. Monat Prime kostenlos ect. ist keine Problemlösung.",@724988 Wie häufig hast du deine Same-Day-Lieferung nicht am selben Tag erhalten? Grüße ^VM,2017-11-16 15:44:03+00:00,2017-11-16 16:10:05+00:00,154,91
694447,694446,694448,@AmazonHelp Yes! Thank you very much!,"@138679 No worries at all, Oihane. If you ever have any further questions you know where to find us 😊^SM",2017-11-23 15:28:56+00:00,2017-11-23 15:34:49+00:00,37,104
1460507,1460505,1460503,@AmazonHelp I was initially told 16:15 and then 21:00. I’m still waiting on delivery and now can’t get out to pick it up tonight from the locker!!,"@458981 We'd like to look into this further. When you have a moment, please reach out to us here: https://t.co/qy3J24VGxb ^AC",2017-11-02 21:23:41+00:00,2017-11-02 21:29:00+00:00,146,125
2957000,2957055,2957056,@AmazonHelp I won't be following any links. First thing tomm am I will be headed to the local fulfilment center to get some face to face answers,"@816246 I'm sorry, our Fulfillment Centers aren't open to the public. Please send us the order and tracking information through the link ^MV posted, and a member of our team will ensure this is investigated. ^SB",2017-11-30 01:59:41+00:00,2017-11-30 02:08:38+00:00,144,211
122786,122782,122781,"@AmazonHelp Do jeito que vocês são rápidos, muito provavelmente no sábado mesmo, mas o prazo é até o dia 28.","@143395 Nos envie uma foto assim você receber seu pedido, para dividir a felicidade! 🎉 ^CR",2017-11-24 00:23:06+00:00,2017-11-24 00:24:29+00:00,108,90
2859856,2859854,2859852,@AmazonHelp Just says sorry but its now going to be delivered tomorrow and you're going to get it back on track :/,@794711 Thanks for the update. We strive to meet our promise delivery date. Please keep us posted if the package don't arrive on the new delivery date given to you. Were always here to help! ^LH,2017-11-27 22:27:19+00:00,2017-11-27 22:33:35+00:00,114,194
226168,832133,832132,"@AmazonHelp Did that many times earlier to no avail, so just decided to give up Amazon","@214943 I'm sorry you feel that way. If you've replied to our email, I'm sure you would have received a revert from us. ^VM",2017-10-13 04:59:28+00:00,2017-10-13 05:16:52+00:00,86,123
804821,804825,804827,@AmazonHelp I did fill that yesterday morning but tills now haven't got any notification for this matter,@311198 That's odd. I'm sure we have sent out a correspondence to your registered email address. (1/2) ^VM,2017-10-14 03:24:46+00:00,2017-10-14 04:25:26+00:00,104,106
575403,575400,575399,"@AmazonHelp Sum guys just show me a add on computer screen.. basically an animated video about great India sale between 20-23 jan at Maharaja banquet hall East Delhi Laxmi Nagar . They said they are from amazon &amp;surveying the add.. they took my name ,address &amp; phone no for the same",@255389 Thank you for bringing this to our notice. We'll have our team to get it checked. ^AP,2017-12-03 07:49:13+00:00,2017-12-03 07:59:00+00:00,290,93
297319,297301,297302,@AmazonHelp Details had been shared through link &amp; escalated to leadership team 4 times but ATS Gods haven't been appeased for last 3 months till now,"@186821 If you've shared your details, I'm sure you might've received a correspondence to your registered email id. Please check. ^ZH",2017-10-31 05:58:22+00:00,2017-10-31 06:01:00+00:00,153,133
483069,483068,483070,"@AmazonHelp Commande  171-5552394-5447521
Livraison le 1/12",@229896 Je suis sincèrement désolée du désagrément causé par ce retard. L'avez-vous signalé à notre SAV s'il vous plaît? ^FA,2017-12-01 14:27:00+00:00,2017-12-01 14:42:09+00:00,59,124
1255688,1255679,1255680,@AmazonHelp Hi i have just logged in now can we continue with the process,@159105 We'll surely help you out. Kindly reach out to us here: https://t.co/2t6DQoUmNZ ^AP,2017-10-26 11:07:50+00:00,2017-10-26 11:19:00+00:00,73,91
1570884,1570892,1570894,@AmazonHelp I dont care.I just need my money,@484260 Please share your details from the link provided for us to look into your concern and help you further. (2/3) ^SV,2017-11-04 18:34:24+00:00,2017-11-04 18:38:00+00:00,44,121
1205416,1205413,1205412,"@AmazonHelp I can link them, that's not the problem, the ID that's created isn't showing up on associates.. That means I can't get paid.","@403120 To confirm, did you speak with our Customer Service team? If so, what information/options did we provide? ^EZ",2017-11-02 05:07:13+00:00,2017-11-02 05:28:31+00:00,136,117
2116119,2116117,2116116,"@AmazonHelp Thank you for responding so promptly. I did try contacting, but the IVR has no option to talk to anyone, it just keeps giving me status update of my order.","@623787 We definitely didn't intend this experience, please fill this form: https://t.co/GIJyeYqKE0, we'll connect with you shortly. ^MP",2017-11-08 13:40:03+00:00,2017-11-08 13:47:00+00:00,167,136
651465,651454,651452,@AmazonHelp No it was amazon.es,"@274941 Andrea, we are sorry about this experience. Have you contacted the carrier through phone to check your delivery? ^DA",2017-10-31 12:33:29+00:00,2017-10-31 12:40:29+00:00,31,124
2290193,2290200,2299762,@AmazonHelp pretty sure my account has been compromised.  How do I get help from Amazon to report? I am locked out of my account,"@667495 Please reach out to an Account Specialist. They can be reached here:  https://t.co/dwIVXZT3n0 

-Anna",2017-11-12 16:06:46+00:00,2017-11-12 16:20:00+00:00,128,109
1011476,1011471,1011472,@AmazonHelp Done. Will wait for your call,"@359320 I get your concern, Hiren. We've received your details and we'll reach out to you with an update at earliest. ^SV",2017-10-22 21:57:18+00:00,2017-10-22 22:02:02+00:00,41,121
284311,284310,284312,"@AmazonHelp yes, we have a stand alone biz building w/ marked address on mail box &amp; doors marked for entrance. We never had issues 'til this week x3",@183719 We want to investigate this further. Please send us your order details using the secure link: https://t.co/EKXRLsnxJu ^GR,2017-10-06 13:47:02+00:00,2017-10-06 13:52:31+00:00,152,129
290420,290422,290423,"@AmazonHelp Antwort vom DHL Kundenservice (sinngemäß): ""Da müssen Sie noch etwas Geduld haben, vielleicht ist es Morgen da"". Die sind gut.",@185175 Sag unserem Kundenservice auch gern Bescheid: https://t.co/ohyvGrpvrY ^BL,2017-10-06 16:18:31+00:00,2017-10-06 16:37:00+00:00,139,81
2549509,2549508,2549510,@AmazonHelp It says Amazon. https://t.co/6QRY017qoa,@724380 Please contact us here: https://t.co/hApLpMlfHN so an agent can look into this further for you. ^JJ,2017-10-30 14:22:19+00:00,2017-10-30 14:31:06+00:00,51,107
292803,292805,292806,@AmazonHelp @115850 I confirm that you're being exceptionally inefficient and I've given my details way too many times to ever ship with u guys again.,@183225 Sorry for the delay. Please allow us some time and we'll reach out to you. ^KA,2017-10-07 11:29:56+00:00,2017-10-07 12:17:30+00:00,150,86
294789,294821,294822,@AmazonHelp can you plz tell me which email u are talking about?? no email recieved here from last 3 days &amp; plz stop joking. @115851 sir pl interfere,@186217 You may revert to this email here: https://t.co/aHqL0m6LHW ^SG,2017-10-09 12:56:36+00:00,2017-10-09 13:13:00+00:00,153,70
80563,80573,80574,@AmazonHelp I can fill it out but it asks for the Twitter url and I can’t get that so it won’t let me submit it,"@116058 Hey Travis, can you copy and paste in the URL to your own Twitter page? ^JC.",2017-11-30 15:44:31+00:00,2017-11-30 16:14:29+00:00,111,84
1270988,1270987,1270989,@AmazonHelp Estoy preparado! Y tengo unas ganas increíbles ❤️,"@417580 ¡Genial, hay que celebrar! Tienes que contarnos qué te parece el juego. ¡Qué emoción! 😉🎮💕 ^KS https://t.co/zqZSkTOZbf",2017-10-26 15:36:35+00:00,2017-10-26 15:50:44+00:00,61,125
1122752,1122756,1122757,"@AmazonHelp Third-party seller, I think it's from a different country also.",@384799 Have you checked the tracking number on the courier's site? You can find a link to their site here: https://t.co/brRij7XTkT ^LB,2017-10-15 14:05:50+00:00,2017-10-15 14:09:00+00:00,75,135
1666555,1666554,1666556,@AmazonHelp Only return or exchange option I've found it. There's no that kind of one.,@164815 options with you: https://t.co/vlvfJr4nN9. ^MP 2/2,2017-11-06 11:22:44+00:00,2017-11-06 11:55:00+00:00,86,58
1005072,1005077,1005078,"@AmazonHelp I spoke to your executive on the helpline 3 hours back &amp; they assured delivery guys will call. Its 7:30pm, I'm still waiting for a call!","@357889 I'm sorry to know this, Indrajit. Kindly fill this form: https://t.co/GIJyeYqKE0 and we will connect with you shortly. ^MP",2017-10-14 14:08:52+00:00,2017-10-14 14:38:55+00:00,152,130
1338501,1338500,1338502,@AmazonHelp The delivery boy refused to wait for the exchange process and left without delivering the product. He unprofessional and very rude.,@296604 That's uncertain! Please report this to our support team here: https://t.co/vlvfJr4nN9 &amp; we'll take right actions. ^BS,2017-10-16 13:29:01+00:00,2017-10-16 14:00:42+00:00,143,130
2132891,2132890,2132892,@AmazonHelp Its also asking for payment details,@627595 Have you signed an Amazon.de Prime membership? https://t.co/sx0Jye7q9B Payment details usually are for age verification.  ^MH,2017-11-08 20:19:44+00:00,2017-11-08 21:15:25+00:00,47,133
464263,464259,464261,"@AmazonHelp わかりました。
しばらく待ちます。また何かあればご連絡させていただきます。",@225390 どうぞよろしくお願いいたします。 EK,2017-12-01 03:53:41+00:00,2017-12-01 03:59:27+00:00,49,27
1322599,1322598,1322601,@AmazonHelp Sad that I can’t cancel my membership before it ends..!,@308864 You can request for a cancellation of the Prime membership. Kindly reach out to our support 1/2 ^EM,2017-10-27 10:11:01+00:00,2017-10-27 10:24:30+00:00,67,107
232881,232890,232891,@AmazonHelp Yes it is unresolved in fact I received a call from your delivery location stating that they have not recd any info from Amazon on delivery,"@171436 Sorry for the disappointment. We're following up on this issue, please allow us some time and we'll reach out. ^KA",2017-10-06 09:11:15+00:00,2017-10-06 10:56:00+00:00,151,122
2964094,2964089,2964087,"@AmazonHelp Già fatto ma ho ottenuto un risultato: assolutamente no. Mi hanno risposto che per venerdì saranno consegnati, una settimana per avere dei prodotti già pagati e non due giorni lavorativi essendo cliente Prime. Pazzesco, assurdo e poco professionale.","@236677 Comprendo il tuo disappunto e mi dispiace. Da qui non posso verificare il tuo ordine, ma il nostro Servizio Clienti rimane a tua completa disposizione per qualsiasi ulteriore chiarimento: non esitare a ricontattarlo. ^EA",2017-11-29 21:49:12+00:00,2017-11-29 21:52:33+00:00,261,228
215978,215971,215969,@AmazonHelp Better dnt appreciate my understanding. Coz I've understood ur policies veery well. U charge first n den for refund u make customers run from pillar to pillar,"@167356 I get your disappointment. Kindly drop your details using the link provided earlier. If you've already filled your details, rest assured our team will get back to you with an update shortly. ^MN",2017-11-22 14:08:59+00:00,2017-11-22 14:28:00+00:00,170,202
167985,167982,167980,"@AmazonHelp Vcs não fazem ideia!!!!! Vim fazendo a dancinha da felicidade no elevador de tão feliz kkkkk. Já logo tirei da caixa e cheirei, pq o segundo melhor cheiro do mundo é de livro novo. O melhor cheiro é de café 😍📖☕","@155078 A gente também fez a dancinha da felicidade, Fernanda, rs! Você já preparou café para acompanhar a leitura dos seus livros? 🤔 ^CR https://t.co/xxhfmidKTc",2017-11-24 20:50:08+00:00,2017-11-24 20:59:34+00:00,222,161
230127,230124,230123,@AmazonHelp Plz return my money back which i paid for prime membership as you were failed to provide me service.,@170830 Sorry for the trouble. Kindly report this to our support team here: https://t.co/vlvfJr4nN9 and we'll check this. ^HN,2017-10-04 18:50:19+00:00,2017-10-04 18:59:48+00:00,112,125
360254,360253,360255,"@AmazonHelp Hi, no i haven't received any refund.",@201318 We'd like to take a look at this with you. Please call or chat with us here:  https://t.co/JzP7hlA23B ^MH,2017-10-08 17:52:47+00:00,2017-10-08 18:19:00+00:00,49,113
920929,1226496,1226498,"@AmazonHelp already 10 calls done by me, and every time your customer care person give me a new excuse.neva buy any item and don't suggest to anyone","@407743 Apologies for the stretch. I'd like to look into this closely, kindly drop in your details 1/2 ^AH",2017-10-26 05:19:22+00:00,2017-10-26 05:27:42+00:00,148,106
1108209,1108203,1108204,@AmazonHelp Merci ! En espérant une amélioration globale du service.,"@381546 Je vous en prie, sachez que c'est grâce à vos remontées que nos services s'améliorent. ^BR",2017-11-08 18:03:28+00:00,2017-11-08 18:06:25+00:00,68,98
1252190,1252192,1252193,@AmazonHelp 疑問が解決しました、ありがとうございます！,@413736 その他ご不明な点がありましたら、ご遠慮なくお声がけくださいませ😀　突然のリプライにおつきあいいただきありがとうございました！HM,2017-10-26 11:06:35+00:00,2017-10-26 11:12:32+00:00,33,72
1434000,1433999,1434001,@AmazonHelp Thank you for your time and quick response!!,@138297 Glad to know that issue is resolved. Do keep us posted if you need any further assistance. ^VR,2017-10-16 18:37:51+00:00,2017-10-16 18:52:00+00:00,56,102
2454057,2454056,2454058,@AmazonHelp I work shifts that's why i subscribe to service delivery drivers admit they don't deliver after 5pm w ends what am I paying for??? Crap,"@375279 (2/2) To review our available options, please visit us at the following link: https://t.co/JzP7hlA23B ^WT",2017-10-29 19:32:01+00:00,2017-10-29 19:47:00+00:00,147,113
1318965,1318964,1318966,@AmazonHelp https://t.co/bTOYBm3UMr that’s the link if that helps?,@428017 Thanks. Pls use this link to confirm your replacement/refund options :  https://t.co/aaDyEz1VgE  ^TD,2017-10-27 09:06:02+00:00,2017-10-27 09:35:36+00:00,66,108
1773482,1773481,1773484,"@AmazonHelp They keep saying they are going to pick up, but then don’t. Total lack of cooperation/coordination betw UPS and Amazon. My Bldg super gave til tomorrow to get boxes out of hall.",@533016 We'd like to take a closer look into this. Please send us your info and additional details here: https://t.co/5dyd2LkSre ^LI,2017-11-08 03:11:45+00:00,2017-11-08 03:18:31+00:00,189,132
2010037,2010036,2010038,@AmazonHelp Seria dificil decidirme pero creo que El Fantasma de la Opera de Gaston Leroux 🤔ajjajaaj,"@272349 Sin duda, es un libro maravilloso,❤️ cuéntanos, ¿cuál es tu libro favorito de todos los tiempos?🤔 ^HC",2017-10-19 16:53:13+00:00,2017-10-19 17:03:27+00:00,100,109
769580,769579,769581,@AmazonHelp Perfect. Is it 24 hour chat as I am at work now and can’t focus as I would like to.,@226445 Yes! We are available to you whenever you have a chance. Keep us posted on your chat! ^DD,2017-10-11 23:13:11+00:00,2017-10-11 23:18:28+00:00,95,97
1546352,1546351,1546353,@AmazonHelp No one can respond me,@478851 Sorry about that! I'd like to help. Could you share your details through this link : https://t.co/cllwXc2HeK?,2017-11-10 13:07:20+00:00,2017-11-10 13:21:00+00:00,33,117
1775060,1775059,1775061,@AmazonHelp I've already contacted customer service after following these tips unfortunately I won't be told anything until tomorrow evening apparently.,@533438 Please keep us updated on its arrival by 8pm tomorrow! ^BN,2017-11-08 04:42:08+00:00,2017-11-08 05:18:31+00:00,152,66
431162,431161,431164,"@AmazonHelp Have done this process 20 times in 15 days, no one calls. Its big fraud. Get someone to https://t.co/9KB3YJXyo9 7744012286",@217522 I'm afraid we can't view your details to make a call to you from Twitter. [1/2] ^HA,2017-10-10 16:00:29+00:00,2017-10-10 16:28:27+00:00,134,91
2553915,2553919,2553928,@AmazonHelp @683416 Le black friday c'est uniquement pour les Amazon premium ?,"@725318 Bonjour, tous les clients du site Amazon.fr pourront profiter de milliers de Ventes Flash sur notre site. Les clients prime peuvent bénéficier d’un accès prioritaire de 30 minutes aux Ventes Flash éligibles, en plus de la livraison gratuite en un jour ouvré. ^FT",2017-11-16 16:29:48+00:00,2017-11-16 16:36:01+00:00,78,270
2626973,2626975,2626976,"@AmazonHelp Yes, all of these steps. Apartment complex manager had postal employee look in every parcel pending box and it is nowhere.","@572257 We'd like to go over your available options, please contact us here: https://t.co/hApLpMlfHN ^CO",2017-10-31 14:55:00+00:00,2017-10-31 15:01:30+00:00,134,104
89203,89281,89282,"@AmazonHelp A de account, search under my name and you will find them - again, all I want is to cancel the order, get my giftcard amount back asap.","@135293 If you do not send the requested documents, the order will be canceled automatically after five days. But, as long as you do not send the information, the account will not be unblocked and you won’t be able to access the gift card amount. ^AW",2017-11-30 14:52:46+00:00,2017-11-30 15:12:31+00:00,147,250
917059,917058,917061,@AmazonHelp that didn’t answer my question,"@337710 We're constantly adding new content, Rahil. Stay tuned. Also, I've noted your comments and have forwarded your (1/2) ^MO",2017-10-21 09:49:44+00:00,2017-10-21 10:15:00+00:00,42,128
1197534,1197533,1197537,@AmazonHelp There is no contact no. In this link,@401372 Please reach us via: https://t.co/vlvfJr4nN9 &gt; login to your Amazon.in account or select Skip Signin &gt; (1/3) ^VM,2017-10-25 03:28:15+00:00,2017-10-25 03:42:37+00:00,48,126
2864688,2864687,2864689,"@AmazonHelp Well, the USPS website tracking system is down. However, these are the screenshots from my account. I just saw the truck in my neighborhood. https://t.co/sGhwIepqrH","@795683 Thank you for the info. Carriers can deliver up to 8 pm. If you are seeing them in your neighborhood, that's a good indicator they're still out delivering. If you don't receive your package this evening or get any updates, please let us know! ^AM",2017-11-28 00:14:16+00:00,2017-11-28 00:17:33+00:00,176,254
1721002,1721000,1721003,@AmazonHelp 1/2 yes i have reported this to the support team.as a regular amazon customer i'm deeply disappointed.had bought things in time for a,@132485 I apologize for the unpleasant experience you had with us multiple times. 1/2 ^VH,2017-11-07 11:25:41+00:00,2017-11-07 11:51:24+00:00,145,89
1449106,1449104,1449102,@AmazonHelp I have received several emails and I have followed all the rules and sent the faxes but still haven't gained access to the account.,@456252 Did you receive any correspondence after faxing the requested info? ^DO,2017-11-02 16:47:32+00:00,2017-11-02 16:59:00+00:00,143,79
883951,883948,883947,@AmazonHelp Thanks for responding - I’ll try!,@329908 Remember we are always just a click away! ^DA,2017-10-20 22:06:26+00:00,2017-10-20 22:20:07+00:00,45,53
783416,783374,783371,@AmazonHelp You guys don't understand a thing. How frustrating it is. @AmazonHelp @115850 @115821 simply pathetic!!,@306987 Kindly reply to the email sent to you by the Social Media team &amp; we'll get back with an update soon.  ^EM,2017-10-28 02:34:05+00:00,2017-10-28 02:55:00+00:00,115,117
1323371,1323370,1323373,"@AmazonHelp @115851 sir each time different ppl wrt mail, no 1 understand,no one ready to resolve the issue @115850  abt od.no 408-6373835-4135510",@425602 I apologize for the inconvenience. We have sent you an email. Kindly check. (1/2)^VH,2017-10-17 08:47:46+00:00,2017-10-17 09:22:00+00:00,146,92
1570861,1570858,1570857,@AmazonHelp If you select it's a gift it's not wiped from my list to surprise me unless I click it then I no. Also the top of his list shows unpurchased which some items are actually purchased,@484392 Do you know if the purchased items have already shipped? ^LB,2017-11-04 17:20:39+00:00,2017-11-04 17:22:29+00:00,192,68
2723401,2723403,2723404,@AmazonHelp I was knowing that I will get the reply with Formalities. I didn't get my shipment and so I have to cancel the order. but from Next time I will never use Amazon or will tell my all the friends and family about Amazon's Worst service. Goodbye. @AmazonHelp  @115850 @115851,"@763962 I understand that you are upset with us from your recent order experience. It was never our intention. However, I've noted your comments and have forwarded your feedback internally. ^AH",2017-11-21 06:13:02+00:00,2017-11-21 07:05:31+00:00,283,193
695138,695136,695135,@AmazonHelp  https://t.co/jSupBAu3Ap,@285787 We'd like to look into our options with you. Please reach out to us by phone or chat here: https://t.co/EKXRLsnxJu ^GR,2017-11-23 15:45:10+00:00,2017-11-23 15:47:39+00:00,36,126
1232103,1232123,1232125,"@AmazonHelp Please check,
But question is still that?
Why you not refund my amount in 24 hrs???
Why mentioned that, Amazon pay balance refund in 24 hrs https://t.co/AbJaMHvtKf","@359661 correspondence, write to us here: https://t.co/GIJyeYqKE0 &amp; we'll get back to you. 2/2 ^MJ",2017-10-16 05:32:05+00:00,2017-10-16 06:04:00+00:00,175,102
131777,131783,131784,@AmazonHelp Thank you! Waiting on an update within 24 hours - will get in touch if that doesn’t happen. 😃,@145713 Sounds good! Enjoy the rest of your evening. ^EZ,2017-11-24 21:46:15+00:00,2017-11-24 21:48:33+00:00,105,56
379584,379583,379586,"@AmazonHelp Thanks for the reply @AmazonHelp. Have already applied for an invite 5 days back. Still waiting for an invitation mail :(

Please help me out :)","@206058 Sorry to hear that - if you have requested an invite, we will honor your request and send you an invite. [1/2] ^HA",2017-10-09 10:59:22+00:00,2017-10-09 11:23:00+00:00,156,122
1211098,1211095,1211093,@AmazonHelp Yes but I haven't used prime. 2 refunds sent previously yet 2 further payments taken. Appalling,@404275 and you manage your Prime subscription here: https://t.co/EMoca4Sfya. ^MC 2/2,2017-10-25 12:00:39+00:00,2017-10-25 12:11:01+00:00,107,85
223887,223892,223894,@AmazonHelp I’m sure I’m not the only one that thinks that. Thanks for your help!! God bless,"@169497 It was our pleasure to assist, Erin! Pls don't hesitate to reach out if we can ever be of assistance! We're here for you! ^KN",2017-10-05 13:43:57+00:00,2017-10-05 13:52:00+00:00,92,133
1267134,1267138,1267139,"@AmazonHelp Aun no, primero quiero llegar a casa y averiguar donde esta mi pedido o qué ha pasado con él","@416676 Entiendo, recuerda que puedes reportar este inconveniente con nuestro SAC mediante este enlace:https://t.co/OjvUxwnzPe ^AZ",2017-10-26 13:22:50+00:00,2017-10-26 13:26:00+00:00,104,130
861153,861144,861146,@AmazonHelp @324484 When you declared the #supervalueday,@324485 The super value days are usually held on the first 2 days of every month. Stay tuned to our website for updates. ^ZH,2017-10-25 08:46:06+00:00,2017-10-25 09:52:05+00:00,56,124
1657363,1657362,1657361,@AmazonHelp what’s the email address for customer service?,@501792 This link will provide you with the option to e-mail after you follow the prompts here: https://t.co/hApLpMlfHN. ^SY,2017-11-06 03:41:56+00:00,2017-11-06 04:04:00+00:00,58,124
833647,833645,833648,"@AmazonHelp There is also no option to request a refund on items, only to return them. We can’t return items we didn’t receive.",@303548 Please reach out here so we can look into this for you Tyler  https://t.co/hApLpMlfHN ^KM,2017-10-13 07:09:18+00:00,2017-10-13 07:27:25+00:00,127,97
439635,439634,439636,@AmazonHelp Thank you. Email sent!,@219372 You're welcome. ^NV,2017-10-11 10:36:26+00:00,2017-10-11 10:44:00+00:00,34,27
832936,832935,832937,"@AmazonHelp 親切に有りがうございます。
幸いURLを踏まずに注文履歴を確認したので大丈夫でした。","@318371 注文履歴にてご確認いただけたとのことで、安心いたしました。
最近、Amazonを騙るフィッシングが増えているようでございますので、ご注意くださいませ(*´︶`*) TY",2017-10-13 06:31:09+00:00,2017-10-13 06:33:00+00:00,54,92
2853653,2853650,2853648,@AmazonHelp Le i5 4590 à 1.1ghz dans la description alors qu'il est à 3.3ghz normalement et aussi le prix sachant que sur votre site (version espagnol et allemand) le Pc est à plus de 1500e,"@793301 Les sites d’Amazon ne sont pas interdépendants. Les prix peuvent être différents sur les sites. A propos de l’article, l’avez-vous reçu en 3.3ghz ?
^MD",2017-11-27 20:27:59+00:00,2017-11-27 20:35:45+00:00,189,159
1178874,1178872,1178876,@AmazonHelp To you I have them saved,"@397274 (1/2) I'm sorry, we don't have access to accounts via Twitter, and recommend removing account info since it's public.",2017-10-24 21:44:22+00:00,2017-10-24 21:49:55+00:00,36,125
2282996,2282995,2282997,"@AmazonHelp Eu já receeeeeebi TUDO, migs!","@144097 Eitaa, então o que está aguardando para começar a ler 🤷‍? ^MB",2017-10-19 19:09:49+00:00,2017-10-19 19:17:00+00:00,41,69
478483,478482,478484,"@AmazonHelp Error occord while updating your payment information
.
Pls note:Any update to payment method in this month will be in effect,only from 1st of next month",@228685 That's strange. Could you help us with the screenshot of the error for the better assistance? ^NK,2017-12-01 14:09:26+00:00,2017-12-01 14:30:34+00:00,164,105
669195,669190,669189,"@AmazonHelp i got email from amazon mention as tht we are removing your seller account as per my request, but i didnt request for remove but reqst for solve problem, not even given link for reply, whr thy ask for waiting for confrmtion",@279587 I get your concern regarding the account. Could you please confirm sharing your details through the secure link provided earlier? ^AP,2017-11-20 05:52:07+00:00,2017-11-20 05:58:51+00:00,235,141
2618143,2618138,2618136,@AmazonHelp it was suppose to be delivered by an amazon truck,@739900 Thanks for confirming. Our team would like to look into your delivery. Please provide us with your order details here: https://t.co/lj3N1NUdDc ^RA,2017-11-17 14:55:05+00:00,2017-11-17 15:00:30+00:00,61,154
1522538,1522536,1522535,"@AmazonHelp Paid for next day delivery, was meant to arrive yesterday. It didn't, then they state they made an attempt today and I've been in all day",@473129 I'm really sorry for the frustration. Can you please tell us who the carrier is for the order? We'd like to help! ^AJ,2017-11-03 20:46:13+00:00,2017-11-03 20:48:08+00:00,149,125
1041846,1041844,1041842,"@AmazonHelp It's an Amazon courier.  I've never had any trouble with @115817 @81 @118706
Only Amazon delivery.","@366385 We'd like to look into these issue for you. Please give us some additional information, including order details, here: https://t.co/b4CJbwA82A ^BE",2017-11-21 00:28:58+00:00,2017-11-21 00:30:34+00:00,110,154
1540996,1540998,1540999,"@AmazonHelp Three of the same orders are in cancelled orders, as I tried to purchase them thrice. I've gotten emails saying Amazon unable to charge card","@309422 At your convenience, please reach us directly via phone or chat so we can look into this with you: https://t.co/qy3J24VGxb ^BV",2017-11-03 23:01:27+00:00,2017-11-03 23:22:00+00:00,152,134
1374053,1374047,1374049,@AmazonHelp @439817 The lady I spoke to on the phone is amazing thank you to her,"@256157 Glad to hear it, thanks for the feedback. :) ^NV",2017-10-28 09:22:18+00:00,2017-10-28 09:38:30+00:00,80,56
396929,396910,396913,"@AmazonHelp Had a call with ur customer care rep. He mentioned that he can't help further as the delivery agent marked it as ""delivered"".",@210014 Apologies. We'd like to check this. Please fill this form: https://t.co/beaaDm0muc and I’ll contact you at the earliest. ^BV,2017-10-17 16:04:29+00:00,2017-10-17 16:34:30+00:00,137,132
197912,197898,197901,@AmazonHelp no you are not gald to help me can't you call me on 9970816501 and resolve the issue instead of getting my details 10 times.,@162533 Sorry for the delay with the pickup. Please reply to the email correspondence you've received from our team (1/2) ^KA,2017-10-06 08:56:23+00:00,2017-10-06 10:39:00+00:00,136,125
829539,829538,829540,@AmazonHelp i called in to pick it up but on the ups website it says the delivery address has changed.  how could i know which one it will be?,"@317551 We want to make sure you receive it. When you have the chance, please reach out to us here: https://t.co/hApLpMlfHN ^BH",2017-10-13 03:33:14+00:00,2017-10-13 03:38:43+00:00,142,127
291385,291384,291386,@AmazonHelp Thank you. I was trying to buy through Amazon app. It worked through safari 👌,@185377 Awesome! I'm glad to hear you were able to download the full copy. We're always here to help. We hope you enjoy! 😊 ^SD,2017-10-06 16:02:09+00:00,2017-10-06 16:32:02+00:00,89,126
2265599,2265595,2265594,"@AmazonHelp Hi again, I just opened up the Amazon app and it showed the same thing again about revising my payment method, it keeps happening for the same item too.",@659473 At this point I have to suggest that you contact us here:  https://t.co/JzP7hlA23B as we are not able to see or access personal information in Twitter. ^TL,2017-11-11 04:56:18+00:00,2017-11-11 05:10:30+00:00,164,163
1143453,1143455,1143456,"@AmazonHelp Thanks , I just talked to #Jayant from Amazon Escalation Team #India. He was very much helpful",@389123 Glad we were able to help. Thank you for keeping us posted. ^SB,2017-10-28 07:47:51+00:00,2017-10-28 08:00:38+00:00,106,71
1223543,1223529,1223530,@AmazonHelp C’est Top et facile à mettre en route le Fire Stick !,@407057 Profitez-en Olivier 😄 Qu'avez-vous regardé hier soir ? ^ARC,2017-11-17 12:56:47+00:00,2017-11-17 13:08:00+00:00,65,67
227855,227854,227856,@AmazonHelp I became varun menon using the link u sent https://t.co/cXsncE279H,"@170333 I'm sorry about that, please disregard the link provided earlier. You can use this link:https://t.co/QS2bTd0snB ^EM",2017-10-05 08:27:51+00:00,2017-10-05 09:25:32+00:00,78,123
2102483,2102481,2102480,@AmazonHelp Ben là à part vous féliciter pour la livraison pas encore mais ça va venir 😂😂😂,"@620874 Haha cela nous fait plaisir de savoir que vous vous en êtes servi en premier pour nous donner vos impressions 😊
^ARC",2017-11-08 11:10:06+00:00,2017-11-08 11:16:32+00:00,90,124
1633338,1633328,1633331,@AmazonHelp I have already dropped the request still no response,"@198928 If you've dropped your details using the link provided by ^NK, then kindly allow our team some time to have a look into 1/2 ^AB",2017-10-17 12:52:56+00:00,2017-10-17 13:16:40+00:00,64,135
2117757,2117754,2117752,"@AmazonHelp I did that already, thanks! However, I was also charged $14.95 for 'Audible,' which I have never used, and am not able to be refunded for that. ☹",@624154 Please contact Audible here https://t.co/yUkZ0HiY55 for more help with this. ^KK,2017-11-08 14:15:06+00:00,2017-11-08 14:24:12+00:00,157,88
1772277,1772279,1772280,@AmazonHelp I'm not doing any extra work I don't get paid for. Y'all cost me enough.,"@532682 If you change your mind, please reach out to us here: https://t.co/hApLpMlfHN for available options. ^SY",2017-11-08 02:11:12+00:00,2017-11-08 03:45:00+00:00,84,112
75917,75916,75918,@AmazonHelp I've had two emails to say ita out for delivery (one today one yesterday) and when I click on track parcel it says it was handed to the customer.I have no idea who the courier is to sort this out,@132996 Have you had a chance to look around to see if your parcel has been delivered to a safe place or to a neighbour on your behalf?^PJ,2017-11-30 12:39:22+00:00,2017-11-30 12:45:00+00:00,207,138
923690,923688,923691,@AmazonHelp no they are no longer available on their release date. I have had to cancel atleast 4-5 pre-ordered books as you they were unavailable,@339212 Kindly share your details here: https://t.co/GIJyeYqKE0 and I'll look into this. ^SG,2017-10-21 15:20:48+00:00,2017-10-21 15:58:32+00:00,146,92
27884,27883,27885,@AmazonHelp But I haven’t even consented to prime before I want my money back,"@122102 I know this can be frustrating. After you have canceled the membership, it will automatically process a refund. ^AL",2017-11-01 11:41:36+00:00,2017-11-01 11:45:12+00:00,77,123
2495766,2495768,2495769,"@AmazonHelp Yes.  Order should have been delivered by 8pm today.  Part of the order was delivered, part was not.",@712281 Is your order shipped by Amazon or a third-party seller? You can check here: https://t.co/cZIAVITC4L ^GM,2017-10-30 02:19:01+00:00,2017-10-30 02:43:00+00:00,112,112
546398,546397,546399,@AmazonHelp Yes today but the tracking doesn't show me where it is or guarantee it'll even be delivered. I'm already talking to your support team about it.,@247053 Keep us posted on the outcome of the call. ^JF,2017-12-02 17:38:42+00:00,2017-12-02 17:43:43+00:00,155,54
1192298,1192302,1192303,@AmazonHelp That link led me to Amazon UK but I will find the appropriate page for my country. Thank you.,@400233 Sorry about that! Can you reach us here:  https://t.co/hApLpMlfHN ^CD,2017-10-25 09:02:37+00:00,2017-10-25 09:08:32+00:00,105,77
1266468,1266470,1266473,@AmazonHelp Caked multiple times but I'm not able to connect to a cust. care exec. There's no section on your app to address such technical issues!,@416537 Sorry to know about the error while placing an order. Please follow the path as mentioned here: (1/3) ^KA,2017-10-27 05:21:35+00:00,2017-10-27 05:31:27+00:00,147,113
1277113,1277115,1277116,"@AmazonHelp Según vuestra página, todavía no se ha enviado, así que no hay compañía de transporte a la que preguntar... https://t.co/yvJExoZx6a",@418906 ¿Has intentado contactar con nuestro Equipo de Servicio al Cliente? ^VL,2017-10-26 16:20:29+00:00,2017-10-26 16:28:00+00:00,143,79
275115,275110,275108,@AmazonHelp Allerdings wurde mir der doch am 2.10. der Monatsbeitrag abgebucht. Was isn da los? https://t.co/7i3oIm1hpD,@181731 Melde dich bitte im Support zur Klärung. Wir können hier leider das Kundenkonto einsehen. ^TG,2017-10-06 06:39:18+00:00,2017-10-06 06:41:26+00:00,119,101
1053526,1053505,1053507,@AmazonHelp U people r crazy really u want me to pay 2k more for that same fuckin order so that u guys could damage it once again,"@368930 Further, I'll surely forward this as feedback internally and we'll work on it. (2/2) ^RI",2017-10-23 15:26:20+00:00,2017-10-23 15:49:24+00:00,129,96
1691924,1691962,1691964,@AmazonHelp unforeseen delays. 3/3,@513574 Please keep us posted on the order. ^MC,2017-11-07 09:11:39+00:00,2017-11-07 09:33:58+00:00,34,47
2730277,2730276,2730275,@AmazonHelp My apology i did not know that fastrack is a sub brand of titan. Thnx  for the help. Watch deliverd on time thnx for that also.,"@318322 You're welcome, Abhishek. I'm happy to hear that. Thanks for reaching out to us. ^JC",2017-11-20 14:52:58+00:00,2017-11-20 15:15:32+00:00,139,92
341463,341462,341465,"@AmazonHelp my priduct is in the town
But y ur Deleivery company is not concerning about it",@197576 Sorry to know about the delivery issue. We can't gain access to your account via Twitter. (1/2) ^KA,2017-10-28 07:55:02+00:00,2017-10-28 08:13:24+00:00,91,107
2149552,2149558,2149559,"@AmazonHelp I officially give up. Package is intractable. I'm going to assume aliens took it. 

:( https://t.co/zVXmaWG6MX",@185999 I'm very sorry to see this! Have you checked to see if you qualify for one of our A-to-z Guarantee claims? You can learn more about these claims here: https://t.co/44zKdEJyZM ^TH,2017-11-10 18:38:18+00:00,2017-11-10 18:57:41+00:00,122,186
639474,639472,639475,@AmazonHelp yes 3 supposed to be delivered today and now Thursday or Friday,"@271687 Truly sorry to hear that we've missed our mark! Please, keep us posted and let us know if your order hasn't arrived by the updated delivery date. ^JE",2017-11-22 20:31:00+00:00,2017-11-22 20:33:29+00:00,75,157
348045,439702,439703,@AmazonHelp Agreed but how to contact them,@215662 Sorry for the trouble you've had. Kindly fill in your details here: https://t.co/GIJyeYqKE0 and I'll help you with it. ^MM,2017-10-11 12:56:19+00:00,2017-10-11 13:21:00+00:00,42,130
910632,910629,910630,@AmazonHelp I have already contact to customer service team but no one help me,@336286 https://t.co/beaaDm0muc and I’ll contact you soon. ^SU,2017-10-17 18:11:25+00:00,2017-10-17 18:42:32+00:00,78,62
535099,535097,535095,"@AmazonHelp Sur le site de la poste le colis est bien livré depuis le 15 il me semble. Et depuis j’ai contacté 4 fois le service client, qui me dit juste je vais faire des recherches. C’est une trottinette électrique d’une valeur de 890 euros. Je ne sais pas trop quoi faire","@243948 Vu que le moment est élevé, des recherches supplémentaires doivent être effectuées. Vous a-t-on promis de recontacter au niveau du SAV ?
^MD",2017-12-02 12:28:11+00:00,2017-12-02 12:32:29+00:00,274,148
461216,461213,461212,@AmazonHelp Yeah actually it’s your Amazon logistics team (AMZL US). I’m speaking as a customer and as a person who works in a leasing office who has seen your employees’ terrible work ethics (they take packages back to the warehouse cuz they’re too lazy to drop at the door),@224590 Thanks for reaching out today! I'm terribly sorry to hear about the problems you've had with any of your orders. Do you have any existing orders needing addressed or have they all been or being resolved already? ^LL,2017-12-01 02:12:52+00:00,2017-12-01 02:21:26+00:00,275,223
1587337,1587312,1587314,"@AmazonHelp It's such a simple thing to understand , the exchange over for the phone , is not available!",@150316 I understand your concern. Kindly report this to our support team from the link provided earlier and we'll have this checked. ^SQ,2017-11-04 23:03:50+00:00,2017-11-04 23:13:29+00:00,104,137
989793,989792,989794,@AmazonHelp Amazon customer services say they are sorry but there is nothing they can do?,@354471 What options were we able to provide when you spoke with us? ^BE,2017-11-25 11:04:34+00:00,2017-11-25 11:16:00+00:00,89,72
264968,264965,264966,@AmazonHelp Hi it's AMZL US. Still not here btw it's been 2 days.,@179124 We'd like to take a look at this with you. Please call or chat with us here: https://t.co/hApLpMlfHN ^MH,2017-10-08 16:30:10+00:00,2017-10-08 16:44:00+00:00,65,112
2711804,2711803,2711805,@AmazonHelp It was a survey for the new The Tick show.,@168005 We'd like to take a closer look at this with you by phone. Please reach out to us here: https://t.co/hApLpMlfHN ^QJ,2017-11-20 03:55:58+00:00,2017-11-20 04:12:00+00:00,54,123
1553332,1555512,1555513,@AmazonHelp This is what it says (the top book) but it won't let me cancel even though they're still preparing. Can you do anything please? https://t.co/iDD1dCyrrz,@132315 The item may be too far in the shipping process to cancel. We can check on this for you here: https://t.co/JzP7hlA23B ^VS,2017-11-04 19:29:20+00:00,2017-11-04 19:38:04+00:00,163,129
349732,349731,349733,".@AmazonHelp I have done webchat - once on Thurs and twice yesterday - but they just keep saying sorry, it will come","@199218 Apologies, what's the current status of the tracking: https://t.co/aaDyEz1VgE? ^JJ",2017-10-08 09:59:23+00:00,2017-10-08 11:02:00+00:00,116,90
2289814,2289813,2289815,"@AmazonHelp When you guys are asked to deliver at a particular address, aren't you supposed to do the same even after charging for same...🤔 Or you keep asking customers to go around the city to pick up the package?",@665208 I'm sorry for the trouble caused over this order. Please reach out to our support team here: https://t.co/2t6DQoUmNZ for further assistance. ^RW,2017-11-12 06:30:11+00:00,2017-11-12 06:53:24+00:00,214,152
2888340,2888339,2888341,@AmazonHelp It is a very long process. Can I DM you the details?,"@800883 Yes, you can DM below. ^KP https://t.co/1XyLaGkcaN",2017-11-28 13:40:11+00:00,2017-11-28 13:48:00+00:00,64,58
1356317,1356316,1356318,"@AmazonHelp Once again, there was not even an attempt at delivery yesterday. This is really amazingly poor service.",@271091 Please contact us through the link ^BV provided so we can look into options with you. ^JP,2017-10-27 23:34:32+00:00,2017-10-27 23:46:00+00:00,115,97
919082,1019512,1019513,"@AmazonHelp Parfait !
Merci pour votre réactivité les CMs :) https://t.co/Q8EqmGNvFn",@361231 A votre service,2017-10-14 16:57:05+00:00,2017-10-14 17:10:00+00:00,84,23
2104261,2104257,2104259,"@AmazonHelp Pues mira (ahora que hay 280 caracteres puedo escribir más), todo lo que he pedido me ha llegado super bien y a tiempo, y es que lo encuentro TODO. Me encantais, vosotros y vuestra página 😍",@621225 280 caracteres no son suficientes para decirte lo mucho que te queremos 💞🙊 ^VL https://t.co/8WPWjwSYVM,2017-11-08 12:43:56+00:00,2017-11-08 12:57:42+00:00,201,110
2170900,2170899,2170901,"@AmazonHelp it is with amazon italy, and i have contacted them multiple times over the last 4 days and the response isn't helpful: ""As it is not yet possible to provide you with a resolution, we continue to work hard to provide an update""","@636797 We'd like to look into this. Please contact my team by clicking here: https://t.co/YqSLjWcfCa, filling all the requested fields. Thank you! ^EA",2017-11-09 12:59:56+00:00,2017-11-09 13:15:00+00:00,238,151
1034753,1034752,1034754,@AmazonHelp Ist mir bei zwei Bestellungen in den letzten 5 Tagen aufgefallen. Jeweils durch DHL versendet,"@364771 Melde dich bitte diesbezüglich über folgenden Link bei uns, damit wir dem nachgehen können: https://t.co/ohyvGrpvrY Gruß ^TR",2017-10-23 06:38:40+00:00,2017-10-23 07:02:00+00:00,105,132
343872,1434948,1434949,@AmazonHelp Please guys improve the feedback process and make it customer efficient. The customer service people sending mail as though its my mistake,@197813 you've received from our Social media team for further assistance. (2/2) ^KA,2017-11-04 09:57:27+00:00,2017-11-04 10:14:00+00:00,150,84
2960435,2960433,2960432,@AmazonHelp AMZL US for a few. I'm not sure on past orders. I'd have to go back and dig into info.,@263586 I'm very sorry for any possible delays. Will you confirm if we missed the agreed upon date provided during check out and in your order confirmation e-mails? Order notifications can be found here: https://t.co/qpkiDH2mhx Let us know if we're late on our promise! ^SK,2017-11-29 20:44:38+00:00,2017-11-29 20:54:29+00:00,98,273
780843,780842,780844,@AmazonHelp Don't have any cash on me guys that's why asked for the card swipe option. Pls make it available. Or else will have to ask guys to come tmrw,"@193280 As mentioned, we'll do our best but we'll not be able to promise the availability. ^HK",2017-10-12 07:09:06+00:00,2017-10-12 07:44:00+00:00,152,94
964970,965045,965056,@AmazonHelp My internet is down right now on my comp. Wil send it tomorrow probably.,"@326613 Sure, as soon as we receive your details. We'll work on it and get back to you at the earliest. ^PS",2017-10-15 12:07:30+00:00,2017-10-15 12:12:39+00:00,84,107
1293667,1293666,1293668,@AmazonHelp Merci. J'ai déjà signalé l'email par ce biais. Je suis à votre disposition si besoin.,"@422524 Je vous remercie :)
^YL",2017-10-16 09:31:09+00:00,2017-10-16 09:35:53+00:00,97,31
852827,852826,852828,"@AmazonHelp If it’s a week past the return window, can I still exchange??? Please say yes",@322593 Our return policy is up to 30 days. You can find more information on this link here: https://t.co/UdWyf3l8UP ^VS,2017-10-20 15:55:25+00:00,2017-10-20 15:58:42+00:00,89,120
2211717,2211713,2211711,@AmazonHelp I cant even get a response now. Its been over a week.,@217205 What's the status of your claim: https://t.co/nwIaxrT2Om? Did an associate say they'd be updating you with the status? ^MG,2017-11-26 14:38:54+00:00,2017-11-26 14:43:29+00:00,65,130
237723,237710,237709,@AmazonHelp __email__ received from this email should I reply to this?,@172597 Yes please. To the same email and we will get back to you with an update. ^HR,2017-10-03 11:35:24+00:00,2017-10-03 11:57:00+00:00,70,85
2402424,2402423,2402425,"@AmazonHelp Did that, spoke to your cc twice. For the delivered item (which was not delivered), they reordered the item. Basically now waiting for 8 days for a product. What’s the point of amazon prime",@691166 Sorry for the hassle with the delivery. We'd like to look into the issue and help you. Please fill this form: https://t.co/beaaDm0muc and we’ll contact you soon. ^RI,2017-11-14 13:51:41+00:00,2017-11-14 14:15:00+00:00,201,173
1406079,1406078,1406080,"@AmazonHelp Al final he conseguido hasta que me llaméis, que todavía es mejor, jeje. Gracias!!!!",@446834 ¡Con gusto! Estamos para ayudarte ^AR,2017-11-13 09:07:42+00:00,2017-11-13 09:10:23+00:00,96,45
233742,233741,233743,@AmazonHelp Entschuldigt bitte die späte Antwort. Der Betreffende Artikel war https://t.co/xllKas9xoi und es handelte sich um ein Blitzangebot. MfG,@171640 Danke für die Rückmeldung! Wir prüfen das. Liebe Grüße ^TA,2017-10-12 07:26:09+00:00,2017-10-12 07:28:25+00:00,147,66
1127161,1127151,1127152,@AmazonHelp Personne répond sur le tchat...,"@330413 Si vous rencontrez un souci à nous joindre par chat, notez que vous pouvez demander à être rappelé par téléphone. ^SA",2017-10-24 10:56:10+00:00,2017-10-24 11:06:00+00:00,43,125
1249713,1249712,1249714,@AmazonHelp I have chromecast only bro😖,"@413213 As informed earlier, I shall forward the feedback to the concerned team. ^HR",2017-10-26 04:22:53+00:00,2017-10-26 04:56:03+00:00,39,84
258708,258707,258709,"@AmazonHelp Let’s see: Tony from logistics admitted the package went to wrong house via gps. Sruthi guaranteed delivery before noon today. Carrie, Lisa,",@173693 I would like a member of our Social Media team to look into this. Please provide your info here: https://t.co/4wRlQMfDwS ^ZW,2017-10-05 20:37:11+00:00,2017-10-05 20:43:52+00:00,152,132
1593601,1593600,1593602,@AmazonHelp @115851 I have already contacted the seller &amp; they conveniently kept quiet; can you increase MRP &amp; give discount? @951,"@489761 I get your concern, please report this to our support team using the link above. We'll look into it. ^PS",2017-10-17 08:55:15+00:00,2017-10-17 09:25:00+00:00,138,112
2526993,2526992,2526994,"@AmazonHelp they refunded, but how about you stop using paper tape?",@719516 I am glad to hear the issue has been resolved. You can leave feedback on the packaging by clicking on the following link https://t.co/TH7UAFZey5 and thank you for raising this to us. ^SA,2017-11-17 14:59:42+00:00,2017-11-17 15:11:00+00:00,67,194
1033084,1033091,1033092,"@AmazonHelp All I need is a day and time as I've wasted so much waiting that it's ridiculous. 
What has been the problem with the delivery anyway?",@364425 I am truly sorry for the wait! Let's reach out to the courier together and discuss further options: https://t.co/JzP7hlA23B ^JZ,2017-10-15 12:27:32+00:00,2017-10-15 12:44:32+00:00,146,135
1420507,1420503,1420502,@AmazonHelp Sim. Já entrei em contato com o suporte e estou em contato direto com a transportadora.,@450233 O que te indicaram nossos companheiros de Suporte ao Cliente? ^DA,2017-10-16 17:52:07+00:00,2017-10-16 17:53:30+00:00,99,73
2710343,2710342,2710344,"@AmazonHelp I'm not upset about late packages, stuff happens. What I'm upset about it that the @118706 carrier that does the Sunday delivery has now, on multiple occasions, put ""unable to access residence"" when the truth is this person has never attempted to deliver my package.",@250590 I can definitely understand the frustration. You can also reach out to us with the link provided earlier so we may leave carrier feedback on your behalf. ^CL,2017-11-26 23:11:32+00:00,2017-11-26 23:22:58+00:00,278,165
288087,288060,288059,@AmazonHelp i dont want any excuse.pickup the product from my address today before 5 PM .after 5 pm i will file a case in @131027,"@184646 I'm sorry about the pending return pick up, revert to our correspondence &amp; we'll check for any updates with your concern. ^MJ",2017-10-11 07:47:10+00:00,2017-10-11 08:19:32+00:00,129,137
1021017,1021016,1021018,@AmazonHelp Do you have a link for Germany? That seems to be UK.,@361607 You can use this link for DE : https://t.co/wWn0qM25US ^MH,2017-10-14 16:26:37+00:00,2017-10-14 16:37:26+00:00,64,66
2292110,2292104,2292106,"@AmazonHelp Delivery date was Sat (yesterday) per the email. Both items were ordered from Amazon, not 3rd party. https://t.co/yF5JfiAOFH",@515583 Can you advise what the last tracking update was for this order? ^KI,2017-11-26 16:15:00+00:00,2017-11-26 16:24:30+00:00,136,76
2720022,2720021,2720023,"@AmazonHelp No. However I called again and the issue has now been resolved, sort of. I had to re-order the item and get a refund for the first but after 10 years of shopping regularly with Amazon, I don't think I'll be using your service again.",@763262 Glad to hear it's resolved - sorry again about the issues ^TD,2017-11-20 09:25:27+00:00,2017-11-20 09:31:00+00:00,244,69
280441,280440,280442,"@AmazonHelp Did you sleep or did not respond, you will refund my tweets or not",@170829 We've responded to your query via DM. Please refer. ^GS,2017-10-06 11:53:42+00:00,2017-10-06 12:12:48+00:00,78,63
312095,312093,312091,@AmazonHelp Its through the online chat,"@190543 When you chatted with us, were we able to help get a return set up for the item? ^EP",2017-10-07 03:50:19+00:00,2017-10-07 03:58:53+00:00,39,92
2767503,2767500,2767499,@AmazonHelp Je sais pas j'ai pas encore pu l'essayer mais là il y a eu un problème sur la livraison : visiblement le livreur était pas intéressé par le contenu mais y a très clairement intention de vol.,"@773888 Si vous constatez un dysfonctionnement au niveau de votre article, n'hésitez pas à le signaler à notre service client afin qu'il prenne les mesures nécessaires, via: https://t.co/hgIrz98cdI ^FT",2017-11-21 11:14:01+00:00,2017-11-21 11:19:00+00:00,202,201
1690790,1690782,1690780,@AmazonHelp plusieurs commandes passes recemment soit perdues soit des couettes deposee en boite aux lettres 🤔 et la livraison prenium plus assuree,@419289 Cela aurait été avec un grand plaisir mais ce n'est pas possible! Et désolée encore une fois pour ces incidents.^FT,2017-11-06 20:31:07+00:00,2017-11-06 20:39:00+00:00,147,123
2856742,2856741,2856740,@AmazonHelp Cómo puedo checar eso?,"@794001 César, te hemos respondido por Mensaje Directo. ^CR",2017-11-27 21:04:37+00:00,2017-11-27 21:15:01+00:00,34,59
1311230,1311222,1311223,@AmazonHelp Yeah said it would be delivered within 24 hours nothing arrived yesterday said wait another 24 hours and still nothing?,@426407 Oh no! Please allow us another chance to review available options with you here: https://t.co/JzP7hlA23B ^AB,2017-11-05 13:43:28+00:00,2017-11-05 14:02:00+00:00,131,116
947725,947726,947727,@AmazonHelp Despite giving you details. Nothing happened. Almost a week. What a service! It is pathetic.,"@344747 If you have shared your details with us, you can spot our response here:  https://t.co/DTSNmGldJf. Do keep us posted. ^CB",2017-10-26 17:39:38+00:00,2017-10-26 17:43:01+00:00,104,129
1567482,1567488,1567490,@AmazonHelp Donc ou est mon colis et pq j’ai pas ete livrée en temp et en heurs,"@483726 N'ayant pas accès à votre compte via Twitter, je vous prie de contacter directement notre SAV. ^MA",2017-11-04 17:28:51+00:00,2017-11-04 17:33:30+00:00,79,106
1661793,1661791,1661794,@AmazonHelp They just said they don’t use that label and I would have to pay. But I have a prepaid label,"@393011 Hi Rachel, what carrier name is printed on the label? ^TS",2017-11-06 09:14:01+00:00,2017-11-06 09:28:00+00:00,104,65
1133527,1133526,1133528,"@AmazonHelp Oui je viens de voir merci, le problème c'est que je n'ai pas l'article et dans votre lien vous demandez un retour sur l'article","@387089 Je vous invite à sélectionner les mêmes choix relatés sur l'imprimé écran 👇 
https://t.co/m512fqNn1y]  ^BH https://t.co/pPJ146rYsE",2017-10-15 15:11:25+00:00,2017-10-15 15:21:04+00:00,140,138
2924510,2924506,2924508,"@AmazonHelp Third-party, LG to be specific",@809241 We would love to look into this more for you in real time. Please contact us via phone or chat here:  https://t.co/hApLpMlfHN ^LM,2017-11-29 03:08:38+00:00,2017-11-29 03:15:01+00:00,42,137
2292092,2292091,2292093,@AmazonHelp Yes it’s my details on the label and everything was ordered fulfilled by amazon. I’m thinking someone may have put the wrong label on the boxes like it was a mix up,"@665660 We are unable to view the account details in the course of communications through social media out of respect for your accounts security, please contact us for real time support by phone or chat.  You can select either method from here:  https://t.co/hApLpMlfHN
^CH",2017-11-26 16:14:45+00:00,2017-11-26 16:23:33+00:00,176,273
2884176,2884175,2884181,@AmazonHelp package arrived to Nairobi Kenya on Saturday and up to now status is custom clearance delay with no further communication,@800071 Sorry to hear about this. Who is the carrier of your order? You can find the carrier info here: https://t.co/aaDyEz1VgE What did we advise when you contacted us? ^MI,2017-11-28 11:18:32+00:00,2017-11-28 11:37:27+00:00,133,173
301798,301797,301799,@AmazonHelp I tried it and the MLB network feed won't load. The audio for the radio broadcast works but not mlbn-nat https://t.co/6qD8ALYmRV,@188005 We'd love to help further! For more tech support we'll need you to call or chat with us here:  https://t.co/hApLpMlfHN ^JD,2017-10-06 21:36:19+00:00,2017-10-06 21:39:28+00:00,140,130
724578,724577,724579,"@AmazonHelp Danke für die Antwort, werde ich sofort erledigen 😀👍","@293545 Immer wieder gerne! Und nimm bitte ALF die Flasche weg...kann nicht sehen, wir er leidet und so daliegt... ^DW",2017-10-11 06:33:38+00:00,2017-10-11 06:36:32+00:00,64,118
2420280,2420274,2420275,@AmazonHelp Supporte team not help me properly after 24 hours I will goes to Mumbai high court against Amazon India,@695254 I'm sorry for the delay. I'd like to help you. Please fill this form: https://t.co/beaaDm0muc and we’ll contact you soon. ^RI,2017-10-29 13:59:02+00:00,2017-10-29 14:21:00+00:00,115,133
429066,429070,429071,"@AmazonHelp N° DE COMMANDE
403-4401776-1509903
car y a pas de numero de suvi",@217039 2/2 Le numéro de suivi est indiqué dans l'e-mail de confirmation d'expédition. ^ARC,2017-10-10 14:37:45+00:00,2017-10-10 14:44:01+00:00,76,91
1432326,1432321,1432319,@AmazonHelp Filled the form already but I needed phone urgently as I going out of station tmrw 2pm but considering ur service I have no expectation now.,"@452590 As you've shared your details, we'll work on it and get back to you at the earliest. ^HN",2017-11-02 13:20:08+00:00,2017-11-02 13:24:00+00:00,152,96
1041631,1041625,1041628,@AmazonHelp Also called customer service no help :(,"@366342 Unforeseen circumstances may cause delays. However, we'd like to address recurring delivery problems. When you spoke to us, we're we able to discuss this delivery issues? If so, what insight was offered? ^LH",2017-11-21 01:05:53+00:00,2017-11-21 01:15:32+00:00,51,215
2337593,2337585,2337587,@AmazonHelp I have not received any mail from your side!!,@432205 Kindly click on the link here https://t.co/fYrzNInVt2 to find a correspondence sent to you. 2/2 ^RD,2017-10-20 05:52:37+00:00,2017-10-20 06:14:41+00:00,57,107
1426767,1426765,1426769,@AmazonHelp Nothing is showing related to this case,"@325008 As mentioned earlier, please reply to the email you've received from our team or kindly resubmit the details (1/2) ^KA",2017-11-02 05:03:36+00:00,2017-11-02 05:22:27+00:00,51,126
1429185,1429184,1429187,@AmazonHelp So the first 10000 or so buyers r basically Guinea pigs🤔OK thanks 4 d warning. It looked to me like u didnwannasell to all paying customers.,"@451963 If you have requested an invite, we will honor your request and send you an invite. Due to heavy demand, we send 1/2 ^PS",2017-11-02 06:51:27+00:00,2017-11-02 06:58:23+00:00,152,128
759767,759766,759768,@AmazonHelp geht das auch in der Android und iOS App?,@301538 In der Shopping-App unter Einstellungen -&gt; Speicher verwalten. ^MS,2017-10-11 20:07:46+00:00,2017-10-11 20:23:44+00:00,53,77
180913,180894,180901,@AmazonHelp @115850 I'm terribly FRUSTRATED for this situation. Kindly revert to the email sent to you by ME and connect with ME on this.,"@158497 If you've replied to our email, we'll gt back to you soon on high priority. ^VR",2017-10-09 05:40:18+00:00,2017-10-09 07:29:00+00:00,137,87
438907,438904,438903,@AmazonHelp I was told I would be receiving it this morning last night 2/2,@219264 Hmm- It may not have updated yet for this morning. Can you contact us via chat or phone here: https://t.co/JzP7hlA23B we ^NV,2017-10-11 09:36:22+00:00,2017-10-11 09:46:00+00:00,74,132
777850,777857,777859,@AmazonHelp cntct no. 7838100305 and amazon acnt id is __email__ and amazon cstmr care told me for refund but i only want my product not refund,@305710 details through the link provided above so we can look into the issue and get back to you. 2/3 ^SH,2017-10-12 05:18:40+00:00,2017-10-12 05:30:08+00:00,143,106
862550,862549,862551,"@AmazonHelp Finally, the customer support is there to support customers and not sellers. This is fundamental. This can't be solved by your call center.",@276629 When reported to Seller Support what was advised? Have you looked at the requirements here:https://t.co/Y4qYQkuXrU ^NV,2017-10-18 06:23:54+00:00,2017-10-18 06:33:00+00:00,151,126
2894655,2894654,2894656,@AmazonHelp Thanks for the reply. I’m trying on the mobile site and there’s definitely no browse button...,@799064 Thanks for the additional information! There currently isn't an option through the app to upload pictures. You can follow the same steps provided by ^SP using a browser on your phone to access Amazon and upload the pictures there. ^HM,2017-11-28 20:01:05+00:00,2017-11-28 20:16:26+00:00,106,242
1912666,1912665,1912667,@AmazonHelp Nn c’è qualcosa per chi fa tanti acquisti su Amazon... tipo una carta gold o qualcosa del genere?,"@569725 Al momento non abbiamo questo tipo di iniziative, mi spiace! ☺️ ^GA",2017-10-18 20:02:38+00:00,2017-10-18 20:30:16+00:00,109,75
585722,585724,585725,@AmazonHelp How do I select power down?,@187903 Please hold down the power button until the device shuts off. Keep us posted. ^CO,2017-12-03 15:22:31+00:00,2017-12-03 15:25:29+00:00,39,89
1751758,1751756,1751755,"@AmazonHelp USPS won’t deliver my pantry order as it’s too heavy, they want me to go collect it, so I paid for delivery and now i don’t have it",@527783 We'd like another chance to address this! Pls reach us here: https://t.co/hApLpMlfHN Keep us updated once you contact us! ^KN,2017-10-17 21:13:11+00:00,2017-10-17 21:22:38+00:00,143,133
30544,30519,30522,@AmazonHelp One can get so hassled filing up your forms that would want to give up on the issue at hand. Feels like a mistake to bring it up.,@122720 I understand your concern. Please share your details in the link provided earlier and we'll get back to you. ^HD,2017-11-02 01:46:39+00:00,2017-11-02 02:01:25+00:00,141,120
1388403,1388405,1388406,"@AmazonHelp Not the point though is it? If I hadn't noticed the transaction, I'd have been paying for something I didn't ask for or even know I had","@443017 My apologies Jade. When a subscription is taken out, we do send a confirmation e-mail. ^DC",2017-10-28 11:34:42+00:00,2017-10-28 11:39:03+00:00,147,98
2599700,2599699,2599701,"@AmazonHelp Not so far, since it hasn't shipped or changed date despite being due to deliver tomorrow I just assume it's delayed.

Customer service said they won't help until it doesn't arrive tomorrow by 8pm.","@135210 It's not unusual for order to be dispatched close to the delivery date, please keep us updated. ^JJ",2017-11-17 06:39:11+00:00,2017-11-17 06:43:30+00:00,209,107
226702,226694,226696,@AmazonHelp Still didn't get a refund of my item. It's more then 7 work days,@170116 Apologies. Just to clarify - did you receive the email confirmation that we have completed a refund 7 days ago ? ^TD,2017-10-09 10:55:01+00:00,2017-10-09 11:01:28+00:00,76,124
2935217,2935219,2935220,@AmazonHelp 'Delivery By Amazon Shipping' - how do I go about returning this for a full refund?,@811534 You can check your return and refund options here: https://t.co/csFD7WniSO. ^TI,2017-11-29 12:55:27+00:00,2017-11-29 13:03:00+00:00,95,87
2898951,2898950,2898952,"@AmazonHelp No , it didn't include an estimated delivery time.","@803130 Thanks for getting back to us! In this case, we'll email you with an update as soon as we have a delivery date for your order. So be sure to keep an eye out! ^GS",2017-11-28 17:59:45+00:00,2017-11-28 18:07:00+00:00,62,169
2890545,2890544,2890546,"@AmazonHelp First time it’s been left outside my front door. Items are ok, just glad no one stole them",@801371 Please let us take feedback by using this link: https://t.co/JzP7hlA23B ^DO,2017-11-28 16:04:37+00:00,2017-11-28 16:08:00+00:00,102,83
759734,759719,759721,"@AmazonHelp What about now @AmazonHelp
We are in mid October
FFS",@301530 I'm sorry but I didn't really follow that. Could you elaborate please? ^HA,2017-10-11 19:34:33+00:00,2017-10-11 19:50:00+00:00,64,82
1427964,1427962,1427961,"@AmazonHelp That worked, and I️ placed my order, but it seems like it turned off Touch ID. How do I️ get Touch ID back? Turned it on in settings","@424563 If you go in to your settings on your phone, you'll look for ""Amazon"". Click that and you'll see the option to turn on/off. ^KN",2017-11-06 15:22:30+00:00,2017-11-06 15:33:36+00:00,144,135
380727,380726,380728,@AmazonHelp Unable to do so. It does not have an option wherein I can select “product not received”,"@206307 I'd like to take a closer look into this, please share your details here: https://t.co/GIJyeYqKE0. ^AG",2017-10-09 09:50:07+00:00,2017-10-09 10:30:33+00:00,99,110
510416,510415,510417,@AmazonHelp It said sold by https://t.co/5EDqcthUmq LLC,"@237263 Thanks for that, Caitlyn! For us to best assist you, will you confirm who the carrier was for this order? ^CS",2017-12-03 17:59:00+00:00,2017-12-03 18:16:26+00:00,55,117
2372144,2372146,2372147,@AmazonHelp Anxiety problems prevent me using the phone. Never thought about chat via internet so could try that.,"@222184 Please do, we'll be happy to investigate. Keep us posted. We want to ensure your issue has been fully addressed. ^TP",2017-10-29 11:05:36+00:00,2017-10-29 11:15:00+00:00,113,124
909910,909900,909902,@AmazonHelp My packages were ordered two days ago and are supposed to be delievered today. Now it shows estimated delievery before Oct 25th.,"@336125 To confirm, who is the carrier for your orders? If unsure, please check here: https://t.co/tNwLsmXeh9.",2017-10-21 06:10:28+00:00,2017-10-21 06:22:01+00:00,140,110
230844,230843,230842,@AmazonHelp If you want to call me DM me,"@170971 Hey Jennifer, were you given a reason for the order cancellation? ^AS",2017-10-05 09:56:54+00:00,2017-10-05 10:11:00+00:00,40,77
2292301,2292300,2292302,"@AmazonHelp Echo was suddenly unaware of Music Unlimited sub.  This was coupled with an inaccuracy in two Digital Purchases areas that muddied the waters. Factory reset ultimately fixed it, so issue is gone, but...  dreadful support for a trivial issue.",@665704 Thanks for letting us know this has been sorted. I can understand your concern regarding your chat. Please let us know if anything else pops up. ^KP,2017-11-15 16:49:57+00:00,2017-11-15 16:56:00+00:00,253,156
2456057,2456056,2456058,@AmazonHelp お仕事お疲れ様です。ご丁寧にありがとうAmazonさん。 再配達にならないようにしたいです,@703553 とんでもないことでございます。お気遣いありがとうございます。今後も万が一お困りのことがございましたら、ご遠慮なくお知らせください。 YM,2017-11-15 04:39:22+00:00,2017-11-15 04:45:25+00:00,57,76
651431,651429,651428,@AmazonHelp It's definitely not 35 cms. Plus i dont get a return option on the page even though it says returnable upto X date. https://t.co/I8PjSxRkCk,@274936 Sorry for the hassle. Please report this to our support team here: https://t.co/vlvfJr4nN9 and we'll check this. ^HN,2017-10-31 11:19:23+00:00,2017-10-31 11:24:00+00:00,151,124
1125331,1125330,1125332,"@AmazonHelp the estimate is provided but I need it before. The product is fulfilled by Amazon. Plz, find some way so that it can be delivered tomorrow.",@385335 Kindly wait until the mentioned time frame for the delivery of the order. Appreciate your understanding. ^AK (2/2),2017-10-24 08:40:55+00:00,2017-10-24 09:04:28+00:00,151,122
2343925,2343921,2343923,@AmazonHelp I was emailed on the 21st of September saying it would be 2-3 business days. Never received it,@677878 Oh dear!  I am sorry that your refund has still not arrived.  Please reach out to us here for further assistance:   https://t.co/hApLpMlfHN  ^SP,2017-11-13 15:49:49+00:00,2017-11-13 15:59:00+00:00,106,152
1675559,1675558,1675560,@AmazonHelp Yes. Had sent concern about the bill received. It's been ignored. Any reason?,@307929 Sorry for the miss. Please fill this form: https://t.co/beaaDm0muc and we'll check it for you.  ^RI,2017-11-06 14:23:29+00:00,2017-11-06 14:53:29+00:00,89,107
815554,815551,815552,@AmazonHelp Thanks. Can you please help me with escalation matrix of your organization.,@314206 We're look into the issue and will update you here: https://t.co/DTSNmGldJf. ^JS,2017-11-08 11:42:51+00:00,2017-11-08 12:08:29+00:00,87,88
235187,235185,235188,@AmazonHelp I can't explain it b'coz it's to long,"@172009 Mitul, we'd like take a closer look, please drop in your details here: https://t.co/GIJyeYqKE0 and we'll reach out to you. ^MS",2017-10-05 13:44:50+00:00,2017-10-05 14:11:02+00:00,49,134
1742628,1742627,1742630,@AmazonHelp Got it last night but it was too late &amp; agent's contact number was switched off constantly,@525669 Please fill in your details using the link: https://t.co/JzRdscmdH9 and I'll get in touch with you soon. ^AK (2/2),2017-11-08 08:13:02+00:00,2017-11-08 08:35:26+00:00,106,122
838666,838665,838668,@AmazonHelp Not problem Right know everyone your service system .,"@319560 If you’d like, please feel free to repost without your order number/phone number/email address/tracking number.^SU(1/2)",2017-10-13 10:58:16+00:00,2017-10-13 11:20:30+00:00,65,127
273156,273155,273157,"@AmazonHelp Amazon, era para el lunes 2 de Octubre.","@181235 ¿Recibiste confirmación de que fue enviado? SI es así, ¿qué indica la información de seguimiento del paquete? ^AR",2017-10-06 04:26:17+00:00,2017-10-06 04:29:00+00:00,51,121
635659,635657,635655,@AmazonHelp So amazon kindle is only available in black and white display?,"@270739 Yes, the Amazon Kindle eink is only available in a black and white display. ^VS",2017-11-22 17:20:53+00:00,2017-11-22 17:25:00+00:00,74,87
1766873,1766879,1766880,"@AmazonHelp Refund my prepaid credit card that I threw away when it was empty, or store credit.",@325125 Credits will show up during the checkout process if the order is shipped and sold by Amazon. Have you gone through checkout? ^AF,2017-11-07 22:49:46+00:00,2017-11-07 23:02:29+00:00,95,136
2128506,2128505,2128508,@AmazonHelp I filled it in yesterday as well,"@149070 If you have filled in your details earlier, I believe we must have already got back to you on this via email. 1/2 ^AB",2017-10-19 08:49:39+00:00,2017-10-19 09:22:50+00:00,44,125
2510682,2510681,2510684,"@AmazonHelp 6.0 all app upto date....
Now worked",@715652 Could you please confirm if you were able to purchase the prime membership? ^KC,2017-10-30 04:58:24+00:00,2017-10-30 08:06:00+00:00,48,87
1661480,1661472,1661470,@AmazonHelp thanks - trying that now,@506763 Ok. ^KM,2017-11-06 08:39:23+00:00,2017-11-06 08:49:52+00:00,36,15
109786,121044,121045,"@AmazonHelp Não diz isso :( kk vou rezar pra q sobre no estoque e vcs prolonguem até a próxima semana então, obg!",@142941 Nada João! Abraço! ^JJ,2017-11-24 00:07:42+00:00,2017-11-24 00:11:29+00:00,113,30
1686803,1686805,1686806,@AmazonHelp Just send you detailed sequence of events. Please go through it.,@244623 sent to your registered email address here https://t.co/8DAc10S7ww. (2/2) ^VM,2017-11-07 06:38:35+00:00,2017-11-07 07:07:27+00:00,76,85
1919884,1919886,1919887,@AmazonHelp I can dm you the order #'s to get them redelivered. Both were supposed to be delivered by Amazon carriers,@571567 We don't have account access on Twitter. Please contact us via phone or chat:  https://t.co/hApLpMlfHN ^MW,2017-10-18 15:24:57+00:00,2017-10-18 16:03:00+00:00,117,114
180720,180719,180722,@AmazonHelp I have exchanged extensive mails with customer support and the resolution provided is ridiculous to say the least. Kindly check @115850,"@158476 I apologize for the trouble, I'd like to have a closer look into this. Kindly fill in your details here: 1/2^EM",2017-10-05 05:43:35+00:00,2017-10-05 06:28:27+00:00,147,119
98611,98609,98608,@AmazonHelp Just opened it and I don't see anything that would appear to be due to the damage there. I see some marks but seems from manufacturing which isn't a big deal.,"@137581 Thanks for keeping us in the loop, Justin! We're always striving to improve our customers' experiences and feedback like yours is appreciated. To send us feedback on packaging, please check here: https://t.co/OsZuT6ZVBC. Let us know if you have further concerns. ^TG",2017-11-30 16:48:31+00:00,2017-11-30 16:55:29+00:00,170,274
108134,108132,108130,@AmazonHelp But I thought Prime membership meant next day?,"@140005 Prime Benefits include One-Day delivery, which takes one business day after dispatch, including Saturdays but not public holidays. A full list of benefits can be found here: https://t.co/pQ1cdHx78b ^MB",2017-11-23 19:34:04+00:00,2017-11-23 19:39:24+00:00,58,209
473331,473301,473303,@AmazonHelp Je le zyeutais depuis un moment et j'allais le prendre 😂 Tres très fort. Merci merci merci.,@227701 https://t.co/QjZosZmQJQ,2017-12-01 09:47:02+00:00,2017-12-01 10:08:01+00:00,103,31
340501,340500,340502,@AmazonHelp ほしいものリストから誰かが贈ってくれたもののようです。カスタマーサービスに問い合わせて、それが何か知ることはできますか？,@197327 申し訳ありません。その場合商品名などをお伝えすることができないため、お受取りいただきご確認いただくこととなります。SK,2017-10-08 00:45:34+00:00,2017-10-08 00:52:00+00:00,72,67
1503904,1503897,1503895,@AmazonHelp i'm going to call customer service now thank u 🤗,@469062 We're still here if you need to reach back out! Let us know how your conversation goes! ^KJ,2017-11-03 16:05:18+00:00,2017-11-03 16:10:00+00:00,60,99
1258200,1258202,1258203,@AmazonHelp Shows 6-9pm doorstep today.,"@414826 Have you contacted us about the missing order: https://t.co/hApLpMlfHN? If so, what options were provided? ^KB",2017-10-16 05:21:11+00:00,2017-10-16 05:26:00+00:00,39,118
1269608,1269604,1269606,"@AmazonHelp ご案内を頂きありがとうございます。

出品者へ問い合わせてみます。",@417264 大変お手数をおかけしますが、どうぞよろしくお願いいたします。 EK,2017-10-17 11:55:11+00:00,2017-10-17 11:59:00+00:00,45,41
402581,404100,404102,@AmazonHelp The help was that @115850  offered me $3 as compensation 😂😂😂. Treat it as a good luck token from me😊😊. Gbu guys. Cya.Cheers #noprime,@211239 I sense your upset with us. I'm sorry about the unpleasant experience. Your feedback has been shared with the concerned team. ^HA,2017-10-10 15:19:33+00:00,2017-10-10 15:49:25+00:00,144,137
2914591,2914590,2914592,"@AmazonHelp Claro, cancelé Amazon Prime pero me llegó el cargo de la membresía a mi tarjeta","@806792 Lamento los inconvenientes. Recomiendo entrar en contacto directamente con nuestro Servicio al Cliente, para que verifiquen lo ocurrido: https://t.co/beR78zMMYB ^CR",2017-11-28 23:07:54+00:00,2017-11-28 23:13:30+00:00,91,172
1240536,1240534,1240533,@AmazonHelp I already had word with them still waiting for resolution,"@410970 I’d like to take a closer look at this issue, please fill this form: https://t.co/beaaDm0muc and I’ll contact you soon. ^SC",2017-11-09 09:39:11+00:00,2017-11-09 09:50:53+00:00,69,131
156707,156710,156711,"@AmazonHelp Update: I got the dispatch email, checked my order, confirmed its arriving monday 😊 https://t.co/Zv6ckDbPab",@116747 Thanks for keeping us updated! Hope you have a great rest of your day. ^LI,2017-11-25 01:08:58+00:00,2017-11-25 01:15:31+00:00,119,82
2893238,2893237,2893235,@AmazonHelp Yes. But your customer service only wants to pass the buck. Waiting for a call back from you. Let's see.,"@801349 Thanks for the confirmation, Rajiv. Our team will check and get back to you with an update soon. Request you to wait. ^NK",2017-11-28 15:19:27+00:00,2017-11-28 15:22:00+00:00,116,129
179945,179941,179944,@AmazonHelp This is not only the pickup delay there are also the amazon agent fake promises which hurt me more and deliver the faulty product.,@158357 We apologize for the inconvenience. Please contact us from the link given earlier and we'll be sure to help you. ^ZH,2017-10-04 12:38:11+00:00,2017-10-04 12:40:29+00:00,142,124
2734292,2734291,2734293,"@AmazonHelp i live in the uk, do you have a uk version of that link?","@766358 Sorry about that! Yes, we do! You can reach out to us here: https://t.co/JzP7hlA23B ^HM",2017-11-20 20:03:38+00:00,2017-11-20 20:06:00+00:00,68,95
1190198,1190197,1190199,"@AmazonHelp Order was 2 roads away on map but not arriving so wanted update as urgent, agent requested refund I didn’t ask for, delivery got cancelled","@399746 Hmm, I'm not sure why they did that. Did they send you an e-mail with the details as to why they did this? ^KI",2017-11-26 14:53:55+00:00,2017-11-26 14:58:27+00:00,150,118
1184667,1968376,1968377,"@AmazonHelp Da beide Pakete tatsächlich gestern kamen, habe ich nicht mehr nachgefragt.",@398589 Das freut uns zu lesen. Hab noch einen schönen Tag. ^TG,2017-11-08 10:40:01+00:00,2017-11-08 10:53:00+00:00,87,63
1427974,1652974,1652975,@AmazonHelp Thank you for quick response,@451696 You're welcome. ^AP,2017-11-06 08:08:10+00:00,2017-11-06 08:10:25+00:00,40,27
771729,771728,771730,"@AmazonHelp 返信ありがとうございます！
確認メール来ましたのでお支払い致します。","@304322 恐れ入ります、よろしくお願いいたします。
今後ともご利用の際に何かお困りのことなどあれば、いつでもご遠慮なくお問い合わせください。RI",2017-10-12 03:22:49+00:00,2017-10-12 03:38:55+00:00,46,75
2124747,2124749,2124750,"@AmazonHelp No, it literally just said I wouldn’t get it today? Like so odd cos on the tracker you could see it getting nearer and nearer! Just seems a waste of a day that’s all making sure someone was in so I could receive the parcel ☹️.",@625769 That is odd and I do apologise for the delay! Do you have a safeplace set for the parcel to be left if there is no one in? ^KH,2017-11-08 20:42:45+00:00,2017-11-08 20:53:04+00:00,238,134
889485,889478,889479,"@AmazonHelp おはようございます。朝から失礼致します。
カスタマーサービスから返信が来たのですが、メールの形式が合わないために内容が読めません。
どうしたら良いでしょうか。 https://t.co/l9mHe3Dzbf",@331170 (2/2)HTML形式のメールが正常に受信いただけていない状況かとお察しいたします。お手数ですが以下ページ内の「Eメールの設定」から、Eメール形式をテキスト形式に変更していただければと存じます。https://t.co/JA7syV6qve YM,2017-10-20 22:41:03+00:00,2017-10-20 23:39:42+00:00,115,131
2558520,2558519,2558521,@AmazonHelp Un bloqueador solar y unas sombras para los ojos. 😁,"@726325 ¡Se nota que disfrutas del sol y posiblemente también de viajes a la playa, que bien que ya tienes todos los productos necesarios para pasarla bien durante el verano! ^CB",2017-11-16 19:35:19+00:00,2017-11-16 19:40:32+00:00,63,178
1137940,1137937,1137939,"@AmazonHelp If would have known this I would booked on this offer, the fact is only Diwali offer is good, all the consumer should look for Diwali offer",@388029 Our intention is never to let you down. I'll ensure to share your comments to work on. ^CB,2017-10-15 15:46:56+00:00,2017-10-15 16:00:36+00:00,151,98
1259313,1259315,1259318,"@AmazonHelp C'etait le cas, je viens de remarquer, livreurs pourris 😱 merciii je vais pvr commencer la lecture @12223",@415052 1/3 C'est noté ^^ Nous vous réitérons nos excuses quant à la gêne occasionnée.,2017-10-26 15:20:40+00:00,2017-10-26 15:39:00+00:00,117,86
1379339,1379338,1379340,"@AmazonHelp Mi rendo conto che magari ci sono difficoltà, ma in questo modo entrambe le aziende restano indietro ai propri concorrenti più diretti.","@441123 Ogni eventuale novità sarà prontamente annunciata online. Grazie per il tuo interesse e per il tuo feedback, a presto! ^GD",2017-10-17 14:44:42+00:00,2017-10-17 14:53:31+00:00,147,130
396929,396899,396901,@AmazonHelp Ur customer rep called ur courier partner &amp; confirmed that order was still with them &amp; will be delivered eod and delivery status was false.,"@210014 Just to ensure, did you happen to share your details with us via the secure link? Do let us know. ^CB",2017-10-17 09:24:10+00:00,2017-10-17 09:43:00+00:00,159,109
534093,534098,534099,@AmazonHelp I sent you the details,@243705 Thank you for providing your information. A specialist will be in touch as soon as possible.^TI,2017-12-02 12:30:10+00:00,2017-12-02 12:32:29+00:00,34,103
1514329,1514333,1514334,@AmazonHelp There's no number on that link,"@471367 Once you click on the link and sign in, you will have the ability to select the 'phone' option! We hope this helps. ^JD",2017-11-03 19:26:54+00:00,2017-11-03 19:34:00+00:00,42,127
354421,743338,743340,@AmazonHelp Not received any after 8 Oct in which they asked for details that I replied.,@200255 Apologies for hassle. I have just checked that we've not received your details in the link: https://t.co/beaaDm0muc.(1/2)^SF,2017-10-14 03:57:54+00:00,2017-10-14 05:38:25+00:00,88,132
1566746,2502228,2502230,@AmazonHelp @115851 As usual your delivery boys without attempting delivery has updated that package refused by buyer and u are launching amazon key,@483574 I’m sorry about the issue you’re facing with delivery. Please share your details from (1/2)^HR,2017-10-30 04:30:00+00:00,2017-10-30 04:59:00+00:00,148,102
643769,643766,643765,"@AmazonHelp Installment amount should be Rs. 3,167 according to the offer. https://t.co/2pprdRfYNU",@272838 I understand your concern. Could you confirm if you've reached out to our support team using the link shared earlier? ^ST,2017-10-13 05:10:00+00:00,2017-10-13 05:25:00+00:00,98,129
2715164,2715162,2715160,"@AmazonHelp The message that followed said that I would be refunded in the next 3-5 buisness days, so I will get a refund?","@197335 Yes, Kevin. You will receive your refund within 3-5 business days, depending on your financial institution, it can be sooner. ^SY",2017-11-20 05:20:38+00:00,2017-11-20 05:24:30+00:00,122,137
1573600,1574278,1574279,@AmazonHelp How soon. I am waiting for so long and no resolution yet. Its upto you to keep your customer or not. I will wait today morning for my order,"@455422 I get your concern, Rajeev. We've sent a correspondence to your registered email. Please check your inbox for the same. ^SV",2017-11-04 19:32:07+00:00,2017-11-04 19:49:49+00:00,151,131
2640939,2640937,2640936,@AmazonHelp The last two have been USPS--can't remember what the first one was. I tried calling them but can't get any real info :(,@376552 Please give us a call or chat with us here:  https://t.co/hApLpMlfHN so we can research further. ^SC,2017-11-17 21:51:37+00:00,2017-11-17 22:01:28+00:00,131,108
98652,98650,98649,@AmazonHelp I've looked everywhere and checked with my neighbours and the parcel is not there. I would imagine someone has taken it as it was left in plain sight.,"@137591 Have you contacted us via the link ^SM provided? If so, what were you advised? Let us know! ^MW",2017-11-30 16:47:14+00:00,2017-11-30 16:51:01+00:00,162,103
1148290,1148289,1148291,@AmazonHelp Prime Customer. Delivery 2 days late. Lied to by 2 of your reps. Please check out details and respond,"@389871 We don't have access to your account via Twitter, but we'd like to help! Can you tell us more, w/o personal or acct info? ^LB",2017-10-15 17:10:25+00:00,2017-10-15 17:24:32+00:00,113,133
1259305,1259295,1259297,@AmazonHelp Nope. I put the password in and since the app updated it wants to verify my identity. So it has sent a verification code (6 digits).,@415050 Have you gotten in touch with us directly regarding this issue? ^NV,2017-10-26 09:15:03+00:00,2017-10-26 09:18:33+00:00,144,75
917954,917956,917957,"@AmazonHelp Yes, it asked me to contact them from the e-mail address I told them I couldn't access anymore.","@327457 I'm very sorry you still haven't gained access to the account! When you used the call feature to contact us, what were you advised by our agent regarding the account? ^TH",2017-11-25 16:48:17+00:00,2017-11-25 17:05:37+00:00,107,178
180139,180133,180134,"@AmazonHelp Any updates, issue still not resolved. What else i have to do. This is how escalation works in amazon.",@158389 We are working on the issue. We'll get back to you at the earliest. ^SB,2017-10-08 09:01:50+00:00,2017-10-08 11:39:00+00:00,114,79
2151996,2151998,2151999,@AmazonHelp Any idea about delivery of product? Already maximum days passed. If u can't solve the problem just cancel the order. Please!!,@269131 An email has already been sent with a reply. Kindly check it from the link shared here: https://t.co/NTkrxpsbHJ ^HR,2017-11-29 04:41:37+00:00,2017-11-29 05:04:00+00:00,137,123
2817160,2817159,2817161,@AmazonHelp The carrier info says you guys are delivering it. It’s been in chino since Sunday morning. Can’t even get an update to what’s going on. Going on two days past the “guaranteed” delivery date. https://t.co/fWGYkPCU0x,"@785320 We'd like to escalate this issue to our transportation department for you! With as much detail as possible (including order and/or tracking number), please provide your information for us here: https://t.co/Bmhn5sIeBh ^BV",2017-11-28 03:44:43+00:00,2017-11-28 03:56:30+00:00,226,229
585757,585756,585758,"@AmazonHelp Que le colis était initialement prévu vendredi, et qu'il a été reprogrammé aujourd'hui.","@258290 Entendu, tenez nous au courant en cas de besoin. ^KD",2017-12-03 15:02:05+00:00,2017-12-03 15:14:30+00:00,99,60
1032723,1032726,1032727,@AmazonHelp Give a Toll Free # so that we can give your team our piece of mind which has robbed our peace Gurgaon Dispatch Center really needs Kick,"@200617 Please get in touch with us here: https://t.co/vlvfJr4nN9 via phone, enter your number &amp; language to call. We'd call you. ^BS",2017-10-23 13:20:13+00:00,2017-10-23 13:48:23+00:00,147,137
1314369,1314375,1314376,"@AmazonHelp Ah bon, c'est la première fois que je vois ça, surtout pour un jeu vidéo.. Un temps supplémentaire de traitement. Mdr","@208983 Je comprends parfaitement votre réaction, mais Amazon essaye de proposer cette option autant que possible ^KD",2017-10-16 11:58:53+00:00,2017-10-16 12:02:00+00:00,129,117
332038,332040,332042,"@AmazonHelp I was in contact with amazon customer service,but they deniedNow what can you do?while my iPhone has been replaced by @115858 service centre! https://t.co/goni4tq6yt",@195059 We're glad that you were able to claim the warranty with the manufacturer. (1/2) ^AP,2017-10-08 05:30:32+00:00,2017-10-08 06:58:00+00:00,177,92
2385517,2398897,2398898,"@AmazonHelp Sí, claro. No ha sido la devolución, pero me sirve también, porque quiero comprar más cosas.","@389714 Nos alegra saber que estás satisfecho con nuestro servicio Topofarmer, estamos a tu disposición. ¡Que tengas un lindo día!  ^AZ",2017-10-20 11:21:31+00:00,2017-10-20 11:32:33+00:00,104,135
1751556,1751553,1751551,@AmazonHelp I pre ordered an item -was supposed to arrive today and it didn't. This is frustrating as I pre ordered to get the item on release date,"@527737 So sorry to hear that, Philip! What's the most recent tracking update? You can check here: https://t.co/aaDyEz1VgE ^BL",2017-11-07 18:21:08+00:00,2017-11-07 18:25:00+00:00,147,126
440349,440347,440346,@AmazonHelp i  have already esclated the issue over there in my profile but was given a date of 24th by 8pm but same has not been done.so now what u say,@219484 I'm sorry about the situation. Kindly share your details here: https://t.co/GIJyeYqKE0 and I'll look into this. ^SG,2017-10-25 17:30:44+00:00,2017-10-25 17:56:24+00:00,152,123
441794,441784,441786,@AmazonHelp A wk snc lst tweet hndrds of mails wrtn n calls made no retrn/refnd dne fr lst 20 dys Chng ur name to fraudzon instd @AmazonHelp @115851 https://t.co/tQ55zcFDhm,@219771 You should have received an email from the Social Media team. Please check and revert. ^HN,2017-10-11 10:34:34+00:00,2017-10-11 10:47:27+00:00,172,98
2296511,2296508,2296506,@AmazonHelp Yes...package was to be delivered today &amp; have not received anything...,@666744 Did you receive any emails or notifications providing an explanation for the delay? ^CH,2017-11-12 21:27:01+00:00,2017-11-12 21:35:30+00:00,87,95
313229,313235,313237,"@AmazonHelp Je l'ai lu dans tous les sens,et je n'y trouve aucun lien de contact Amazon ou on me renvoie au même endroit, 😵",@190805 1/2 https://t.co/a5esOZFua5,2017-10-07 06:42:23+00:00,2017-10-07 07:09:29+00:00,123,35
132372,132356,132354,@AmazonHelp So to continue this saga. It now shows that my parcel has been delivered and handed to a resident. I can assure you it most certainly hasn't and I still do not have my order!,"@145862 Hey Joel, have you checked with any of your neighbours? You can find more info on how to locate your parcel here: https://t.co/8RCJbNVYLd ^MA",2017-11-24 08:07:23+00:00,2017-11-24 08:11:00+00:00,186,149
1479446,1479445,1479447,@AmazonHelp Quella prevista sì.,@463544 Mi dispiace per questo ritardo. Mi confermi anche se la spedizione era affidata ad Amazon o a Venditore Terzo? ^MA,2017-11-03 07:01:15+00:00,2017-11-03 07:04:54+00:00,31,122
2745916,2745910,2745912,@AmazonHelp Still no sign of my parcels,"@187822 Sorry to hear this. Were you able to reach out to us directly? What was advised? If not, you can do so here: https://t.co/JzP7hlA23B ^PK",2017-11-21 13:29:51+00:00,2017-11-21 13:37:00+00:00,39,144
967258,967263,967264,@AmazonHelp Naja ich wollte einfach nur eine Bestellung stornieren,"@349578 Meine Kollegen helfen dir unter dieser Nummer: 0800 - 36 38 46 9 (kostenlos) ,wenn du uns anders nicht kontaktieren kannst.^AK",2017-10-14 08:33:00+00:00,2017-10-14 08:55:00+00:00,66,134
280406,280411,280412,@AmazonHelp I guess you surely not aware about the issue. I have been asking for refund as I cancelled it. You are talking about product delivery delay,@171428 We apologize for the miscommunication. Please contact us here: https://t.co/vlvfJr4nN9 and we'll get this sorted on priority.^RS,2017-10-09 04:18:41+00:00,2017-10-09 05:24:00+00:00,151,136
2128506,2128505,2128507,@AmazonHelp I filled it in yesterday as well,@149070 Kindly check for any latest correspondence from our side here: https://t.co/NTkrxpsbHJ. 2/2 ^AB,2017-10-19 08:49:39+00:00,2017-10-19 09:23:02+00:00,44,103
56830,56837,56838,@AmazonHelp Only received a scripted copy&gt;pasted reply on this. 5 days ago. No actions or updates since then.,@128875 Please reply to the email for further insight on it. We cannot your order/account on social platform. ^RW,2017-11-06 07:14:30+00:00,2017-11-06 07:53:30+00:00,112,113
1108234,1498561,1498563,@AmazonHelp ha ha ha….have give my order number you still can’t find the issue…very efficient and this is what i have been experiencing wid u r custcare,"@467935 As this is Social Media platform, we won't be able to access your account details. (1/2) ^JS",2017-11-03 17:11:29+00:00,2017-11-03 17:32:00+00:00,152,100
982274,982273,982275,@AmazonHelp That's not the point. The new episode came two days ago. It's like pushing people to download pirated content even when they don't want to.,@352903 That's quite a remark. I'll make sure our team reviews your comments. ^CB,2017-10-14 09:23:55+00:00,2017-10-14 09:47:53+00:00,151,81
1865100,1865099,1865101,"@AmazonHelp アドバイスありがとうございます^^
せめて1日1回程度にしていただけると有り難いんですけどね…",@557227 ご不便をおかけしております。配信頻度については、ご意見として頂戴いたします。どうぞよろしくお願いいたします。 EK,2017-10-18 08:24:35+00:00,2017-10-18 08:30:37+00:00,59,65
789693,789695,789696,"@AmazonHelp @AmazonHelp @115821 
Day 4 no delivery no reply no response
You all have from bad to horrible new levels of achieving customer satisfaction","@297517 If the details are shared, an email will be sent with a reply. Kindly check from the link shared here: https://t.co/NTkrxpsbHJ ^HR",2017-10-13 10:38:41+00:00,2017-10-13 11:08:29+00:00,151,138
1094268,1094265,1094266,@AmazonHelp Where the link is ?,@158923 Here you go: https://t.co/2t6DQoUmNZ ^RW,2017-10-15 05:41:43+00:00,2017-10-15 05:58:25+00:00,31,48
2718514,2718519,2718521,"@AmazonHelp Hope you are aware about Consumer goods act , 2006.
@118341 Global brand is not following Indian standard.","@762941 The M.R.P. displayed for products on our website represents the full retail price listed on the product itself as shared by Manufacturers, Distributors or Sellers. While we attempt to ensure that this information is accurate, there may be cases where M.R.P (1/2) ^SD",2017-11-20 20:58:45+00:00,2017-11-20 21:15:00+00:00,118,274
1553799,1553797,1553800,"@AmazonHelp Actualmente pago dos veces y con la aparente subida de precios, una función familiar seria conveniente. #recomendación",@480665 (2/2)tendremos en cuenta tus comentarios. ^MB,2017-11-04 11:27:49+00:00,2017-11-04 11:35:35+00:00,130,53
1251303,1251307,1251308,@AmazonHelp Hi so my package shipped Thursday. It says it won’t be here until Wednesday.. that is far more than two days when I primed it,@413554 We can explain! Our shipping timer doesn't begin until the order ships. Learn more: https://t.co/nmTJgYm8dM ^JE,2017-10-30 19:36:36+00:00,2017-10-30 19:38:31+00:00,137,119
330169,330176,330177,@AmazonHelp See bottom of screenshot... House no. https://t.co/gTWVGI4tFD,@187112 Please give us a call at 0800 279 7234 and we'd be more than happy to document delivery feedback on your behalf. ^EZ,2017-10-07 18:55:01+00:00,2017-10-07 18:58:42+00:00,73,124
436951,436950,436952,@AmazonHelp in great india sale amazon pay cashback of 10%,"@218764 Thanks for the revert, Kunal. Could you let us know what went wrong so that we can assist you? ^NK",2017-10-10 17:21:51+00:00,2017-10-10 17:51:44+00:00,58,106
1736751,1736750,1736752,@AmazonHelp delayed response. you canceled the order as your warehouse deal invintory was off... don’t think the cust that messed up #amazon did. #fail,"@524315 Sorry to hear that, its not what we want you to experience. ^AS",2017-11-07 09:23:54+00:00,2017-11-07 09:47:01+00:00,151,71
2956948,2956947,2956949,"@AmazonHelp Oui j'ai même imprimé un bon de retour. Les cadeaux de Noël approchant en prime, je trouve ça inadmissible de trouver des articles endommagés à la réception !",@816237 Je vous comprends parfaitement et vous m'en voyez sincèrement navrée. Vous a-t-on proposé le remplacement dans ce cas-là s'il vous plaît? ^SA,2017-11-29 19:41:35+00:00,2017-11-29 19:56:32+00:00,170,149
210417,210418,880021,@AmazonHelp I agree. But I guys have mentioned IPhone 8 32 GB. It is not available in 32gb. It’s available in 64gb,"@165805 Thanks for flagging this, we've corrected the error. If you're still seeing it, please clear your caches. ^AM",2017-09-25 04:30:07+00:00,2017-09-25 10:06:27+00:00,114,117
671738,671736,671735,@AmazonHelp i cant order the basic edition fire tv stick to australia,"@280269 Currently we do not support the Fire TV stick in Australia, this is why you will be unable to have it delivered to your address. Hope this helps, Ahmad.^SM",2017-11-23 09:04:08+00:00,2017-11-23 09:11:00+00:00,69,163
1125087,1125082,1125084,@AmazonHelp That’s not your customer service tho 🙂,@385289 Are you trying  to reach someone else other than Amazon? ^AT,2017-11-25 12:08:31+00:00,2017-11-25 12:12:27+00:00,50,68
326351,326353,326354,@AmazonHelp Yeah I have shared my details will see what will be the response and delivery date. @16091,"@193749 Thank you for sharing your details, we'll reach out to you soon. ^MK",2017-10-07 17:30:09+00:00,2017-10-07 20:06:36+00:00,102,76
980152,980145,980144,@AmazonHelp No refund generated yet. What is this @115851 @115821 @AmazonHelp,"@171151 Sorry about the stretch, Ayush. Our team will send you an update soon, kindly wait for a confirmation email soon. ^MS",2017-11-02 14:33:19+00:00,2017-11-02 14:41:00+00:00,77,125
250588,250580,250578,"@AmazonHelp It hasn't been received yet, because it hasn't even shipped yet. The silence is deafening.","@175559 I'm so sorry you haven't received your order yet. Delays are possible, but should be rare. Have you already reached out via phone or chat to discuss options and identify any trouble deploying your parcel? If not, please reach us directly here: https://t.co/Q7Ftz6nj80 ^ST",2017-11-25 02:28:06+00:00,2017-11-25 02:44:34+00:00,102,279
2668019,2668018,2668020,"@AmazonHelp Non toujours pas de réponses après 12heures , mail : __email__
J'ai 50€ en cheque cadeaux sur mon compte...","@643633 Afin que je puisse vérifier votre dossier, merci de remplir ce formulaire via un PC : https://t.co/HtUowg2UGX  ^FA",2017-11-19 11:12:43+00:00,2017-11-19 11:38:00+00:00,119,122
1108300,1108296,1108295,@AmazonHelp when contacting amazon at the provided link it simply takes me to the contact us page. (cont) https://t.co/P0BZGi4IEZ,"@381562 Yes you are on the right link, best to contact us directly so we can investigate. ^KI",2017-11-08 13:38:58+00:00,2017-11-08 13:47:28+00:00,129,93
2877030,2877032,2877033,@AmazonHelp That does not help me. This is the most aggravating thing. Getting a third party involved now.,@798639 So sorry to hear that didn't help! Can you reach out to us here via phone so that we can look into the account with you?  https://t.co/hApLpMlfHN ^GS,2017-11-28 13:01:01+00:00,2017-11-28 13:06:27+00:00,106,157
777547,777549,777550,"@AmazonHelp Sorry were late, could take 1-2 Days more.",@305628 Thank you for the details. Please keep us informed when your order arrives. We want to make sure you get it. ^GM,2017-10-12 04:10:53+00:00,2017-10-12 04:29:00+00:00,54,120
2061574,2061571,2061569,"@AmazonHelp My account was blocked and my orders cancelled. This was an Xmas present for my son. Customer service could not help me and said I need to wait for your team to reach out. I asked several questions, for which none were answered. I knew nothing more after having spoken to ur team","@609702 I know this situation is stressful. It isn't that our representatives don't want to help you, they can't. Only our account specialist can review the information and assist you. It may take some time, but they will be in touch. Keep us posted! ^DA",2017-11-26 11:52:42+00:00,2017-11-26 12:09:31+00:00,291,254
2972834,2972832,2972831,@AmazonHelp Submitted an email about an hour ago. Will give an update once I receive a reply.,@819925 Thanks for that information! Please let us know! ^HM,2017-11-30 01:37:58+00:00,2017-11-30 01:45:00+00:00,93,60
318055,322624,322630,"@AmazonHelp I had a word with your customer care people, i am not satisfied with your services. I recently ordered another mobile and other things(1/3).",@191896 Apologies for this ordeal. Please share your details here: https://t.co/GIJyeYqKE0 and I'll get in touch with you. ^HD,2017-10-08 01:53:55+00:00,2017-10-08 02:11:16+00:00,152,126
2757429,2757428,2757430,"@AmazonHelp Package delivered, Thanksgiving saved!",@771688 Fantastic!! Thank you so much for letting us know! I hope you have a Happy Thanksgiving! ^SB,2017-11-21 23:58:26+00:00,2017-11-22 00:03:30+00:00,50,100
75950,75958,75959,"@AmazonHelp Yeah, it says ""Sold by: Amazon EU S.a.r.L.""",@133002 Have you contacted us directly on the link provided by my colleague to highlight this issue?^SM,2017-12-01 10:52:55+00:00,2017-12-01 10:57:28+00:00,55,103
526181,526187,526188,@AmazonHelp I have palced order from account where login id is my mobile no.  Though i have seperate account having my emaild as login. Still you can use the email to communicate but not to current order details. To check my current order use phone no as Login I'd. Thanks,@241744 We've sent the correspondence to your registered email ID. Kindly check it here: https://t.co/8DAc119Io4 ^GK,2017-12-02 09:26:27+00:00,2017-12-02 10:05:32+00:00,272,116
833439,834224,834225,@AmazonHelp Schade... Aber vielen Dank für die schnelle Rückmeldung 👍 Liebe Grüße,@318465 Gern :) ^MF,2017-10-13 07:46:17+00:00,2017-10-13 07:48:29+00:00,81,19
1299345,1299343,1299346,@AmazonHelp This fraud I do blame also your carriers who do leave parcel to places where who ever can pick those up.,@423678 Please provide some details here: https://t.co/tkLCr7DNil and we'll pass this along to a specialist for investigation. ^RL,2017-10-16 10:06:42+00:00,2017-10-16 10:18:00+00:00,116,130
1030376,1030375,1030377,@AmazonHelp Yes thankfully the contents were not damaged.,"@363785 Okay good! To report the carrier and the condition of delivery, please reach out to us here: https://t.co/hApLpMlfHN ^AH",2017-10-14 18:16:31+00:00,2017-10-14 18:21:00+00:00,57,128
1310231,1310236,1310237,@AmazonHelp I have already shared the details via link given by Amazon.in,@426184 Thanks for heads up. We've received your details and working on this. We'll be sure to reach out to you soon with an update. ^VN,2017-10-16 12:15:41+00:00,2017-10-16 12:45:00+00:00,73,136
1581379,1581386,1581387,@AmazonHelp Sameeee issue https://t.co/p1I4LZw8PP,"@486823 Thanks for the info! Have you tried us by phone for real-time troubleshooting? If not,  contact us:https://t.co/hApLpMlfHN ^FR",2017-11-04 20:17:45+00:00,2017-11-04 20:29:26+00:00,49,134
1337133,1337146,1337147,"@AmazonHelp C'est fait, merci à vous @AmazonHelp  qui êtes plus réactifs que @120535 / @120534 😉","@431892 On reste à votre entière disposition et désolée encore une fois pour la gêne occasionnée ! 
^KE",2017-10-27 22:49:46+00:00,2017-10-27 22:51:32+00:00,96,103
474197,474191,474190,@AmazonHelp When should i get back to you if they don't get back to us? As this has happened for the last 4 days lol,@227874 I am sorry for your frustration! Were you sent an email confirming the conversation this morning? DId it include a time period so they can look into your issue? ^DJ,2017-12-01 10:15:00+00:00,2017-12-01 10:19:51+00:00,116,172
1146941,1146939,1146942,"@AmazonHelp na compra do kindle, recebi outra cobrança extra de R$3
eu queria saber no que consiste esse valores","@325013 Olá J, recomendo verificar as seguintes informações: https://t.co/xqT7D4hQ3v ^AZ",2017-10-24 14:12:47+00:00,2017-10-24 14:16:47+00:00,112,88
313492,313692,313693,@AmazonHelp I have sent details,@190858 Thanks for the update. Our team will reach out to you shortly with an update. ^VM,2017-10-07 07:19:30+00:00,2017-10-07 09:10:30+00:00,31,89
887833,887832,887834,@AmazonHelp AAAAAAAA eu amei demais! vcs são uns lindos ❤ https://t.co/Af6S4FJ7TA,@330809 Nós gostamos muito de você! Te desejamos uma leitura inigualável! Abraços 😃📚❤️ ^JJ,2017-10-20 23:23:54+00:00,2017-10-20 23:32:08+00:00,81,90
2493692,2493683,2493681,"@AmazonHelp Oui ça a été validé, je devais recevoir ma commande vendredi, je l'ai précommandé presque 2 mois à l'avance et au final on me dit que je recevrai ma commande lundi, alors que j'ai précommandé sur amazon justement pour l'avoir le jour de sa sortie",@711841 Avez-vous signalé cela à notre service client ? ^SB,2017-11-15 18:34:45+00:00,2017-11-15 18:39:00+00:00,258,59
1616522,1616521,1616523,@AmazonHelp Then why do we pay for Amazon prime ?? We should be getting refunds the delivery times are rubbish just latley,"@495727 I understand your frustration Ade. Next day delivery does not include processing time of the order but it does mean we'll get you your order one day after the dispatch. As TK has advised, since we are in a busy time some orders have extended estimated delivery window.^MA",2017-11-26 07:48:34+00:00,2017-11-26 07:54:29+00:00,122,279
959297,959273,959274,@AmazonHelp @AmazonHelp @115850 @115821 what the hell did u do for my order. Its been postponed the date to 30th to 8 Nov.,@193706 Orders are marked for delivery as per connected logistic support. We would appreciate your understanding here. ^CB,2017-10-26 12:07:46+00:00,2017-10-26 12:13:00+00:00,122,122
2984570,2984567,2984565,@AmazonHelp Just a vauge some time in the next 3 days with no further tracking info. It really is starting to look like your systems are getting overwhelmed.,@823006 I understand your concern. Late packages typically arrive within one or two business days.  Please keep us posted when it arrives. ^GM,2017-11-30 06:19:03+00:00,2017-11-30 06:26:26+00:00,157,142
2899667,2899665,2899663,"@AmazonHelp Yesterday they said they will retry delivery today, now the second told me all they can do is refund and I have to buy the items at full price. When I asked to speak to someone senior they told me no one is available and there is nothing they can do. This is just unexceptionable",@803300 Items that are not sold by Amazon may not be available for a replacement through our own inventory. Was the refund already been requested by the agent or are we waiting to see if the delivery is reattempted? ^MJ,2017-11-28 17:37:01+00:00,2017-11-28 17:47:00+00:00,291,219
708596,708594,708593,@AmazonHelp não pq eu não tinha pagado o cartão de crédito kkkkkkkkkkkkkkkkkkkkkkkk to rindo mas to trist,@289396 Fica triste não Gabriela! Sempre temos promoções maravilhosas. Fique de olho nas nossas redes sociais para novidades. ^JJ,2017-10-10 20:10:22+00:00,2017-10-10 20:15:01+00:00,105,129
1241757,1241756,1241758,"@AmazonHelp I order a thing that is Prime, in stock. It does not show up for over a week. Rinse, lather, repeat. ""Fulfilled by Amazon"" won't be.",@411285 email? You can also see that date here: https://t.co/Y5jpI9gRhE ^HC (2/2),2017-10-26 01:15:30+00:00,2017-10-26 01:19:50+00:00,144,81
2944218,2944220,2944221,"@AmazonHelp Vendido por UKZheng y gestionado por Amazon... antes de comprarlo, que fue Lunes, me ponía que lo recibiría el Miércoles...","@813345 Muchas gracias por la información Dani, en este caso te recomendamos ponerte en contacto con nuestros compañeros de servicio al cliente a través del siguiente enlace https://t.co/OjvUxwnzPe. Por favor mantennos al tanto. ¡Saludos! ^MZ",2017-11-29 15:22:47+00:00,2017-11-29 15:27:00+00:00,135,242
1684472,1684466,1684468,@AmazonHelp @115851 @115850 I have shared the details.  Pls  contact me asap and solve my problem.,@511902 Thanks for the update. We'll check and get back to you at the earliest. ^HA,2017-10-17 16:58:29+00:00,2017-10-17 17:12:33+00:00,98,83
2469419,2469408,2469406,"@AmazonHelp All reported, waiting on refund but just want goods which I’ll have to get elsewhere. Always issues with man &amp; van deliveries, different drivers every time, don’t know the area, sometimes deliver to random address or mark as ‘handed to resident’ and the parcel never turns up.",@706421 Thanks for clarifying Alexis. Can you please forward your details - https://t.co/tkLCr7DNil including as much info as possible. We'd like a specialist to investigate further. ^TP,2017-11-15 10:33:54+00:00,2017-11-15 10:37:25+00:00,292,186
2296802,2296785,2296787,"@AmazonHelp Si, ahora lo que necesito es espacio 😂😂",@256951 ¡Para eso hay siempre solución! 😍 ^DA,2017-11-12 13:12:16+00:00,2017-11-12 13:15:27+00:00,51,45
994285,994274,994275,@AmazonHelp Didn't receive the package still. Spoke to customer care also. I do hope that other packages arrive on time. Unlike this one.,@355521 We would like to help you. Please share your details with us here: https://t.co/GIJyeYqKE0. We'll get in touch shortly.^CB,2017-10-24 16:23:32+00:00,2017-10-24 16:38:39+00:00,137,130
894608,894610,894611,@AmazonHelp Is it 10pm or 8pm?? Cause via wesite: https://t.co/N8IwCqUJjM,@332415 Since it is shipping with UPS SurePost it will be delivered by 8pm. ^ZW,2017-10-13 18:37:09+00:00,2017-10-13 18:54:00+00:00,73,79
1260591,1260595,1260596,"@AmazonHelp Dialed again to your courier guy,,,,,, RNR... Ringing not Responding.",@193850 details through the link provided above so that we can look into the issue. 2/2 ^SH,2017-10-16 04:54:57+00:00,2017-10-16 05:16:00+00:00,81,91
2249799,2249798,2249800,@AmazonHelp Je vous remercie grandement.,@655524 Avec plaisir :),2017-10-19 17:46:57+00:00,2017-10-19 18:08:32+00:00,40,23
191752,191750,191749,@AmazonHelp explained in Direct  Message,@161059 Thanks for the update. Our team would reach out to you through DM. ^VM,2017-10-04 05:08:55+00:00,2017-10-04 05:36:27+00:00,40,78
73523,73522,73524,@AmazonHelp Purtroppo ho ordinato il cd dei Negramaro autografato più di un mese fa... Era arrivata la mail che sarebbe arrivato il 22 novembre e poi non si è saputo più nulla... Una mail poi ha detto che non era più disponibile...,@132440 Ti verrà comunicata in seguito la nuova data di consegna? nella email era indicato questo? ^BC,2017-11-30 12:29:10+00:00,2017-11-30 12:36:00+00:00,231,102
1777285,1777283,1777282,"@AmazonHelp AMZL US has lost 2 and miss tracked 3 or 4 packages in the last 3 weeks.  Some personal, some for church.",@534047 Our team would like to take a closer look at this. Please provide your contact info here: https://t.co/ckZsH1om31 ^LJ,2017-11-08 00:17:22+00:00,2017-11-08 00:28:00+00:00,117,125
2297874,2297885,2297886,@AmazonHelp You tried solving my issue but .. I dont feel u r able to do it. Feels like govt offc.. running from one to othr table. Thnx for ur support.,"@667052 If you've shared the details, you must have received a correspondence. Kindly check the same here: https://t.co/ubzNHWZvL2 ^SG",2017-11-20 16:49:18+00:00,2017-11-20 17:11:00+00:00,152,134
863829,863831,863832,@AmazonHelp Dann werd ich mich da wohl mal melden,"@325142 Ja, mach das bitte. ^BL",2017-10-20 17:56:12+00:00,2017-10-20 18:02:45+00:00,49,31
354510,354505,354504,@AmazonHelp Can you please explain how there has been no update since October 10th 3.38 PM. It says the package has reached the local courier facility https://t.co/n8s8oMKFeA,@200264 We have your details. We will reach out with a resolution soon. ^RW,2017-10-11 09:27:52+00:00,2017-10-11 09:43:28+00:00,174,75
2318186,2690067,2690068,@AmazonHelp I replied but nobody contacted me thereafter,@672032 The resolution provided by the buyer-guarantee team is the best we could offer. We cannot provide any further assistance on this issue. ^NR,2017-11-22 01:53:57+00:00,2017-11-22 02:13:06+00:00,56,147
388457,388459,388461,@AmazonHelp Waiting waiting .....😴😴😴😥,"@207926 I'm sorry it is taking longer than expected. We've escalated the issue to our concerned team, we'll get back to you 1/2 ^SH",2017-10-13 03:21:44+00:00,2017-10-13 03:31:00+00:00,37,131
553350,553348,553347,@AmazonHelp Fue por Amazon México,"@249049 Lizbeth, en este caso ¿puedes confirmarnos la fecha de entrega de tu pedido? ^NB",2017-12-02 19:50:47+00:00,2017-12-02 19:53:34+00:00,33,88
379926,379925,379928,@AmazonHelp I received 13 digit code and the error says that it should be 16digit.,@206129 An email Gift Card Code is 16 characters long (including hyphens) and will usually contain both letters and numbers. 1/2 ^RD,2017-10-09 07:53:42+00:00,2017-10-09 09:52:57+00:00,82,132
803946,803944,803947,"@AmazonHelp they said we have cancelled your courier, they all told lie as still courier arrived, even after requesting for cancellation",@311601 Sorry for the hassle. Please report this to our support team here: https://t.co/vlvfJr4nN9 and we'll check this. ^HN,2017-10-12 17:15:03+00:00,2017-10-12 17:32:00+00:00,136,124
1082247,1082245,1082250,@AmazonHelp My genuine review was not allowed to be posted on product page. Only good reviews r posted @115850 @115821 https://t.co/RXgsDM3prd,@337086 All reviews on our website are published as long as they abide to the guidelines here: https://t.co/NL0u2rPBfv. (1/2),2017-10-24 14:27:13+00:00,2017-10-24 14:46:33+00:00,142,125
1733100,1733102,1733103,@AmazonHelp I complained 5 times and for the same number of times my complain has been escalated to the concerned department.,@523482 My apologies. Please share the required details here: https://t.co/cQVomR1pWz and I'll look in to this personally and get back.^SK,2017-11-07 13:18:38+00:00,2017-11-07 13:34:00+00:00,125,138
812355,812500,812501,"@AmazonHelp Buenas tardes, se supone que hoy tendría que llegar el pedido, pues estaba en reparto. No ha venido nadie de ASM","@313574 Hola Andrés, lamentamos que continúen los inconvenientes con la entrega. ¿El transportista del pedido ya te ha dado alguna indicación de porqué no se ha entregado? ^MZ",2017-11-27 18:42:19+00:00,2017-11-27 19:11:01+00:00,124,175
264797,264796,398714,@AmazonHelp Thank you. You force us to exchange not interested. I have uninstalled. Thanks for spoiling the show. Your loss,@179074 Apologies for the inconvenience. I'll be share your comments as feedback with internal teams for review. ^SV,2017-10-09 19:02:07+00:00,2017-10-09 19:24:09+00:00,123,116
65754,65753,65755,"@AmazonHelp I will be heartbroken if Xenoblade Chronicles 2 does not arrive tomorrow. There are other items lost, overdue, and cancelled in my history. My customer email is iain at [twitter username].com.",@131041 Hi Iain! What is the current status on the tracking? Is it due for delivery tomorrow? Keep us posted!^CN,2017-11-30 10:25:02+00:00,2017-11-30 10:27:00+00:00,204,112
2664939,2664938,2664943,@AmazonHelp They all said they’re arriving today and not get dispatched?!,"@302713 Hi, what alterations did you make on your order? ^TS",2017-10-31 09:22:21+00:00,2017-10-31 09:25:00+00:00,73,60
1107273,1107272,1107274,@AmazonHelp What good would this do? Already been told a few times today by your staff that I do not matter and this is not a big deal to your company.,@381327 I'm so sorry about this experience! This link will allow us to look into this directly and ensure that your voice is heard. ^BE,2017-10-24 04:06:56+00:00,2017-10-24 04:27:28+00:00,151,135
1777602,1777599,1777597,"@AmazonHelp Is there a way to disable one-click forever? It's creepy, man.",@534126 You can turn off your One-Click settings following these steps: https://t.co/OrCethQ3Ms I hope this helps! ^ZW,2017-11-25 13:48:58+00:00,2017-11-25 13:55:00+00:00,74,118
915935,915927,915928,@AmazonHelp Absolute clueless from your customer support team about my current order. They have no clue what's happening. Pathetic experience.,@337465 We'll review it and will get back to you. 2/2 ^OS,2017-10-23 17:57:11+00:00,2017-10-23 18:22:00+00:00,142,57
2907834,2907827,2907828,"@AmazonHelp Si no es problema del vendedor externo, el problema es que al buscar la localización del pedido, aparece como que está en entrega. Entró ayer por la mañana en la unidad de reparto y dos días así, sin poder hacer cosas porque estos señores no hacen las cosas bien.","@805134 Lucía, sin compartir información personal, ¿podrías informarnos cuál es la fecha de entrega de tu pedido por favor?. ^NB",2017-11-28 20:59:29+00:00,2017-11-28 21:05:33+00:00,275,128
1264543,1264562,1264563,@AmazonHelp If u wish to resolve it do it immediately. I am going going to post in ur private forum. I have given all details needed to address it.,"@416112 Hence, please reach out to us from the link here: https://t.co/TxK11znixD to assist further. (2/2)^HR",2017-10-17 11:05:41+00:00,2017-10-17 11:48:29+00:00,147,109
2468699,2769766,2769768,@AmazonHelp But one of your admins said it will be available at 5pm,@706273 Apologies for the miscommunication. The product is available only as a prime exclusive deal for Prime members. Kindly stay tuned for more updates. Appreciate your understanding. ^GD,2017-11-21 12:51:39+00:00,2017-11-21 13:17:30+00:00,67,189
129731,129730,129732,@AmazonHelp わざわざリプありがとうございます！楽しみに待ってます(๑˃̵ᴗ˂̵),@145248 よろしくお願いいたしますm(__)m EK,2017-11-24 06:31:24+00:00,2017-11-24 06:37:33+00:00,46,29
674301,674297,674299,@AmazonHelp Wednesday! https://t.co/jMuVoVkDpS,@280811 Please get in touch with us here: https://t.co/JzP7hlA23B ^CD,2017-11-23 10:56:29+00:00,2017-11-23 11:00:26+00:00,46,69
198705,198704,198706,"@AmazonHelp I just have axis card and the product isn't eligible for COD. I need the product URGENTLY. 
Don't show me options. Return prime money",@162750 We'll get this checked. Please report this to our support team here: https://t.co/TdDksLo6Mf and we'll look into this. ^HD,2017-10-04 20:29:12+00:00,2017-10-04 20:43:27+00:00,145,130
1279694,1279706,1279707,@AmazonHelp I'd be happy to. Can I have a private email to message please? Still no call back by the way.,"@419446 If you'd prefer us to private/direct message, please message us directly and we'll be happy to continue our dialog. ^MJ",2017-10-16 14:45:28+00:00,2017-10-16 14:48:29+00:00,105,127
2510682,2510681,2510683,"@AmazonHelp 6.0 all app upto date....
Now worked",@715652 Thanks for flagging this. We'll work on it. Kindly try purchasing prime from our website here: https://t.co/5uwaaHEyGp .^AK,2017-10-30 04:58:24+00:00,2017-10-30 05:24:00+00:00,48,131
1490171,1490170,1490172,"@AmazonHelp No, it didn't pass. It's 4th Nov.  So after dispatching on 31st, does it takes 4 days for delivery from one metro to another.! 🤔🤔",@466086 I understand your concern. Please contact us here: https://t.co/rS49hgaADF so that we can assist you accordingly. ^BV,2017-11-03 09:57:11+00:00,2017-11-03 10:14:04+00:00,141,125
2309717,2309725,2309726,"@AmazonHelp Ok. Mr. Jabastin promised delivery by 4.15 PM. Mind checking with ur customer support team? So, i need 2hold off everything and lay out the red carpet 4ur delivery 2arrive? Cancelling this order right away. Mr. Shazab, Mr,Jabastin n Mr.Devender know y this order is so imp to me",@669901 I'm sorry about that. We’d like to help you with this. Please fill this form:https://t.co/beaaDm0muc and we’ll contact you at the earliest.^PJ,2017-11-13 11:10:48+00:00,2017-11-13 11:55:29+00:00,290,150
229107,229105,229104,@AmazonHelp I have cancelled the order on 21 sep n still get refund frm ur end n after chat wid custmr representative each time I m geting different ans,"@170634 This time period may change, we request you to wait for a couple more days. 2/2^MS",2017-09-30 11:35:55+00:00,2017-09-30 11:50:32+00:00,152,90
246942,246946,246947,@AmazonHelp its been more than 9 hours....I m checking email box round the clock 😤😤,@174664 a look at all the emails sent by us here: https://t.co/tIw7wU4x4K 2/2 ^SH,2017-10-06 02:50:07+00:00,2017-10-06 03:08:12+00:00,83,81
2548046,2548045,2548047,"@AmazonHelp Compre tres ítems, nunca llegaron esperé más de 1 semana del tiempo indicado, luego llame para reembolso y más de 5 días esperando y aún nada que se hace efectivo, me acaba de notificar la app que me van a entregar las cosas hoy, ya no quiero nada quiero mi dinero!",@724094 ¿Has intentado contactar con nuestro Equipo de Servicio al Cliente? ^VL,2017-10-30 13:45:09+00:00,2017-10-30 13:56:41+00:00,277,79
913798,913797,913799,@AmazonHelp I ordered 16th birthday present for sister on prime. It didnt arrive in time and now shr has nothing,@337017 I'm sorry we let you down. What does the status of the order show: https://t.co/aaDyEz1VgE? Is there a new delivery date? ^CO,2017-10-21 08:36:09+00:00,2017-10-21 08:43:01+00:00,112,133
1323961,1323960,1323962,"@AmazonHelp Can't we buy and keep one prime membership in queue, so that it gets renewed as soon as existing membership expires?","@428958 I understand your concern. However, as informed you earlier, we can't renew the existing prime membership before it ends. ^SY",2017-10-27 10:34:33+00:00,2017-10-27 10:46:00+00:00,128,133
896728,896721,896720,@AmazonHelp So how do I resolve this? The last link above doesn’t have an option to return. Is there a customer service phone number?,@332953 Of course! You can contact us by phone or chat here: https://t.co/JzP7hlA23B ^DA,2017-10-20 22:02:17+00:00,2017-10-20 22:29:31+00:00,133,88
1222617,1222616,1222618,@AmazonHelp Yes but it's asking for a fax and that I can't do that in only 15,@406888 Our specialists require this information for accounts on hold. See more about the process here: https://t.co/7xzYFfHTiv ^MJ,2017-10-25 15:53:39+00:00,2017-10-25 15:59:48+00:00,77,131
2795382,2795377,2795379,@AmazonHelp its digital service charge have no idea what that is,"@780045 Have you spoken with us using the link provided by BE? If so, what insight was provided into this charge?",2017-11-21 22:32:38+00:00,2017-11-21 22:43:00+00:00,64,113
1113840,1113843,1113844,@AmazonHelp I have done everything but still my problem is unresolved,"@120933 If you have responded to our email, we'll check and revert at the earliest. Please wait. ^HK",2017-10-24 08:27:28+00:00,2017-10-24 08:54:53+00:00,69,100
1734590,1734600,1734601,@AmazonHelp I've got contacted them every day and have 3 investigations open. One email telling me it went to work address one telling me it went to home address and logistica saying it was delivered and check with a neighbour. Blind leading the blind. Ridiculous,@523807 I understand you have contacted our customer service already but since we are not able to see your account here we would ask you to contact them again if the investigation confirmed that it was delievred to you. ^MA,2017-11-10 10:05:03+00:00,2017-11-10 10:17:31+00:00,263,223
1291748,1291747,1291749,"@AmazonHelp No, I can’t connec to it since more than 1 year","@422090 Can you just ignore the authentication, please?^FT",2017-10-17 18:38:40+00:00,2017-10-17 18:49:00+00:00,59,58
841706,841710,841711,@AmazonHelp No just one minute it was saying it was arriving by 8pm and than it switched and switched again.,@320239 We'd be happy to look at options with you. Please click the link here to contact us.  https://t.co/hApLpMlfHN ^EM,2017-10-13 13:36:27+00:00,2017-10-13 13:53:28+00:00,108,121
868033,868025,868027,@AmazonHelp é da minha conta da AWS,@326098 Você contatou diretamente neste link: https://t.co/jYXsZ789Dj? ^LG,2017-10-13 15:27:41+00:00,2017-10-13 15:31:26+00:00,35,74
2885677,2885675,2885674,@AmazonHelp Vom Transportdienstleister. Deswegen habe ich @122924  auch mit einbezogen.,@800367 Danke für deine Rückmeldung. :) ^AM,2017-11-28 11:55:17+00:00,2017-11-28 12:00:41+00:00,87,43
669135,669137,669138,@AmazonHelp I have done 3 Times . I will Not do it further,"@172343 I see that our specialist team is assisting you on this, for any further concern. Please reply to the email sent from the team and we'll get back to you. ^PS",2017-11-23 05:16:42+00:00,2017-11-23 05:51:00+00:00,58,165
577061,577060,577062,"@AmazonHelp うわ！Amazon公式さんからまさかのリプライが！(＾＾;)
とても良い商品をありがとうございます♪",@255815 突然失礼しましたヾ(;´▽｀A`` こちらこそ、ありがとうございます♪ これからもAlexa・echoとともにhttps://t.co/st4oU5QbhPをどうぞよろしくお願いいたしますヾ(=^▽^=)ノ TN,2017-12-03 09:56:18+00:00,2017-12-03 09:59:34+00:00,62,114
2341563,2341562,2341564,@AmazonHelp Yeah i wouldnt have if it wasnt going round n round in same place,@677313 Kindly wait till the estimated delivery date and I'm positive it'd be delivered. ^AU,2017-10-29 07:36:14+00:00,2017-10-29 07:49:32+00:00,77,92
976790,976820,976821,@AmazonHelp You already have my order details from the screenshots I provided... Go ahead and do your research and correct the issue,"@351670 I'm sorry as we'll not be able to access your account from here, please share your details and we'll get back to you.^VR",2017-10-14 10:03:17+00:00,2017-10-14 10:13:32+00:00,132,128
2465657,2465656,2465658,@AmazonHelp see old tweets and ur social media team is already helping me worse than actual customer care ....,@629169 Sorry for the trouble with your refund. We're working on your issue and we'll get in touch with an update shortly. ^SQ,2017-10-29 19:56:38+00:00,2017-10-29 20:08:29+00:00,110,126
2471066,2471065,2471067,@AmazonHelp  https://t.co/0KSOa3cNco,"@128039 Aww, so cute! 😍🐶 I want a puppy 💗 Please fill out this form so we can send a little gift: https://t.co/tkLCr7DNil ^ES",2017-11-15 13:19:56+00:00,2017-11-15 13:41:00+00:00,36,125
1395038,1395037,1395039,@AmazonHelp Well after 'missing' the delivery. (nobody actually knocked) I requested it for tomorrow to be delivered to Halfords. I needed it today.,@444424 I'm really sorry about it Dale. ^AT,2017-10-28 14:28:22+00:00,2017-10-28 14:33:34+00:00,148,43
65714,65701,65703,"@AmazonHelp Sorry, I fail to see how pointing me at your self help page is meant to help. May as well just call again. Please take ownership of the case and give me regular updates. While I've got your attention. It would be nice to have a case management section in account details.","@131036 Hi. The link we provided previously was the ""Contact Us"" link. As we are unable to access accounts through social media, it is the best means of proceeding. ^DC",2017-11-30 09:15:30+00:00,2017-11-30 09:24:30+00:00,283,168
999142,999141,999143,"@AmazonHelp Si, le he enviado un mensaje al vendedor, Yadees, diciendo lo que pasa y preguntando que solución me da. Estoy sin teléfono, no carga :S https://t.co/2grFauaXtl",@356581 Una vez transcurrido cierto periodo es necesario contactar con el fabricante del producto. ¿Este te ha respondido? ^KS,2017-10-22 17:11:18+00:00,2017-10-22 17:18:28+00:00,172,126
1190239,1190259,1190260,@AmazonHelp @AmazonHelp @115850 @1384  I'm waiting let me see how fast your team is,"@288804 Thank you for your patience. As informed, we'll look into it and update you accordingly. ^AM",2017-11-27 13:20:35+00:00,2017-11-27 13:41:32+00:00,83,100
114366,114364,114362,"@AmazonHelp 206-9965164-0181122 our previous incubator ordered from you failed so we ordered another because prime should have got it to us on time, for the 4th time you ""couldn't find us"" and now the hatchlings are now DEAD! Profit may be important but LIFE is more so!","@141423 I certainly understand your frustration! When you have the time, please ring us here: https://t.co/JzP7hlA23B so we can look into what's going on. ^HC",2017-11-23 21:14:07+00:00,2017-11-23 21:21:00+00:00,270,158
949628,949627,949629,"@AmazonHelp Si. Estaba en stock las 3 veces. Lo mismo les informé en un tuit anterior. Es un problema con el artículo seguro, pero deben investigarlo.","@345224 ¿Ya has reportado esta situación con nuestros compañeros de Soporte al Cliente, Jose? ^LG",2017-10-21 19:59:19+00:00,2017-10-21 20:07:01+00:00,150,97
2787697,2787694,2787693,"@AmazonHelp Sent the DM, it includes a picture with the order number and what's happening",@778235 I've replied to your DM. Thanks! ^ST,2017-11-21 19:17:10+00:00,2017-11-21 19:21:26+00:00,89,44
814346,814345,814347,@AmazonHelp yes - was ordered yesterday and supposed to be with me today. ordered other stuff at the same time which arrived but some hasn't,@313950 Thanks for the info! Were you provided a new delivery date in an email? ^VB,2017-10-20 17:13:02+00:00,2017-10-20 17:20:30+00:00,140,83
109863,109860,109858,@AmazonHelp Vielen dank....Ich bin jetzt schon begeistert da sie mir viel Arbeit abnimmt...lg....eure @6384.n.produktion,"@140393 Gib uns Bescheid, wenn du ihr beigebracht hast, wie man Kaffee kocht ;) ^AN",2017-11-23 19:53:33+00:00,2017-11-23 20:05:26+00:00,120,83
478666,478660,478658,"@AmazonHelp Quick update, still waiting....case added to case and no movement after another 2 weeks...?","@228721 Hello, what were you advised when you reached out to us? Were you advised with a time frame for an update? ^CR",2017-12-01 12:05:14+00:00,2017-12-01 12:14:48+00:00,103,118
181155,181129,181124,@AmazonHelp They don’t help me!,"@158540 My colleague sent you an email with the information we have. Regards, ^AN",2017-10-04 12:27:44+00:00,2017-10-04 12:50:00+00:00,31,81
416126,416125,416127,@AmazonHelp そうなのですね、予約なのでもう少し待ってみます。,@214240 ありがとうございます。心待ちにされているところ大変恐れ入りますが、今しばらくお待ちくださいませ🙏 YM,2017-10-10 02:43:05+00:00,2017-10-10 02:47:00+00:00,36,59
2825547,2825546,2825548,"@AmazonHelp dont try to teach me ....
i already seen all possibilities to find my account with this number.
solve it immediately and find out this nonsence guy .","@787136 We'd like to assist you with this, please get in touch with us using the link provided above. Appreciate your understanding. ^AM",2017-11-27 10:48:07+00:00,2017-11-27 11:08:28+00:00,161,136
1850958,1850955,1850956,"@AmazonHelp ive done tht already.i want u2 check on that agent,thy might destroy sum1 elses day. i bout more thn 3k woth of guds, tht pkg was lost!",@552503 I'm afraid we don't have access to account details here on Twitter. ^KM,2017-10-18 07:57:48+00:00,2017-10-18 08:16:28+00:00,147,79
331600,331611,331613,@AmazonHelp Thanks for the reply. I am yet to receive my order even after 18days of placing the order. CC team could not give the whereabouts,@194963 I'd like to take a closer look into this. Please fill in this form: https://t.co/GIJyeYqKE0 and I'll revert shortly. ^SQ,2017-10-07 20:21:41+00:00,2017-10-07 20:58:00+00:00,141,128
2845485,2845484,2845486,"@AmazonHelp In all the times I’ve ordered, they’ve never just been placed at the door... they go over the back gate. Surely common sense tells a courier not to leave at a front door... on this occasion everything is there that’s been ordered.","@791481 Thanks for letting us know! If you'd like to provide us with courier feedback, you can do so here: https://t.co/JzP7hlA23B. ^JO",2017-11-27 18:10:36+00:00,2017-11-27 18:22:28+00:00,242,135
1496651,1496650,1496652,@AmazonHelp Of course! In an @3560 booked by @115833 - love it! Wish it were wireless though!,@467470 Fantastic! Hope the Echo continues to leave you thunderstruck with its amazing features. :) ^GD,2017-11-03 12:19:51+00:00,2017-11-03 12:34:00+00:00,93,103
2817780,2817778,2817777,@AmazonHelp luckily i believe it's been settled with! no issues so far,@785454 Good to hear! Please reach out to us if there's anything else we can help with. We're here 24/7! ^AM,2017-11-27 04:40:03+00:00,2017-11-27 04:42:52+00:00,70,108
2929571,2929577,2929578,"@AmazonHelp Comment le savoir, ils ne sont pas encore expédiés alors que j'ai passé ma commande lundi... Commande pour laquelle on m'annonce 2-3 jours de livraison mais qui au final doit arriver le 4/5 novembre soit 6 jours de livraison !!!","@810430 Si la date de livraison est celle qui vous a été donnée avant la validation de la commande, c'est qu'il n'y a aucune anomalie. C'est le délai nécessaire pour la livraison de votre colis. Je vous invite à patienter je vous prie. ^ARC",2017-11-29 07:55:51+00:00,2017-11-29 08:10:29+00:00,240,240
737172,737175,737176,@AmazonHelp I am a phone customer.. my email id is not registered but still i fill the coloumn,"@296318 As long as the form is submitted successfully, its fine. In case it's not, please add your email and try again. ^HA",2017-10-11 16:00:47+00:00,2017-10-11 16:18:44+00:00,94,123
842180,842176,842175,@AmazonHelp A range 🤔 https://t.co/jcuxcRxgIC,"@320321 For clarification, who is the carrier for this order? You can find this information here: https://t.co/Y5jpI9gRhE ^KN",2017-10-20 13:13:44+00:00,2017-10-20 13:31:33+00:00,45,125
865815,1330213,1330215,@AmazonHelp Please do not play around.  In one tweet it is said that your social media has send communications and very next tweet you ask for my details. How without my detail your team has send communication. What a shit are you talking proving yourselves that you are from fraud AMAZON,"@270757 We apologize for the miscommunication. We'd like to check this and assist. Request you to share the details in the link provided above, we'll look into it and get back to you soon. ^MO",2017-11-11 14:02:47+00:00,2017-11-11 14:16:25+00:00,288,192
1426180,1426185,1426186,@AmazonHelp i had other companies giving me same product at slight higher rates than this but i choose u ppl but now i have to pay morw,@451319 Kindly place a new order for the product. The price displayed on our website is the best we can offer.2/2 ^SY,2017-11-02 08:02:29+00:00,2017-11-02 08:15:28+00:00,135,117
1724464,1724463,1724462,@AmazonHelp Yes even they are not aware when it's going to happen?,@470664 We're currently working on adding more features to the device. Do stay tuned for more updates. ^EM,2017-11-07 03:57:37+00:00,2017-11-07 04:21:00+00:00,66,106
2289836,2289831,2289833,@AmazonHelp All I need is to know when the money has to be on my card please.,"@164356 I'm so sorry I don't have access to your account via Twitter. I can't look at the billing information on my end. Please contact customer service with the link that was provided for additional information. Thank you.
^MO https://t.co/1XyLaGkcaN",2017-11-12 06:06:38+00:00,2017-11-12 06:13:25+00:00,77,251
447243,447242,447244,@AmazonHelp My phone... using prime video,@220942 Thank you for providing us with this information! Here's a link to our Help page with troubleshooting steps: https://t.co/wwF0dN3xKw. Please let us know if these steps don't resolve your issue. ^BV,2017-11-30 20:01:32+00:00,2017-11-30 20:17:25+00:00,41,205
375562,385327,385328,@AmazonHelp I have not received any update. Are you going to help me or you will be keep on asking the things.worst worst worst worst customer service.,@205062 We've sent a correspondence to your registered email address. Please check and revert. ^SQ,2017-10-12 01:36:42+00:00,2017-10-12 01:44:00+00:00,151,98
2917171,2917173,2917174,@AmazonHelp how should she contact you?  Is there an email address?,@807442 I've included the link below which connects directly to our contact us page; from there she'll be able to contact us via phone or e-mail:  https://t.co/jzvkhdlrK5 ^GS,2017-11-29 18:14:52+00:00,2017-11-29 18:20:28+00:00,67,174
282739,438833,438835,@AmazonHelp You are harassing me. See my account that you yourself cancelled this order. You sent me many SMS in this regard. I have replied your email many times. Do your job &amp; refund my money. Pl stop this nuisance of asking details again and again. @1145 Kindly intervene.,@183363 I'm sorry about the trouble you've had regrading this order lately. We'd like to set things right. Kindly respond 1/2 ^KH,2017-10-18 11:53:04+00:00,2017-10-18 12:30:40+00:00,279,129
1563863,1563857,1563860,"@AmazonHelp I have already done all this procedure, I have given all the details I have given you earlier","@450218 If you have submitted your details through the form, we'll check and revert at the earliest. ^HK",2017-10-17 13:05:24+00:00,2017-10-17 13:20:57+00:00,105,104
2271559,2271558,2271560,"@AmazonHelp Beh non, j'ai votre corgi 😞 https://t.co/CBIEtjgi1m","@660870 Le coffret sera disponible en novembre, vous pouvez le précommander depuis ce lien : https://t.co/zuUkFVoEFg ^MH",2017-10-19 18:36:27+00:00,2017-10-19 18:48:52+00:00,63,120
1540511,1540510,1540512,"@AmazonHelp Thanks for the reply. I tried this once , the guy told me over the call that it will be fixed in 1hr on Thursday. But yet to happen.","@477433 That's odd, we'd like to get this checked, please share your details here: https://t.co/cllwXc2HeK. We'll look into it. ^PS",2017-11-04 02:17:42+00:00,2017-11-04 02:49:00+00:00,144,131
2311970,2311969,2311971,"@AmazonHelp Bonjour, oui largement. Sur le récapitulatif de mes commandes, j'ai une commande en ""remplacement effectué, nous attendons votre retour"". Or c'est vous qui avez annulé la commande, en cause un soucis d'acheminement. Je vais pas être débité deux fois j'espère ?",@670489 Je vous propose de contacter notre SAV par chat ou téléphone via : https://t.co/qzuu0dgDXz afin de vérifier tout cela de plus près avec vous. ^MH,2017-11-12 22:35:26+00:00,2017-11-12 22:40:32+00:00,272,153
379382,379379,379383,@AmazonHelp Only options are track return cancel order. Doesn't help as I need to complain I didn't get delivery https://t.co/WooFqWFCBq,@206020 Please select call customer service using the link above and we'll help! ^PS,2017-10-09 07:51:53+00:00,2017-10-09 08:12:01+00:00,136,84
2766999,2766997,2766996,@AmazonHelp ご丁寧にありがとうございます！マーケットプレイスで購入した商品なので、先程出品者さまにメールで連絡をいたしました。また分からないことがあればご相談させていただきたいと思います。よろしくお願いいたします。,@773766 とんでもないことでございます。誠に恐れ入りますが、出品者からの返答をお待ちください。TN,2017-11-21 10:28:47+00:00,2017-11-21 10:34:00+00:00,113,52
16824,16805,16807,@AmazonHelp Amazon its a complete fraud now u are saying u will ship till 7th please for god sake #help #cancelorder #refund #fraud #poorcustomerservice https://t.co/riuEM7g6om,"@119701 That is unusual, Aadil. Looking at the image, I see that the package will be delivered between 3rd to 6th November. ^KS 1/2",2017-11-02 18:46:53+00:00,2017-11-02 18:51:25+00:00,176,131
1690840,1690839,1690841,@AmazonHelp Not sure how to contact them but it definitely WAS NOT delivered to my house today! https://t.co/X2OJWb8uHN,@338849 I'm sorry for the misinformation! Please reach out to us with the link provided and we will contact the courier for you! ^AR,2017-11-06 21:07:46+00:00,2017-11-06 21:14:27+00:00,119,132
503464,503461,503460,"@AmazonHelp Sure... so, two things: what are ‘external factors’, and how can something be out for delivery for eight hours and not show?! https://t.co/nDu9gvpTo1","@235316 We'd like to look into this for you, but we can't access your account via Twitter. When you have time, please reach out to us over phone or chat so we can discuss what options may be available: https://t.co/hApLpMlfHN ^AR",2017-12-01 20:19:45+00:00,2017-12-01 20:25:53+00:00,161,229
746689,746701,746702,@AmazonHelp Same link just takes to sign in page and then to main page on my account I just want a number I can 📞 when I get home 2 speak with a manager,"@298509 You can reach us here: 1-866-216-1072 and we'll be happy to help! 
^FR",2017-10-11 17:50:04+00:00,2017-10-11 17:58:13+00:00,152,78
1208401,1209065,1209066,@AmazonHelp 12 hours already passes,@403726 I get your concern. We'll reach out to you as soon as we have an update. ^PS,2017-10-26 07:21:41+00:00,2017-10-26 07:33:00+00:00,35,84
459042,459038,459036,@AmazonHelp I can literally drive to the fulfillment center that this came from in under 30 minutes,@224015 I'm very sorry for the delay. Did we give a reason for the delay? Who is the carrier for your order? They will be listed here: https://t.co/Y5jpI9gRhE We're here to help in any way possible! ^SK,2017-12-01 01:02:27+00:00,2017-12-01 01:08:00+00:00,99,202
1477399,1477401,1477402,"@AmazonHelp It says expected 4th October, was shipped by the seller",@463034 Have you sent the seller a message to see what's going on? You can learn how here: https://t.co/HJ02eIsyLI ^HC,2017-10-16 23:03:44+00:00,2017-10-16 23:10:27+00:00,67,118
64119,64117,64115,@AmazonHelp I ordered 3 books approx £8 each. They were a gift but the person already has 2 of them so I want to send them back and as far as I can see that's going to cost me £3.99 return fee per book!!!,"@130717 As the reason for your return is not an Amazon error, means we would not cover the cost for the return. You can find more info here at the end of this help page:https://t.co/dezwduZ03f.^GA",2017-11-30 08:07:18+00:00,2017-11-30 08:11:25+00:00,204,196
1276097,1276091,1276090,"@AmazonHelp @AmazonHelp appunto l’ordine non c’è, ma mi dice che il buono è stato utilizzato",@418715 (1/2) Il sito potrebbe averlo già registrato sul tuo account. Prova ad aggiungere al carrello libri acquistabili col bonus e,2017-10-26 19:05:36+00:00,2017-10-26 19:29:27+00:00,92,132
456573,456570,456568,"@AmazonHelp It was for today but my UPS store closed 10 minutes ago and didn't receive the order. To be clear, Thursday as a promised date is already late. If I'm ordering on Monday, it should arrive Wednesday the latest.",@223422 When you have time we can be reached here: https://t.co/Q7Ftz6nj80. We can make sure this is reported to our Transportation team. We can also look into options for the late order. ^EP,2017-12-01 00:11:52+00:00,2017-12-01 00:15:37+00:00,221,191
1030399,1030398,1030400,@AmazonHelp Just got this message no attempt has been made to deliver ! I ordered this as I have a junior football match to referee tomorrow morning ! https://t.co/cpuVyYS39J,@363792 We'd like to look into what happened. Please contact in directly by clicking the link: https://t.co/qy3J24VGxb ^GL,2017-10-14 18:55:19+00:00,2017-10-14 18:58:00+00:00,174,122
2845630,2845629,2845631,"@AmazonHelp Según lo que se indica en la ficha del producto, fue vendido por Amazon https://t.co/V4M5svRsM4",@691164 Y ¿el producto se encuentra bien o presenta algún daño? ^DB,2017-11-27 18:30:10+00:00,2017-11-27 18:52:45+00:00,107,67
323304,323303,323305,@AmazonHelp Hey @115850 its pathetic that being a PRIME customer my pickup has been cancelled 2 times ORDER 406-3743247-3668349,"@192996 Also, please don't provide your order/account details as we consider them to be personal information. ^HK",2017-10-09 12:48:55+00:00,2017-10-09 13:03:32+00:00,127,113
1736192,1736202,1736204,@AmazonHelp That’s explained the situation?,@524185 What options were provided by the adviser when you last spoke with them? We are here to help! ^BA,2017-11-07 20:16:32+00:00,2017-11-07 20:26:00+00:00,43,105
1548218,1548215,1548217,@AmazonHelp Estimate delivery date is 4th nov i.e. today...and package has arrived at lucknow center and now you are showing it is delayed,@479298 Sorry to know about the trouble with the delivery of the order. We'd like to take a closer look at this. ^AK (1/2),2017-11-04 08:17:19+00:00,2017-11-04 08:23:28+00:00,138,122
1252960,1252958,1252957,@AmazonHelp いえ、注文日から予定日の間隔が空き過ぎてるので(苦笑)予定日過ぎてるって訳ではないのです。注文日から1週間経つけど発送はまだなのかな？と、単純に思っただけです。ご丁寧にどうも。,@413923 左様でございましたか。心待ちにされておりますところ恐れ入りますが、なにとぞお届けまでいましばらくお待ちくださいませ。　リプライありがとうございました。　SM,2017-10-26 05:46:20+00:00,2017-10-26 05:58:27+00:00,100,86
1996333,1996325,1996327,@AmazonHelp They assured me they would sort out a refund but all I got waz an email from the seller telling me to take it to a service centre. That's the 2nd time they told me that and the 2nd time I said I couldn't get to one,"@590302 Hi Claire, you can fill a claim up to 90 days after purchase from a seller so if you have not had a resolution or reply from the seller I would strongly suggest filing a claim using the link provided on the previous tweet. ^KK",2017-11-26 10:56:03+00:00,2017-11-26 11:03:27+00:00,226,234
362035,362037,362039,"@AmazonHelp it's an interesting read. But Can you tell me how someone can obtain my email, 2 last digits of credit card, and know I just made an order?","@201762 it is not a piracy, the mail comes from Amazon, this is a security measure, I suggest you send the requested documents. ^RA",2017-10-08 19:00:17+00:00,2017-10-08 19:18:00+00:00,151,131
990950,2256409,2256410,@AmazonHelp She's going to call me Saturday to see if it's arrived! But my issue is that it's telling me it's delivered and it's not!!,@354732 Thanks for the update. Please keep us looped in if we're still needed afterward. We'll be here to help when/where we can. ^TM,2017-10-19 18:31:10+00:00,2017-10-19 18:35:02+00:00,134,133
2868354,2868356,2868357,@AmazonHelp 7 are USPS and two are UPS.,@796582 Thanks for checking for us! Have you had a chance to provide us with carrier feedback here: https://t.co/hApLpMlfHN? ^JO,2017-11-28 21:20:54+00:00,2017-11-28 21:27:34+00:00,39,128
754993,755000,755001,@AmazonHelp @AmazonHelp @115850 and still I am waiting for something to happen. This is Pathetic from you guys.,@300477 You must have received a correspondence from our team. Kindly check the same here:  https://t.co/ubzNHWZvL2 ^SG,2017-10-13 15:26:23+00:00,2017-10-13 15:52:00+00:00,111,119
435676,435675,435677,@AmazonHelp Not coming. What kind of after sale service is this. Now prices have increased.,"@218492 efforts to offer you the lowest price, may result in fluctuations in our prices over time [3/3] ^HA",2017-10-10 17:22:10+00:00,2017-10-10 17:51:19+00:00,91,107
1512094,1512089,1512090,"@AmazonHelp Rien à été expédié j’ai pas reçu d’email de confirmation..jusqu’à là j’ai été patiente si demain je n’ai pas mon colis j’exigerais le remboursement de mes 9,99€","@381570 Je comprends, avez-vous contacté notre SAV comme indiqué ? ^MA",2017-11-03 18:25:23+00:00,2017-11-03 18:42:34+00:00,172,70
470187,470186,470189,@AmazonHelp 9412180348 dinesh order no 403 1504437 8599562,"@226943 Thanks for sharing the details. However, Twitter being Social Media platform, we won't be able to access your account. Please share your details in the link provided earlier. (1/2) ^JS",2017-12-01 07:52:27+00:00,2017-12-01 08:17:29+00:00,58,192
137147,137149,137151,@AmazonHelp I’ve found it but when I said I can accept packages at the weekend it still says one day delivery will be Monday,"@146928 We strive to offer you the best Black Friday Sales. During this time, deliveries may take slightly longer than usual. The delivery date at checkout provides our most accurate estimated delivery date. ^GA",2017-11-24 10:20:31+00:00,2017-11-24 10:27:29+00:00,124,211
1059292,1059289,1059293,"@AmazonHelp Bonsoir, je ne pensais pas avoir la chance de trouver un tapis de bain pour seulement 0.01€.","@370099 🙄!Pourriez-vous m'indiquer le lien vers l'article, je vous prie?^FT",2017-10-14 21:43:57+00:00,2017-10-14 21:47:00+00:00,104,75
2266899,2266901,2266903,@AmazonHelp I got a mail... But y u r not ready to accept your fault that you have cancelled it... With out my permission...,"@659796 I get your disappointment. However, we'll not be able to reinstate a canceled order. You may contact our team using the link shared earlier for further queries/concerns. ^GK",2017-11-11 08:31:54+00:00,2017-11-11 08:57:08+00:00,124,181
1107911,1107913,1107915,@AmazonHelp plz provide the status of the order no 405-4945136-7506750. Hope there is some status with u..,@381489 information. Our page is visible to the public. (3/3) ^GD,2017-10-15 11:53:46+00:00,2017-10-15 13:02:00+00:00,106,65
1292092,1292091,1292093,@AmazonHelp It's YOUR driver.   That package was left at my mailboxes.  76th st Mukilteo.,@422161 We'd like to take a closer look into this. Please send us more details here: https://t.co/2ZQ5kyqtq4 ^LI,2017-10-26 21:27:25+00:00,2017-10-26 21:47:34+00:00,89,112
180913,180873,180871,"@AmazonHelp I doubt you can help. We had 3 conversations last time, just assurances",@158497 Kindly copy this: https://t.co/iuYaRiHslQ and paste it in the URL field. ^NS,2017-10-04 12:54:53+00:00,2017-10-04 13:07:01+00:00,83,84
2515055,2515054,2515056,@AmazonHelp Now when will earliest come since i am waiting and now also new excuses what the hell is going on?,"@716386 Once you fill in the details, we will get back to in under 6-12 hours. Appreciate your patience. ^RW",2017-10-30 09:00:56+00:00,2017-10-30 09:25:03+00:00,110,108
245859,245861,245862,"@AmazonHelp De estas dos sólo he visto ""Captain Fantastic"" y la he recomendado 1001 vez, siempre que he tenido ocasión.","@174400 Yo aún no he tenido la oportunidad de verla, pero ahora seguro que voy a hacerlo.🤔 ¿Qué otra película nos recomendarías? ^HC",2017-10-05 15:43:41+00:00,2017-10-05 15:55:36+00:00,119,132
2432800,2432798,2432797,@AmazonHelp Never mind! The app just notified me of the code.,@152471 Awesome! Let us know if you need anything else! ^AD,2017-11-14 21:21:27+00:00,2017-11-14 21:25:00+00:00,61,59
479289,479287,479285,"@AmazonHelp That's the problem, I got it in a lightning deal with a bundle of games. If I request a refund I'll only get a reduced price back for the console :/ £233 whereas the console costs £269-279. So I would be losing out because of a faulty product :(","@228903 We can only replace items with the exact same item and only when this is available in stock. In your case it appears that for an immediate resolution, the return for refund is the best option available. ^BD",2017-12-01 13:07:18+00:00,2017-12-01 13:13:10+00:00,257,214
393546,393539,393540,@AmazonHelp on Monday and Thursday and got no email or anything to my spam either time,"@209211 We'd like to investigate this for you. When you have a moment, please send us your info here: https://t.co/sqfL6IIU2p ^JA",2017-10-15 22:53:30+00:00,2017-10-15 23:00:00+00:00,86,129
224250,224231,224232,@AmazonHelp go to hell... F-urself,"@169577 That's quite a comment, could you please tell us what went wrong? ^AG",2017-10-11 06:21:02+00:00,2017-10-11 06:45:30+00:00,34,77
2540296,2540294,2540292,"@AmazonHelp https://t.co/hkYS1gxzPF 

Can you explain this on how ""safe"" it is?",@722368 Customer trust is important to us and we take security seriously. Customers do not need to take any action as their devices will be automatically updated with the security fixes. ^BS,2017-11-16 10:29:07+00:00,2017-11-16 11:07:28+00:00,79,190
643760,801594,801596,@AmazonHelp I asked why it was not delivered. Who has to take responsibility. It was a gift. Check the order (gift wrap) i was embarrassed. @1840,@272837 the canceled order. Request you to place a fresh order. (2/2) ^JS,2017-10-12 16:24:50+00:00,2017-10-12 17:23:00+00:00,145,73
1001085,1001088,1001089,@AmazonHelp Your US office has already extended help. You can keep sitting,@356999 Apologies. Request you to share your details here: https://t.co/cQVomR1pWz and I'll look into this personally. ^SK,2017-10-24 14:48:32+00:00,2017-10-24 15:14:39+00:00,74,122
917072,917076,917078,@AmazonHelp Sir it urgent i want invoice copy it needed by taxation head,@337713 We can't access your account over Twitter. Kindly share your details over the secure link we had shared. We'll help you. ^CB,2017-10-21 13:44:04+00:00,2017-10-21 13:51:40+00:00,72,132
1023615,1023614,1023616,"@AmazonHelp Thank you, it says it’s coming from USPS and I’ve already recieved the mail for today.",@362226 Thanks for confirming! That is very strange indeed! Please contact us by phone or chat and we'll be happy to help investigate further: https://t.co/hApLpMlfHN ^SD,2017-11-09 17:40:45+00:00,2017-11-09 18:02:33+00:00,98,170
384423,384447,384448,@AmazonHelp @115851 what do you want me to reply for below email. https://t.co/s210V1T60E,"@207033 As mentioned in the email, the team is following up with you please be assured it will be delivered at the earliest. ^HN",2017-10-10 10:48:40+00:00,2017-10-10 11:10:30+00:00,89,128
1080348,1080353,1080354,@AmazonHelp details submitted Dear Fraudzon,"@374861 Thank you for confirming. If you have shared your details, our team will get back to you soon. ^AG",2017-10-24 04:54:55+00:00,2017-10-24 05:08:36+00:00,43,106
2843644,2843643,2843645,@AmazonHelp C’est pas la première fois .. je leur signale constamment l’incompétence total de @132988 ..,"@366792 Je comprends parfaitement, sachez qu’à travers vos remontées que nous pouvons améliorer la qualité de notre service. Je réitère mes excuses pour le désagrément. ^MA",2017-11-27 17:43:40+00:00,2017-11-27 17:49:52+00:00,104,172
182988,182975,182977,@AmazonHelp After 2 days also no response,"@159037 Just to confirm, have you dropped in your details using the link provided by ^AS ? We'd like to have a look into it. ^AB",2017-10-07 15:04:54+00:00,2017-10-07 15:19:25+00:00,41,128
301523,301522,301524,@AmazonHelp el problema es que han cambiado el correo electronico tambien 😔 tengo el correo en mi bandeja de entrada,@187927 Entiendo. Por favor intenta contactar por teléfono en este enlace: https://t.co/OJBg6tTite. Omite inicio de sesión. ^LG,2017-10-06 21:21:25+00:00,2017-10-06 21:24:01+00:00,116,127
1116965,1116964,1116966,@AmazonHelp Although it was amazon basics you can’t have ability to replace or take action against it because it had crossed your return period.,@183303 Have you reported this to our support team as requested earlier? ^HK,2017-10-24 12:23:01+00:00,2017-10-24 12:29:30+00:00,144,76
2302578,2302577,2302579,@AmazonHelp If I don't provide u the tracking no how will u track it...,@668173 We cannot access your account/order details from social media You may use the link that was provided earlier to connect with our support team and we would assist you further. ^KK,2017-11-12 18:53:51+00:00,2017-11-12 19:04:29+00:00,71,186
888332,2971880,2971881,@AmazonHelp I am saying the same ..no one listening my problem and everyone is sending the same template again and again...reason being here in social media because of it...i want you take action or whatever it is and get it resolved...if not tell me i ll post emails here..,"@330922 For us to assist you better, kindly reply to the email you've received from our Social media team or please resubmit the details in the link provided earlier and we'll get back. ^KA",2017-11-30 02:31:18+00:00,2017-11-30 02:46:54+00:00,274,189
351488,351500,351501,@AmazonHelp - no use of contacting. No resolution at all.  Lack of communication btw #AmazonGreatIndianFestival &amp; #bluedart . #thumbsdown  !,"@199613 That's quite a remark. We'd like to help, could you let us know what went wrong? ^MA",2017-10-16 19:05:22+00:00,2017-10-16 19:39:00+00:00,144,92
179247,179255,179256,@AmazonHelp @115850 can somebody call me and update me on why the JBL charge 3 speaker is not yet shipped it was expected to be delivered tomorrow…,@158249 Did we happen to miss the estimated delivery date? ^SB,2017-10-05 05:48:59+00:00,2017-10-05 06:31:50+00:00,147,62
69721,69719,69718,"@AmazonHelp My order is lying at Gorakhpur hub today since 6Am but no courier boy has been assigned for delivery though it is to be delivered in center city  You cant even deliver one day before. Very poor service.

Flipkart do mentions 3-4 but delivers in 1-2 day. My mistek chosse amazn",@131794 The package has to undergo a few more checks and scans before we hand it over to an agent for delivery. As requested earlier kindly wait until the estimates and this would be delivered at the earliest to you.  ^KK,2017-11-29 11:03:40+00:00,2017-11-29 11:32:56+00:00,288,221
223887,223890,223891,"@AmazonHelp I just don’t understand why it’s 2 different dates and why, even though it’s “free 2 day shipping” it takes 3 days....","@169497 Prime Two-Day Shipping refers to the transit time after the item is ready to ship, not delivery time. ^JZ",2017-10-05 13:16:04+00:00,2017-10-05 13:24:00+00:00,130,113
2467608,2467607,2467609,@AmazonHelp The 29th October 2017. This is not a cheap item either....,@706045 Understood! Please allow us to take a closer look into this with you here: https://t.co/JzP7hlA23B ^QJ,2017-10-29 21:14:53+00:00,2017-10-29 21:30:00+00:00,70,110
2609299,2609301,2609302,@AmazonHelp Can i just confirm my package is 100% coming today? it has still not came though :/ https://t.co/wnmiFsxZUX,@738012 Thank you for reaching out to us; you may also confirm this info by either contacting the courier or using the courier tracking system. You can find the courier listed within your order details here: https://t.co/aaDyEz1VgE ^WM,2017-11-17 18:06:07+00:00,2017-11-17 18:09:44+00:00,119,235
2609915,2609911,2609913,"@AmazonHelp Team Requesting a Call from your side ! 
Unsatisfied ! Till problem is unsolved",@202269 I understand that waiting can be tiresome. Please be assured that we'll get in touch with you at the earliest. ^BV,2017-11-17 13:19:41+00:00,2017-11-17 13:42:18+00:00,91,122
527650,527649,527651,@AmazonHelp So this is good for me and all the customers that they will also know how is your services i will tweet every hour a new post regarding this,"@231112 Apologies, I can understand your frustration. However, Twitter being a public platform we do not have access to your order details. Please reply to the email correspondence  from our team for a better insight. Thank you for understanding, ^SI",2017-12-02 08:41:41+00:00,2017-12-02 09:08:00+00:00,152,250
627695,627693,627692,@AmazonHelp Absolutely! I listed something in the wrong area. The customer of course got the wrong item. They asked for a refund I ok it with return. I go in this afternoon and see an a to z claim has been issued with no product being returned. I work hard.,@268659 Have you contacted seller support about this? What was advised? ^PK,2017-11-22 06:58:32+00:00,2017-11-22 07:17:00+00:00,257,75
944850,944846,944845,"@AmazonHelp I have already raised this twice, first they said wait till 8 as they might have done this mistakenly, today they said to wait.",@344045 here: https://t.co/GIJyeYqKE0 and we'll help you with this. (2/2)^SQ,2017-10-21 16:55:37+00:00,2017-10-21 17:12:31+00:00,139,76
2588717,2588716,2588718,"@AmazonHelp Yes I’ve tried most of those, have emailed Hermes and reached out on here but no response",@126974 Please give us a ring here: https://t.co/JzP7hlA23B so we can take a look at this with you! ^TR,2017-10-30 19:05:59+00:00,2017-10-30 19:09:45+00:00,101,103
430040,430073,430078,"@AmazonHelp no, i did not get anything","@216871 If you haven't received any correspondence, kindly fill your details again here:  https://t.co/2KLNFDs6Dx and we'll 1/2^SH",2017-10-11 04:51:57+00:00,2017-10-11 05:13:26+00:00,38,130
1440658,1440656,1440657,@AmazonHelp Jio is dening to give eight vouchers they are saying offer is no longer exist where you are running the offer from 9th oct to 15th nov,"@454315 Please connect with our support team here: https://t.co/vlvfJr4nN9, and we'll assist you regarding this. ^NR",2017-11-02 20:11:56+00:00,2017-11-02 20:14:28+00:00,146,116
1043572,1043571,1043574,@AmazonHelp I have sent a mail mentioning the concern to support team,@366780 Thanks for letting us know. Request you to kindly wait for an update soon. ^RS,2017-10-23 09:46:47+00:00,2017-10-23 09:53:25+00:00,69,86
572384,572382,572381,@AmazonHelp 少し早いクリスマスプレゼントということで購入させていただきました。好きな人多いですよね(`・ω・´),@254492 クリスマスプレゼントにお選びいただき感激です（* ◜∀◝人）💕　そうですね、お好きな方も多くいらっいしゃいますね！ぜひ、Fire TV Stickで韓流ドラマもそれ以外の作品もたくさんお楽しみいただければと存じますΣd(*`･∀･´*)　SM,2017-12-03 05:05:10+00:00,2017-12-03 05:12:30+00:00,62,129
1475358,1475356,1475355,@AmazonHelp C'est une pub affichée en allant sur leur site mais je fais ça demain,@462493 Merci pour l'info ;),2017-11-02 22:02:31+00:00,2017-11-02 22:05:00+00:00,81,28
374191,374193,374194,"@AmazonHelp Hey. Yea. The service team rep was super helpful saying ""high shipping volume...we'll deliver tomorrow.""","@204717 Please keep us posted on the delivery, we want to make sure you receive the order. ^BH",2017-10-09 01:26:39+00:00,2017-10-09 01:51:26+00:00,116,94
528222,528206,528207,@AmazonHelp Customs did not impose restrictions on shipping from Britain,@242290 Can I ask if the item was sold by us or by one of our sellers?^TI,2017-12-02 09:23:49+00:00,2017-12-02 09:28:27+00:00,72,73
2783193,2783192,2783194,"@AmazonHelp Oh God, a template reply! My point goes unanswered. Thanks anyway. I know who to not reach out to again.😐",@219029 I'm sorry for the confusion. We are working on introducing new features on timely basis. Please stay tuned. I'll share your comments with our internal teams for review and to improve our services. ^SD,2017-11-22 00:33:10+00:00,2017-11-22 00:43:25+00:00,117,208
368311,431611,431612,@AmazonHelp Sim 😂😂 a gente não resiste a tantos livros bons 💟,@217609 Nâo tem como resistir de jeito nenhum! As vezes as pernas ficam bambas com alguns livros Priscila! Acredita? 😍📚 ^JJ,2017-10-11 02:52:50+00:00,2017-10-11 02:59:56+00:00,61,123
2276773,2276780,2276781,"@AmazonHelp When will your delay time end @115850 @AmazonHelp do you want me to provide more details that how I'm eligible for cashback of Oneplus5 launch offer. And by mentioning customer oriented service you all aren't orelse it wouldnt had taken 1,1/2 months tenure to process it.","@635870 Apologies for the ordeal with your cashback, certainly not intended. We've sent a correspondence to your registered email ID here: https://t.co/fYrzNInVt2. Kindly check and reply. ^PS",2017-11-22 05:15:39+00:00,2017-11-22 05:48:00+00:00,283,191
2284533,2284537,2284538,"@AmazonHelp Haha OC, pues na k paséis buen finde 💫",@663881 ¡Muchas gracias! ¡Que pases un excelente fin de semana! ^PC 👍😀,2017-11-11 16:09:49+00:00,2017-11-11 16:35:26+00:00,50,70
354510,354502,354501,"@AmazonHelp I was promised by the delivery of the product on October 11th, 2017 after the delay AT ANY COST. Its 4 PM already and i still haven't",@200264 We're working on resolving the issue at the earliest. We'll reach out to you with an update. ^GS,2017-10-11 10:28:15+00:00,2017-10-11 10:38:29+00:00,145,104
793935,793934,793936,"@AmazonHelp As usual superb customer service @115850
Thanks for prompt response sir","@309302 Thank you for your kind words. Hopefully, you'll find more likable deals in the upcoming sale. :) ^JC",2017-10-12 14:48:27+00:00,2017-10-12 15:17:00+00:00,83,109
1433949,1433948,1433950,"@AmazonHelp Thank you for your quick response, will call tomorrow","@452945 You're more than welcome, Beth! Let us know if we can do anything else for you. ^SA",2017-10-16 20:16:49+00:00,2017-10-16 20:19:30+00:00,65,91
671722,671712,671714,@AmazonHelp I have filled the form with desired info.. plz act soon.,@123157 We've received your details and we'll get back to you at the earliest. ^PS,2017-11-23 09:58:36+00:00,2017-11-23 10:27:00+00:00,68,82
524850,524845,524843,"@AmazonHelp Yes Mr. not only did you miss that, I was told that my address is wrong. The address on which I have received many orders in the last couple of years.",@146322 I'm sorry for the miss on delivery. We'd like to look into it. Please report it to our support team here: https://t.co/2t6DQpbXFx we'll help you out. ^AP,2017-12-02 05:45:31+00:00,2017-12-02 05:56:24+00:00,162,161
330936,330935,330937,@AmazonHelp Je viens de le recevoir donc je n’ai pas contacter le SAV ...,"@194790 D'accord, je vous invite à le faire afin que cela ne se répète plus une autre fois ^ Ko",2017-10-07 20:17:34+00:00,2017-10-07 20:20:30+00:00,73,95
1157942,1157941,1157943,"@AmazonHelp No. I had to log in &amp; check the status. Listed other items as late on the splash screen too, but listed them as delivered when I clicked. ?",@392392 The tracking details are showing that the order has been delivered? Have you been able to retrieve if so? ^AN,2017-10-24 16:31:04+00:00,2017-10-24 16:37:01+00:00,155,117
1410357,2033183,2033185,@AmazonHelp #amazonindia sorry sir. i fedup by filling forms. better you fill form on my behalf. as nobody listens there. i will only spoil your image at public platform untill you responds to my problem and provide solution. this is first phase. on next i will tag news agency for help.,"@447822 I get your disappointment. As you've shared your details, you will receive an update from our team very soon. 1/2 ^NK",2017-11-08 12:28:43+00:00,2017-11-08 12:38:47+00:00,287,125
183052,183048,183047,@AmazonHelp I have been talking to u guys for 3 days in a row. I don't have any hope now #atrociousamazon,@159049 I understand and I'm sorry about the stretch. We'd like help you. Please share your details on the link. ^HA,2017-10-04 16:37:54+00:00,2017-10-04 17:06:30+00:00,105,116
1953550,1953549,1953551,@AmazonHelp D'accord merci de votre réponse je ferai mon achat chez vous 😀,"@233975 Je vous en prie, profitez-en 🎮 Hors le matérial informatique, avez-vous une boutique préférée ? ^ASZ",2017-11-16 17:11:15+00:00,2017-11-16 17:22:11+00:00,74,108
364025,364027,364029,@AmazonHelp We planned our day today around its arrival today.,@202273 What's the current tracking on the order you're awaiting? Who's the carrier? You can check here: https://t.co/Y5jpI9gRhE ^NC,2017-10-08 19:38:58+00:00,2017-10-08 19:52:00+00:00,62,132
2511779,2511788,2511789,@AmazonHelp Thanks foe your support. I will appreciate your help if I can get delivery on time as I booked on 1st day itself,@161904 We are certainly working on getting this resolved as soon as possible. Appreciate your patience. ^EM,2017-10-30 07:17:57+00:00,2017-10-30 07:34:28+00:00,124,108
2853735,2853730,2853732,@AmazonHelp I haven't received a survey. He stopped responding to me in the chat so I just left it (I was on my mobile),@793316 You can leave feedback about the Chat session if you send us an e-mail here: https://t.co/JzP7hlA23B. We'll be able to review the session and take appropriate action. Was there anything else left besides cancelling the orders you needed help with? ^EZ,2017-11-27 20:27:55+00:00,2017-11-27 20:45:32+00:00,119,259
2773065,2773064,2773066,"@AmazonHelp Bah j'aimerais faire une annulation de commande. Mais pour aller plus vite que passer par le site, vous pouvez le faire avec le numéro de commande ? Étant donner qu'elle est déjà en préparation la commande","@383095 Nous n'avons pas accès à votre compte depuis Twitter. Veuillez contacter notre SAV afin de vérifier si l'annulation est toujours possible.
^ARC",2017-11-21 14:27:15+00:00,2017-11-21 14:33:00+00:00,217,151
980114,980110,980112,"@AmazonHelp Order #408-1244342-2854732
U may checkout the scenario.",@352399 Being a Social platform we will not be able to access your account from here. Kindly elaborate 1/3 ^SC,2017-11-03 04:51:47+00:00,2017-11-03 05:03:00+00:00,67,110
1862531,1862530,1862532,@AmazonHelp Could you advise on a particular order number if I send it? I’ve already paid some of initial cost with a gift card but can’t add another,@556594 No we can't but contact us here: https://t.co/JzP7hlA23B for information if you wish ^AS,2017-10-18 11:41:44+00:00,2017-10-18 11:49:27+00:00,149,96
1267585,1267587,1267588,@AmazonHelp Ya he contactado dos veces,"@416802 Por este medio no contamos con acceso a tu cuenta, por lo que es necesario contactar directamente a Soporte al Cliente. ^DA",2017-10-26 14:20:06+00:00,2017-10-26 14:27:01+00:00,38,131
1258967,1258974,1258976,@AmazonHelp There is nothing in the mail and I need my product or replacement since it is your fault/Please call me 9910415115,@414991 to you in 12 hours if you have shared your details here: https://t.co/GIJyeYqKE0. 2/2 ^MJ,2017-10-27 04:50:58+00:00,2017-10-27 05:04:31+00:00,126,97
1129299,1129294,1129292,"@AmazonHelp Amazon Logistics SUCKS lost a package, @115821 support says I have to call and deal w/ it myself. Sick of the loses and delays.","@386190 Hi, have you been able to contact us to arrange a replacement/refund? Have you had previous issues with the same carrier? ^TS",2017-10-24 11:21:39+00:00,2017-10-24 11:27:00+00:00,139,133
173471,173470,173472,"@AmazonHelp Everything was listed as Prime and ordered in the normal shipping window. If something requires extra processing time as it is likely to miss out on next day delivery, it shouldn’t really be listed as Prime, should it?","@156610 I understand where you're coming from, Andy. We do try to account for processing times when we send your estimated delivery date via e-mail. Here's how these dates are calculated: https://t.co/YGVozH44sU ^FD",2017-11-24 23:11:38+00:00,2017-11-24 23:21:28+00:00,230,215
25293,25289,25288,@AmazonHelp Hi it’s currently 23:25 uk time,@121470 I'm sorry your parcel hasn't arrived! Late deliveries are typically received next business day. Please keep us posted! ^BN,2017-11-03 23:26:58+00:00,2017-11-04 00:01:26+00:00,43,130
1532112,1532114,1532115,"@AmazonHelp Two were shipped by ""https://t.co/mj1N40bsvg LLC"", the third was ""Sparks DVD Sales"".",@475242 You can find additional information about e-mailing them here: https://t.co/OQz7el5Zid (2/2) ^LS,2017-11-04 01:07:28+00:00,2017-11-04 01:36:26+00:00,96,104
28907,28915,28916,@AmazonHelp This is ur method of fraud.they said me to provide telephone bill..electricity bill.but i didnt have none of these,@122366 Please reply to their email with all the details. 2/2^MS,2017-11-01 12:22:37+00:00,2017-11-01 12:32:30+00:00,126,64
2117463,2117458,2117460,@AmazonHelp To hell with your form. Send the latest product today or be prepared to pay dearly,@624098 Unless the form is filled we wouldn't be able to offer any further insight in this case. Thanks for understanding. 2/2 ^AB,2017-10-19 07:02:24+00:00,2017-10-19 07:29:11+00:00,94,130
470783,470782,470784,@AmazonHelp I have given u the case id! Its about a listing which is not going live!!!,"@227094 As this is social media, we will be unable to access your details from here. Once you elaborate your concern, we'll look into it and assist you accordingly. ^PB",2017-12-01 10:05:38+00:00,2017-12-01 10:26:25+00:00,86,168
661454,661446,661448,@AmazonHelp so I cannot make this order at this price until the 29th?,"@277602 It looks like the website was recently updated and now the item is ""not currently available."" Please check back often, though, because items are frequently added as they become available. ^SE",2017-11-23 01:20:40+00:00,2017-11-23 01:38:00+00:00,69,199
2011926,2011921,2011919,"@AmazonHelp Rien de grave, mais une commande devait arriver aujourd'hui et elle n'est toujours pas là (marquée livraison aujourd'hui + moi impatiente de recevoir) j'attendrai de voir demain ce qu'il en est ;)","@594931 Je suis désolée d'appendre cela.
Quel est le transporteur qui prend en charge votre dossier je vous prie ? ^BR",2017-10-18 20:34:05+00:00,2017-10-18 20:42:41+00:00,208,118
219589,219527,219528,@AmazonHelp @115851 yes it's very unusual for me 2.A company who claims to be world's most customer centric is not able to provide a resolution.,"@168355 We haven't yet received your details, please fill the form provided earlier. We'll get back to you right away. ^SI",2017-10-05 04:24:50+00:00,2017-10-05 05:43:55+00:00,144,122
147277,147276,147278,"@AmazonHelp After 50 minutes, he said one balance was ascribed to an old login for my wife’s account the other balance to the current login. However, now we cannot login to use balance. This is a mess.",@149068 Did we set up a follow up regarding this matter? ^CO,2017-11-24 14:44:09+00:00,2017-11-24 14:50:31+00:00,201,60
1676684,1676677,1676679,"@AmazonHelp @AmazonHelp Order # 405-9747744-8241925 Check the mailbox for ""__email__"" And try calling the agent num you gav",@510019 Revert to our correspondence sent to your registered email account &amp; we'll get back to you with an update. 2/2 ^MJ,2017-10-18 10:32:32+00:00,2017-10-18 11:16:33+00:00,123,126
2551969,2551968,2551970,"@AmazonHelp Nope. Just takes me to sign in page. I just won't buy anything but books/dvds anymore. They're cheap. If I can't return,no big loss.","@306845 Once you sign in using the link sent by JO, you will see the option to select the issue and how you want to contact us. ^DD",2017-10-30 21:10:17+00:00,2017-10-30 21:30:00+00:00,144,131
1507232,1507225,1507227,"@AmazonHelp this is really discouraging, these days your https://t.co/IS4N9ksgMW 1800 3000 9009 not wrkng at all, #Amazon",@469807 Apologies. Have you tried contacting us using the link the in the previous post? You can use the chat and email option too. ^SK,2017-11-05 18:14:17+00:00,2017-11-05 18:31:51+00:00,121,135
984647,984651,984652,@AmazonHelp nope nothing. I gave info was told it needs specialists and would be sorted in 24 hours. Radio silence since.,@353416 Has it been over 24 hours since you've contacted us via phone? Please let us know! ^AB,2017-10-22 18:14:42+00:00,2017-10-22 18:21:00+00:00,121,94
743390,743388,743387,"@AmazonHelp I'm not actually sure. It's going to be at 632 Massachusetts ave in Cambridge, ma. If it's groceries, i'd love to be able to use it.",@138936 Physical stores should be equipped with employees who are willing to assist customers. ^WJ,2017-10-11 15:10:36+00:00,2017-10-11 15:17:26+00:00,144,98
970611,970588,970589,@AmazonHelp Guys I am still waiting for the  team to connect with me ...,"@350312 Sorry for the delay, we are working on this issue. We'll get back to you soon with an update.^PJ",2017-10-24 15:18:19+00:00,2017-10-24 15:47:49+00:00,72,104
2154158,2154149,2154148,@AmazonHelp C’est un peu tard pour le conseil... boutique informatique 😍,"@206579 Il n'est jamais tard pour bien faire 😜 Vous achetez votre matériel pour un usage professionnel ou personnel ?
Amal",2017-11-20 14:39:54+00:00,2017-11-20 14:52:49+00:00,72,122
2764998,2764996,2764997,@AmazonHelp I dont have time to fill this out. Can I DM you the order number for you to sort? Because if it isn't here by 5pm today I will be cancelling the order,"@129034 Hi, I'm sorry but we do not have access to your account/orders through Twitter so will need you to contact us directly in order to help. ^KK",2017-11-21 11:26:33+00:00,2017-11-21 11:40:30+00:00,162,148
2309713,2310492,2310493,@AmazonHelp Yes ..  two customer support agents via chat promised delivery today for 2 orders .... none showed up ... I asked the 3rd agent to cancel both the orders,"@670098 Thank you for clarifying for us. I'd like to get this escalated for you. When you're free, please send us some details about your order here: https://t.co/HdSTrX4Ix8 ^DW",2017-11-13 04:47:29+00:00,2017-11-13 05:03:00+00:00,165,177
609342,616898,616899,@AmazonHelp Amazon. Usps and ups show up when they are supposed. Amazon transit has been horrendous,@266373 Thanks for letting us know! We can't access your account from here but we'd like to take a deeper look into this with you. Please send us your information here: https://t.co/UEn0qaaXan ^KH,2017-11-22 14:29:54+00:00,2017-11-22 14:35:09+00:00,99,196
1278705,1278708,1278710,@AmazonHelp Care to explain how an electronically generated number for the sole purpose of replacement of my product should be considered secret/private,@419228 to share any of your personal details. Kindly provide your details through the link provided above so 2/3 ^SH,2017-10-16 09:06:28+00:00,2017-10-16 09:38:31+00:00,152,117
1670700,1670704,1670705,@AmazonHelp I have filled two times..,@129970 We've emailed a correspondence to you. Kindly check it here: https://t.co/sC1mf2vwg9 and reply to it for further assistance.^SF,2017-11-08 06:05:59+00:00,2017-11-08 06:34:25+00:00,37,135
142922,142921,142923,@AmazonHelp Oh il ne faut pas être désolé ! J'apprécie la démarche :D https://t.co/XK5rpG6u26,"@148264 D'accord. Donc, votre colis sera livré le mardi prochain. ^SB",2017-11-24 13:08:00+00:00,2017-11-24 13:18:40+00:00,93,69
2784506,2784504,2784502,"@AmazonHelp Ok, I'll keep in my mind next time.. but can you look into it?? This kind of service is not expected from #AmazonIndia the delivery is getting sucky day by day.. 2nd instance from the same account where the delivery person was misguiding",@777480 Apologies for the trouble. Could you let us know have you reported this to our support  team in the link provided earlier? ^RB,2017-11-21 18:07:03+00:00,2017-11-21 18:19:31+00:00,249,134
2627694,2627693,2627695,@AmazonHelp Not asking for product price.... It's about the exchange price of my phone got down by 2k in a night.,"@199844 I understand your concern, Gagan. The exchange prices are subjected to change depending on our Buyback partners. ^MK",2017-11-17 18:39:37+00:00,2017-11-17 19:09:00+00:00,113,124
142809,718369,718370,"@AmazonHelp Guys pls try to understand my concern, it is clear ly deducted here. Read the mail self explanatory. Can someone try to be in my place and understand my concern Rs. 1500 is not a small amount. https://t.co/lQJAkGB7Pu",@148240 It seems that you have replied to our email communication. We will check and connect with you accordingly. Appreciate your patience. ^RW,2017-11-25 08:55:04+00:00,2017-11-25 09:29:54+00:00,228,144
2485517,2485631,2485633,"@AmazonHelp Hell you @AmazonHelp @115850 @115821 you are really a big cheater.. your representative told that they couldn't help me..

Amazon is just a way..
Go talk to your mobile operater.. though it's amazon fault which she accepted..
Earn money like this..
Shame on you. you losers.
Gth","@226779 I get you're upset, Nitish. Could you please confirm if you have shared your details on the link provided earlier. ^SY",2017-11-16 10:09:46+00:00,2017-11-16 10:33:56+00:00,290,126
2877048,2877047,2877049,@AmazonHelp And what if you fail to Deliver the Product on Guaranteed Delivery Date/Standard Delivery Date. @133462 @118702,"@135838 As mentioned earlier the orders are delivered as per the delivery estimates. In case there's any issue with the delivery, you can always reach out to us through the link provided earlier and our support team would assist you accordingly. ^MD",2017-11-29 14:27:39+00:00,2017-11-29 15:04:00+00:00,123,249
652068,652058,652055,@AmazonHelp Non en attente pour expédition mais un de vos agents ma dit que cela n'a aucune incidence,"@275060 D'accord, vu c'est confirmé par notre SAV vous pouvez supprimer votre carte.
^YL",2017-11-22 21:48:17+00:00,2017-11-22 21:57:00+00:00,101,88
569222,569221,569223,@AmazonHelp Amazon is the carrier. Last update was 5AM. Customer service has no idea where the package is.,"@253554 I would like a member of our team to look into this for you. Please provide more info here: https://t.co/X9YZuMyfLB

^BA",2017-12-03 03:18:52+00:00,2017-12-03 03:27:00+00:00,106,128
2814517,2814515,2814513,@AmazonHelp They were both shipped with AMZL US,"@507610 I'd like to have my team take a further look into the issues with your orders. We aren't able to view order or account details via Twitter, so please use this link to send us further info: https://t.co/pcHHmbIEW3 ^DO",2017-11-27 02:19:13+00:00,2017-11-27 02:22:32+00:00,47,224
2727966,2728933,2728932,@AmazonHelp I have already.  Thanks.,@753928 Please keep us in the loop and let us know if it is resolved! We're here to help if you have further questions or concerns as well. ^TG,2017-11-20 14:41:37+00:00,2017-11-20 14:47:38+00:00,36,143
2810249,2810251,2810253,"@AmazonHelp while viewing it is saying to 2-4 business days, but just before the payment option in review it is been updated to 3-7(as it is 25-28, pincode is same). people miss the updation in last page mostly. https://t.co/LmkkmLChYB","@783715 Estimated delivery dates on an order are revealed at checkout after calculating all relevant factors such as pincode, distance between fulfillment center and your address, the carrier being used etc. (1/2)^AU",2017-11-22 07:41:57+00:00,2017-11-22 08:08:29+00:00,235,216
248141,248130,248131,"@AmazonHelp ok, os aviso en cualquier caso, gracias.","@174951 Con gusto, Benja. Estaremos pendientes de tu caso. ^LG",2017-10-05 16:39:04+00:00,2017-10-05 16:40:25+00:00,52,62
1466080,1466078,1466077,@AmazonHelp Leger retard d'un produit qui devait arriver entre 16h et 18h et qui n'est toujours pas là ! :),"@460284 😕 Que dit le suivi de votre commande je vous prie ? 
^KE",2017-10-31 17:51:31+00:00,2017-10-31 17:55:03+00:00,107,64
2932780,2932778,2932777,@AmazonHelp comment le signaler à votre service si jamais?,@775369 Vous pouvez le faire via le lien suivant  https://t.co/hgIrz98cdI ^AR,2017-11-29 09:01:20+00:00,2017-11-29 09:08:32+00:00,58,77
2454494,2454492,2454489,@AmazonHelp Shipping soon.  Says arriving today by 8pm. It’s 1021pm. CS had no date to give me.,"@372158 I can certainly understand your frustration about it! We'd like to have someone look at this, please reach out to us via phone or chat here: https://t.co/LAQZoVGJBa ^BE",2017-11-15 03:22:04+00:00,2017-11-15 03:25:00+00:00,95,176
1771867,1771866,1771868,@AmazonHelp プライムの見放題から外れても、また再開することってありますか？しまじろうのアニメを子供が見ていたのですが、いつの間にかレンタルに切り替わってしまっていたので…,@532577 プライム・ビデオ対象作品は、常に変更されています。新しいタイトルがプライム・ビデオの対象に追加される一方で、削除されるタイトルもあります。恐れ入りますが、今後の予定は未定のためご案内ができません。ご希望にそえず申し訳ございません🙇　SM,2017-11-08 05:23:08+00:00,2017-11-08 05:31:27+00:00,91,126
284352,284351,284353,@AmazonHelp Je ne sais pas comment faire je n'ai pas trouvé l'accès via le site internet,@183727 Vous pouvez joindre notre service client via le lien suivant:  https://t.co/hgIrz98cdI ^BR,2017-10-06 16:35:38+00:00,2017-10-06 16:38:51+00:00,88,98
984725,984724,984726,@AmazonHelp Sorry I'm not going to do that. It's frustrating 😡. U better cancel my order. U can't even deliver a medicine on time. @123288 @306774,@353423 team using the link shared earlier and we'll reach out to you. (2/2) ^GK,2017-10-22 10:27:13+00:00,2017-10-22 10:43:00+00:00,146,80
2192542,2192537,2192535,"@AmazonHelp Yes. My email address, my delivery address is correct too.","@598553 Thank you for confirming. Can you confirm if you're using the same site to log into as the one you've previously been using? i.e. .com, .uk, .in. ^SK",2017-11-09 20:21:05+00:00,2017-11-09 20:25:00+00:00,70,157
2303900,2303876,2303881,@AmazonHelp My prime account has been unable to be renewed due to this. I was trying to renew my annual membership at the start of this. You can understand my frustration I'm sure. /end,"@668493 When you spoke with us, did we provide any insight on why the payment is still processing? Have you received any e-mails regarding the payment? ^DD",2017-11-12 20:02:02+00:00,2017-11-12 20:11:38+00:00,185,155
1771749,1771745,1771746,"@AmazonHelp Day - 17
Issue is not solved yet.
#worst Cc Ever",@532550 I'm sorry for the stretch on resolving your concern. Kindly check for the correspondence sent to your registered email address from our team and reply to it. ^AP,2017-11-28 06:43:55+00:00,2017-11-28 06:56:53+00:00,60,169
590798,590790,590792,"@AmazonHelp Okay, looks like you've stopped responding to me, again.","@259746 I'm sorry for the delay, Dave! When you spoke with us, what insight or options were we able to provide? Also, can you tell us who the carrier is? You can find that here: https://t.co/Y5jpI9gRhE ^KN",2017-12-03 17:47:44+00:00,2017-12-03 17:55:00+00:00,68,205
328004,328012,328013,@AmazonHelp @AmazonHelp hope I get the delivery today. Need to know on what basis is my number blocked for call back??,@167356 Please connect with us via chat/email using the link provided above. We'll get this checked. ^HD,2017-10-08 01:50:29+00:00,2017-10-08 02:07:56+00:00,118,104
227436,227435,227437,@AmazonHelp 年季が入っているように見えて実はまだ数日前に届いた比較的新しい箱だったんですが、、猫２匹が奪い合いするのでこんな状態になってしまいました(´×ω×`),@170240 奪い合うほど気に入っていただけているんですね・・・！素敵な写真を見せていただいてありがとうございました（*'∀'人）*+ SK,2017-10-05 14:46:44+00:00,2017-10-05 22:47:00+00:00,87,71
2795363,2795360,2795361,@AmazonHelp Called and got hung up on Smh  @115821,"@266394 This isn't the impression we want to leave you with. When you get a chance, please send us your details here: https://t.co/S94HtsUYh4, so my team can take a look. If you're unable to sign in, please try hitting skip sign in. ^JM",2017-11-22 03:02:10+00:00,2017-11-22 03:16:26+00:00,50,236
1718733,1718711,1718714,"@AmazonHelp Plz provide me update as i bought many  &amp; return details
Order date
27-Oct-2017
Order 
408-7381410-8288305
Order total  2,024.00 (4 items)",@444669 We wouldn't be able to access your account on twitter. Please contact us here: https://t.co/rS49hgaADF for assistance.1/2 ^BV,2017-11-07 16:39:48+00:00,2017-11-07 17:10:07+00:00,154,133
1737608,1737612,1737614,"@AmazonHelp Jein, die Bestellung die angeblich morgen kommen sollte kam heute an und die, die gestern geliefert werden sollte ist noch nicht da 🤷🏻‍♂️","@524526 Wenn du möchtest, dass wir vom Amazon.de Social Media Team nochmal drüber schauen, melde dich: https://t.co/cUDnC8mjd7 ^MS",2017-11-08 12:10:23+00:00,2017-11-08 14:52:30+00:00,149,130
1204965,1204964,1204966,@AmazonHelp yes. it says prime and also fulfilled by amazon.,@403029 Could you please share the link of the product? We l=would like to look into it.  ^HR,2017-10-25 08:35:44+00:00,2017-10-25 09:05:48+00:00,60,93
2853625,2853623,2853621,@AmazonHelp Done that and it’s expected today....still not arrived.,"@793294 If it doesn't arrive by 21:00, use the link provided by ^KP. We'd like to look deeper into this delay with you. ^SK",2017-11-27 20:34:50+00:00,2017-11-27 20:39:35+00:00,67,123
74743,74742,74744,@AmazonHelp Correct too a Zoe in reception . But they must have delivered to wrong building. I’ve been everywhere around the delivery place but can’t find this Zoe,"@132728 I'm so sorry about this, Martin! Please contact us here so we can investigate this further:  https://t.co/JzP7hlA23B ^SA",2017-11-30 11:20:10+00:00,2017-11-30 11:33:27+00:00,163,128
665633,665624,665623,@AmazonHelp I am more angry about the appalling service than I am the package being late! Right now I hate Amazon and refuse to purchase from you again!,"@278566 If it doesn't arrive by the end of the day, please reach out to us here: https://t.co/JzP7hlA23B We want to help! ^ZE",2017-11-02 14:11:42+00:00,2017-11-02 14:22:28+00:00,152,125
2803330,2803327,2803325,@AmazonHelp It’s still the same and when I go on track order it doesn’t say when it should ship,@142943 That's really strange. Have the delivery dates changed from what was originally provided in your confirmation e-mails? ^BL,2017-11-22 01:42:35+00:00,2017-11-22 01:46:16+00:00,95,130
787214,787218,787219,@AmazonHelp  https://t.co/6DRLcSPKit,"@307778 Apologies, we weren't aware that the order was via a 3rd Party Seller, please keep us updated. ^JJ",2017-10-12 10:48:32+00:00,2017-10-12 11:04:00+00:00,36,106
388357,388343,388344,"@AmazonHelp Oh oui, j'ai tout le temps des réponses me demandant d'attendre 4 jours. De ce côté là ça marche plutôt bien.",@207908 Je vous propose de remplir ce formulaire : https://t.co/HtUowg2UGX afin de vérifier cela sur votre compte directement. ^MH,2017-10-09 15:24:13+00:00,2017-10-09 15:35:35+00:00,121,130
158648,158646,158649,"@AmazonHelp On m’a fait le coup hier soir déjà, mon colis était chez la voisine d’en face. Je vais arrêter de commander chez vous je pense, les livraisons ce n’est plus ce que c’était .. je commandait 1 à 2 fois par semaines mais là...","@152473 Je comprends parfaitement votre réaction et je vous prie de nous excuser pour la gêne occasionnée, afin qu'on puisse remonter au service en charge des transporteurs, merci de le signaler à notre service client via : https://t.co/qzuu0dgDXz ^ASZ",2017-11-24 18:21:49+00:00,2017-11-24 18:40:26+00:00,235,252
1201934,1201930,1201932,@AmazonHelp sir I know AMAZONE I dont knoe any manufacturer and payment was made to you,"@402402 As the warranty must be honored by the manufacturer, please reach out to them for further assistance on this. ^HK",2017-10-29 04:32:54+00:00,2017-10-29 04:45:00+00:00,87,121
1423024,1423036,1423037,@AmazonHelp My husband has already called. Supposedly there will be another delivery attempt this evening. Not sure why I am a prime member...,@450691 We can deliver up until 8PM! Please let us know if you haven't received your delivery by this time. ^KJ,2017-11-02 15:08:04+00:00,2017-11-02 15:12:00+00:00,142,111
481600,481599,481601,"@AmazonHelp Il vostro servizio clienti non può fare niente, io ho sempre lo stesso indirizzo ma da qualche tempo le consegne faticano ad arrivare perché non trovano l'indirizzo (che hanno sempre trovato tutti) se non siete in grado di garantire il servizio, evitate di venderlo.",@229472 Che riscontro ti è stato dato dai colleghi del Servizio Clienti? ^BC,2017-12-01 14:23:53+00:00,2017-12-01 14:33:30+00:00,278,76
1359069,1359068,1359070,@AmazonHelp what if i just ask to swap my physical copy for a digital copy instead?,"@436857 When you look in order history, do you see an option to Edit/Cancel the existing order? If so, you can cancel &amp; order digital. ^FR",2017-10-27 20:16:23+00:00,2017-10-27 20:24:42+00:00,83,142
250665,250664,250666,@AmazonHelp All details shared and also received that matter wud be solved in24 hrs. It's more than that now.,@175577 You may communicate with us by replying to our email and we'll respond to you. ^NR 2/2,2017-10-05 19:49:29+00:00,2017-10-05 19:58:32+00:00,109,94
2412600,2412597,2412598,@AmazonHelp OK merci je vais le faire depuis un PC car sur l’appli mobile étant invité Prime je n’ai pas l’onglet ! Si besoin je vous dirai :) #boulet,@693572 Avec plaisir. ^BR,2017-11-14 18:26:21+00:00,2017-11-14 18:30:00+00:00,150,25
265005,265004,265006,"@AmazonHelp No because quite frankly I can't spend 2 hours to return a product every time I make an order, and then pray the returned product isn't damaged either. The obvious solution is just order from a company with proper packaging, and not terrible flimsy yellow envelopes.","@179128 We'd like to escalate this issue. When you have a moment, please call us: https://t.co/Q7Ftz6nj80. Packaging feedback (1/2)^MV",2017-10-05 23:11:49+00:00,2017-10-05 23:20:32+00:00,278,134
2290973,2290972,2290974,@AmazonHelp I have raised my complaint twice .. and yet no response. What is this customer service. ? https://t.co/EY26BsfQMx,"@665434 If the email has been sent more than 24 hours, an email should have been sent with a reply by our support team. Kindly check it from the link shared here: https://t.co/NTkrxpsbHJ ^HR",2017-11-14 09:07:14+00:00,2017-11-14 09:38:56+00:00,125,190
133762,133714,133716,"@AmazonHelp Kann die zuständige Kollegin vielleicht anrufen? Wäre schön, wenn es möglich ist.","@146143 Wir sind gerade dabei, deinen Fall zu bearbeiten. Wir geben wir uns alle Mühe, dass deine Lieferung dich bald erreicht. Bitte gedulde dich noch ein bisschen.
Wie sieht es denn um deine Ersatzlieferung aus? ^AM",2017-11-24 15:29:42+00:00,2017-11-24 15:56:32+00:00,93,217
1553233,1553231,1553230,@AmazonHelp I never received any info Spent all week contacting you guys. All promising it would arrive day after day! No1 is telling me whats going on,@165089 What were you advised when you contacted us? ^MC,2017-11-04 10:13:01+00:00,2017-11-04 10:40:00+00:00,151,56
1755046,1755045,1755047,@AmazonHelp いつも利用させていただいてます！素晴らしいサービスを提供していただきありがとうございます！,@528555 どうもありがとうございます(*'▽') 今後ともどうぞよろしくお願いいたします♪ EK,2017-11-26 06:28:11+00:00,2017-11-26 06:32:26+00:00,57,51
235187,244103,244104,"@AmazonHelp U can call me.in personally 
8980420100",@172009 shared earlier so that we can look into it. 2/2 ^SB,2017-10-05 14:52:26+00:00,2017-10-05 15:18:45+00:00,51,59
539715,539711,539713,"@AmazonHelp On one of the items, yes. The second item the email confirmation did say delivery would be today. I assumed Friday because of the 2 day shipping. But the previous item was late.","@245177 Have you raised this with us previously? Is the status for your current order ""Out for delivery""? If so it should be with you by 8pm tonight.^SM",2017-12-02 15:13:51+00:00,2017-12-02 15:20:32+00:00,189,152
2768236,2768240,2768241,"@AmazonHelp yes, it says nov 22 - nov 28",@774043 I  hope you receive your parcel in delay ^ME,2017-11-21 15:01:01+00:00,2017-11-21 15:24:00+00:00,40,52
759009,759015,759016,"@AmazonHelp Item taken back on 13th, not showing returned, no money refunded, new item not delivered! Have I just been cheated by Amazon?",@301369 We're sorry to hear that! Please contact us here: https://t.co/rS49hgaADF and we'll do our best to assist you accordingly. ^SU,2017-10-14 13:21:43+00:00,2017-10-14 13:34:29+00:00,137,134
1883392,1883390,1883389,@AmazonHelp Je suis en maison et mes voisins étaient absents j’ai rien recu la dernière fois que Chronopost mon livré c’était derrière mon portail,@562042 Je vous propose de contacter notre SAV via : https://t.co/qzuu0dgDXz afin qu'une enquête soit ouverte concernant la livraison. ^MH,2017-10-18 11:07:37+00:00,2017-10-18 11:09:31+00:00,146,138
605113,605101,605102,@AmazonHelp Seems ur team is working in dreams. The day is over. There's no whereabouts of my order. This has been so embarrassing for me. Just try to put ur foot in ur customer's shoe. Pathetic service!! Have been wasting my time with u for 2 days. Is anyone listening?? @119356 @115821,@263833 I understand that you haven't received your order. Please be assured that our team is working on it and will get back to you soon with the resolution. I also request you to check your inbox for an email correspondence sent by our Social Media Team. ^MD,2017-11-23 16:46:39+00:00,2017-11-23 17:17:51+00:00,287,260
1620652,1620675,1620677,@AmazonHelp Thanks for starting hope this review get completed soon,@496691 Appreciate your patience. Kindly reply to the correspondence you've received from us for further concerns.^SM,2017-11-07 01:13:13+00:00,2017-11-07 01:26:50+00:00,67,117
264683,264677,264675,@AmazonHelp Everytime i got this reply but no any action found at least 5 time but nothing happen,"@179062 I get your concern, please share your details on the link provided above and we'll look into it. ^PS",2017-10-10 05:40:35+00:00,2017-10-10 06:20:29+00:00,97,108
802360,802359,802361,"@AmazonHelp Signed up for ""Merch By Amazon"" a year ago, still haven't gotten accepted",@311195 Thanks for confirming! I recommend contacting us using the e-mail address listed here: https://t.co/Uc7OP8CFCz ^RA,2017-10-12 16:22:48+00:00,2017-10-12 16:30:43+00:00,85,122
795160,795186,795187,"@AmazonHelp Dammit. I hv already done that on 12th. I want the status of that complaint. Y u ppl hv nt acted on ur so called ""get in touch soon"" drama","@309587 If you already shared your details, you should've received a correspondence. Kindly check, here: https://t.co/8DAc10S7ww ^MA",2017-10-15 21:39:55+00:00,2017-10-15 21:53:26+00:00,150,132
272657,272656,272660,"@AmazonHelp They asked me to come office (15Km) and collect the shipment. Order ID 404-1127558-3659539. @145529 spoiling your brandname, stop it",@181097 Sorry for the trouble with the delivery of your order. Let us look into it. Please share (1/3)^HR,2017-10-06 03:55:26+00:00,2017-10-06 04:43:55+00:00,144,105
2281062,2281060,2281059,"@AmazonHelp I've not, yet. It seems to only happen when my phone is charging.",@663074 Please let us know if that fixes the issue. We are here to help! ^BA,2017-11-11 20:52:31+00:00,2017-11-11 20:57:00+00:00,77,76
2538985,2538984,2538986,"@AmazonHelp Sorry to say..
But I will take precaution to order from @118702 next time..",@646539 I get your disappointment. I'll be sure to pass your feedback to the concerned team internally. ^SG,2017-11-16 10:02:27+00:00,2017-11-16 10:18:25+00:00,87,107
2935217,2935216,2935218,@AmazonHelp Yes I do. The instructions are to leave in the carport/garage area..not the inside of a bin with open food waste in it!!,"@811534 Can I ask which carrier was used for the order, George? You can check here: https://t.co/aaDyEz1VgE ^TI",2017-11-29 12:35:13+00:00,2017-11-29 12:42:29+00:00,132,111
1883355,1883354,1883356,@AmazonHelp  https://t.co/ID7eVEFeH8,"@562032 Hey, please get in touch with us here:  https://t.co/JzP7hlA23B we'll hep you out ^AS",2017-10-18 11:31:20+00:00,2017-10-18 11:38:00+00:00,36,93
431578,433011,433012,"@AmazonHelp They 2 provide scripted replies like u. If u cant deliver, y commit? y gv a fake update rather thn admitting d deficiency in ur services?",@217605 Apologies for the ordeal Karthik. Please share your details here: https://t.co/GIJyeYqKE0 and I'll get back to you. ^HN,2017-10-10 15:57:20+00:00,2017-10-10 16:24:00+00:00,149,127
2350902,2350901,2350903,@AmazonHelp I ordered it on Saturday and played extra for delivery today. Got the games but no console to play them on 😢,"@679473 We continue delivering up until 21:00, so it looks like it may still be in transit for the day. If you haven't received it by this time, please let us know. ^GS",2017-11-13 17:56:59+00:00,2017-11-13 18:12:56+00:00,120,168
2588687,2588689,2588690,"@AmazonHelp haha, ihr seid ja witzig, ich soll bis 1.11. warten ob da meine sendung kommt...feiertag. das können wir also abhaken ;)",@733375 Sonst freut man sich über Feiertage - in deinem Fall liegt er jetzt leider ungünstig 😕 Halte uns gern auf dem Laufenden. ^DS,2017-10-30 19:28:24+00:00,2017-10-30 20:03:37+00:00,132,132
2795320,2795319,2795321,@AmazonHelp ¿Hasta cuándo va a ser gratis? ¿Luego vais a empezar a cobrar?,"@780036 Actualmente Prime Video es un beneficio de la suscripción a Amazon Prime, sin embargo no contamos con inforamción acerca de cambio en cuanto al pago.  De seguro todas las novedades o actualizaciones se realizarían en el sitio web de llegar ocurrir. ¡Saludos! ^PC",2017-11-21 22:34:38+00:00,2017-11-21 22:40:31+00:00,74,270
278651,278653,278654,"@AmazonHelp Me avisem se liberarem 
Faz mt tempo q quero terminar de assistir
E re-assistir
Eu ja assinava o prime
Hj eu descobri q tem, mas n posso :c","@182454 Fica de olho no site e nas nossas redes pra não perder nem uma novidade, aqui avisamos todas. :) ^JD",2017-10-06 08:41:07+00:00,2017-10-06 08:43:00+00:00,151,108
2847324,2847323,2847325,"@AmazonHelp Third party seller, I've tried contacting them various times but no response https://t.co/dtxcaZqY9o","@791895 I'm sorry to hear this, Lauren! Please contact us here so that we can take a closer look into this for you:  https://t.co/JzP7hlA23B ^SA",2017-11-27 19:16:56+00:00,2017-11-27 19:37:27+00:00,112,144
955635,955648,955649,@AmazonHelp The only link you have provided takes me to the main Amazon customer service page which leads to calling customer servc &amp; I am done w/  them,@346732 The link provided by ^JF will direct your information to a member of our Social Media team: https://t.co/AXeaccnFmM ^ST,2017-10-21 22:59:56+00:00,2017-10-21 23:06:00+00:00,156,127
652104,652103,652105,"@AmazonHelp I received a e-gift card from a friend. I calmed it and a few days later without spending it, it was gone.","@140395 I'm sorry about the trouble with your gift card balance. We're here to help!  Just to clarify, which Amazon site was the gift card added to? ^SG",2017-11-22 22:15:42+00:00,2017-11-22 22:33:00+00:00,118,152
947197,947196,947195,@AmazonHelp Okk please help sir .my name is Yogesh Kumar Saini.,"@344626 We'd like to work on your concern, Yogesh.  Please fill this form: https://t.co/GIJyeYqKE0 and we'll contact you shortly. ^MP",2017-11-25 16:26:11+00:00,2017-11-25 16:58:00+00:00,63,133
919044,919043,919046,@AmazonHelp J'étais en train de remplir le formulaire ^^.,@338173 D'accord ^ KO,2017-10-13 21:05:58+00:00,2017-10-13 22:17:01+00:00,57,21
687783,687782,687784,"@AmazonHelp É sexta-feira, só quis dizer que ficaria feliz se chegassem hoje pq to ansiosa hahaha","@284266 Ka, estamos trabalhando para que você receba o seu pedido o mais rápido possível. ^NP",2017-11-23 14:29:55+00:00,2017-11-23 14:43:00+00:00,97,93
598037,598039,598040,@AmazonHelp No support  has been offered..  They just made an excuse of pricing  error..i mean wow..,@261770 I'd like to take a closer look into this. Please share your details here: https://t.co/GIJyeYqKE0 and I'll get in touch with you. ^MK,2017-12-03 20:01:30+00:00,2017-12-03 20:19:00+00:00,100,141
831767,831776,831782,@AmazonHelp I haven't received any email regarding any type of support. You peoples are only saying to wait for another 24-48 hours. Nothing else than that. I want my product by today EOD. Please help if pssible,@318094 We are working on getting this resolved as soon as possible. Please be assured you'll receive an update soon. ^EM,2017-10-15 10:18:28+00:00,2017-10-15 11:42:46+00:00,211,121
78766,2674379,2674380,"@AmazonHelp Like me there r so many people who pays their postpaid bill every month. If #PostpaidOnAmazonPay happens with #AmazingCashbacks , it'll gain popularity over Paytm, Phonepe, freecharge, mobikwik.",@133569 Thank you for sharing your valuable insight. I'll share your comments with our internal teams for review. Please stay tuned to our website for more exciting features and offers. ^SV,2017-11-19 17:29:03+00:00,2017-11-19 17:39:00+00:00,206,189
1107911,1107917,1107918,@AmazonHelp wake up Amazon!!!! https://t.co/34BEeqCZYP,"@381489 Please don't provide your order details, we consider it personal information. Our Twitter page is visible to public. (3/3) ^HD",2017-10-17 15:09:20+00:00,2017-10-17 16:21:31+00:00,54,134
1229432,1229431,1229433,@AmazonHelp Today but it's 6:17 doubt u guys will come thru,@408363 Deliveries conitinue through to 8 PM. Please let us know when your order arrives. ^DO,2017-10-16 01:17:13+00:00,2017-10-16 01:19:00+00:00,59,93
1209100,1209099,1209101,@AmazonHelp I-parcel but they direct me to fast way courriers. Ordered off Amazon UK. I was told last week it would arrive in 24 hours.,@403854 I would advise reaching out to us here so we can look into this for you James  https://t.co/JzP7hlA23B ^KM,2017-10-25 10:58:35+00:00,2017-10-25 11:01:03+00:00,135,114
518795,518788,518790,"@AmazonHelp Why do I have to run this down myself? Amazon shipped it via your carrier of choice, and I have not received it. Why are you not responsible for finding my package?","@239693 I'm sorry for the frustration, Pat! We do not have access to your account through Twitter. Let's take a look into this in real-time. When you have a free moment, please reach to us here: https://t.co/hApLpM3Ejd",2017-12-02 02:37:20+00:00,2017-12-02 02:47:00+00:00,176,218
2408657,2408656,2408658,"@AmazonHelp For a group project, we are supposed to find the core purpose of Amazon as a thriving organisation in the market. Help me find it?","@200428 I'm sorry, here at Amazon help we'll be able to assist you with your account/order related queries. ^MO",2017-11-14 16:20:02+00:00,2017-11-14 16:36:27+00:00,142,111
298971,298973,298980,@AmazonHelp How many customers you lose as you know you'll have millions more. It's a shame really 👎🏻,@187261 I'd like to have a member of our team take a look at this. Please provide detailed info w/ us here: https://t.co/iTmIz6FWOp ^KP,2017-10-06 20:21:53+00:00,2017-10-06 20:25:00+00:00,101,135
183481,183479,183478,@AmazonHelp ご丁寧にありがとうございます！配送はデリバリープロバイダという業者です。不在配達置き場は設定しておりませんでしたのだ「配達完了」のステータスになる事に正直不安になりました。出社するまで届いているものだと思っておりました。ちなみに商品は業者に電話して先ほど届けていただきました。,@159150 このたびご不便をおかけしたことについて改めてお詫びいたします。荷物はお受け取りいただけたとのことですが、今回の配送業者の対応について状況を確認のうえ、適宜改善要請させていただきます。メールでも構いませんので、先程のリンクよりご連絡いただけたら幸いです。RI,2017-10-04 10:21:09+00:00,2017-10-04 10:37:31+00:00,150,136
291369,291374,291376,@AmazonHelp I had filled above form,"@185376 Thanks for letting us know, we've received the details. We'll send you an update soon. ^MS",2017-10-06 18:15:44+00:00,2017-10-06 18:25:30+00:00,35,98
566642,566646,566647,@AmazonHelp I was offered the gracious chance of cancelling my order and paying substantially more to buy it from another seller and being reimbursed “a promotional certificate “ which I could only use on orders that you guys get paid for,@252854 I'm so sorry for this frustrating experience! I'd like a member of our team to look into this. Please provide your information here and we'll be in touch: https://t.co/iVTGwHqiEe ^HS,2017-12-03 01:59:14+00:00,2017-12-03 02:18:26+00:00,238,190
629647,629646,629648,@AmazonHelp Ya he solucionado el problema por el chat en vivo. Gracias :3,@269156 Nos alegra saberlo y gracias por informarnos. Ha sido un placer. ^FZ,2017-11-22 15:57:38+00:00,2017-11-22 16:04:00+00:00,73,76
2727949,2727951,2727952,@AmazonHelp 🤗🤗🤗 è già nella mia lista dei desideri di @120540 non mi stacco mai da lei come dalla mia agenda rossa ❤️🤗 chissà se Babbo Natale leggerà la mia letterina 🎅🎅 https://t.co/1CcHEa03Wr,@764937 Ce lo auguriamo anche noi! 😊 🤶 🎄 ^EA,2017-11-20 15:26:37+00:00,2017-11-20 15:42:00+00:00,193,44
912898,912903,912904,@AmazonHelp Dont try to demonstrate your so called policies and formalities with me.I have given the order id.If you intend to help do it else leave it.,"@336791 Anirban, we won't be able to access your Amazon account from Twitter. Please share the details and we'll reach out. ^MS",2017-10-21 15:10:03+00:00,2017-10-21 15:26:31+00:00,152,127
1531264,1531266,1531268,"@AmazonHelp Tracking ID TBA522164858000
Please, I've got like 30 kids coming for the program &amp; these are my craft supplies.","@475050 We can't access your account here, but will be happy to look into this with you: https://t.co/I44CTaOVGg Thank you! ^LB",2017-11-04 13:27:50+00:00,2017-11-04 13:30:18+00:00,127,127
1346617,1346619,1346620,"@AmazonHelp Pour l'heure, je verrai demain matin. Mais le colis était parti à temps. Suffisamment tôt pour arriver à la date initiale au moins !",@434023 N'hésitez pas à nous joindre via : https://t.co/qzuu0dgDXz afin de vous assister si vous n'avez pas de nouvelles. ^MH,2017-10-27 18:10:43+00:00,2017-10-27 18:18:29+00:00,144,125
1710397,1710396,1710398,"@AmazonHelp What “tracking” info, @118706 claims they’ve attempted delivery which is a blatant lie.","@173566 I'd recommend these steps: https://t.co/gHExXpPqJU. If still missing, contact us: https://t.co/EKXRLsnxJu ^AF",2017-10-17 17:58:31+00:00,2017-10-17 18:04:29+00:00,99,117
264807,264802,264803,@AmazonHelp I have checked and reverted.. whats the point of social media accounts when u still follow old school email processess @115851,"@179075 We haven't received your response, Kindly check the correspondence here https://t.co/8DAc10S7ww and revert. ^AH",2017-10-11 02:40:41+00:00,2017-10-11 04:46:05+00:00,138,119
937986,941360,941361,@AmazonHelp Já comecei a campanha por aqui 😉,"@343167 🙊Você vai amar demais Vivi, conta para a gente por que você gosta do Kindle?. ^MB",2017-10-21 15:54:00+00:00,2017-10-21 15:59:45+00:00,44,89
2841877,2841880,2841881,"@AmazonHelp Tomorrow, but that means I have to stay in yet another day. Yet you said it would be guaranteed by today. You shouldn’t use the word guarantee when you don’t mean it.",@790725 Please keep us updated and let us know if the order doesn't come in by tomorrow. ^VS,2017-11-27 17:21:50+00:00,2017-11-27 17:27:00+00:00,178,92
2970539,2970538,2970540,"@AmazonHelp I have everything set up (UPS pick up and return), but what I want to re-buy was on sale when I purchased the items.

Can I get those at the original price I did or do I have to pay what the current price is?","@179717 Please try the ""buy it again"" link in the ""Your Orders"" section of your account. This will redirect you to the same product if available. If the link loops you back, you must place a new order at the new price on the website. ^SH",2017-11-30 00:57:22+00:00,2017-11-30 01:13:00+00:00,220,237
2814408,2819890,2819889,"@AmazonHelp Look KB, no need to escalate the situation, just refund me and stop using Amzl. No shit 7/10 things I got from them were late, missing, or delivered to my neighbor.","@785975 That's certainly not the experience we want for our customers. While we don't have direct access to accounts via Twitter, submitting order specific details via the link provided by ^KB will allow us to look into these issues further. ^MV",2017-11-27 05:57:24+00:00,2017-11-27 06:01:29+00:00,176,245
1135034,1135032,1135031,"@AmazonHelp Bjr. Une arrivée entre le 3 &amp; le 6 sous réserve. Pour info, je suis client Prime 😉","@387410 Quel est le transporteur en charge de la livraison?
^MD",2017-11-03 17:13:18+00:00,2017-11-03 17:18:30+00:00,98,63
734601,734593,734594,@AmazonHelp Unfortunately no. I still don't where my order was delivered.,@219399 That's strange. Please follow this link to see the correspondence that was sent by us:https://t.co/DTSNmGldJf and revert to it. ^NK,2017-10-14 12:56:18+00:00,2017-10-14 13:05:32+00:00,73,139
2958565,2958563,2958562,"@AmazonHelp Sí, tres veces y en todas dice que es incorrecta, aún cuando me llega verificación de que se cambió bien","@816570 Just, muchas gracias por el dato, en ese caso, te recomendamos contactar con Servicio al Cliente mediante este enlace: https://t.co/kp0bP40Lb2
^CB",2017-11-29 19:52:34+00:00,2017-11-29 19:54:44+00:00,116,154
356760,356766,356767,@AmazonHelp This definitely does not give you right to sell products at higher price than MRP which is all inclusive including all taxes. https://t.co/3O9OolJeNR,"@200710 Sometimes there may be a difference due to the product belonging to a different batch, the system not being updated. 2/2^MS",2017-10-08 19:31:02+00:00,2017-10-08 19:52:29+00:00,161,131
1366980,1366982,1366984,@AmazonHelp Thanks. My order Id is 407-4728496-9637941,"@438218 I understand your concern. I’d like to help you, please fill this form: https://t.co/beaaDm0muc &amp; I’ll contact you soon.(1/2)^SY",2017-10-28 04:02:12+00:00,2017-10-28 04:24:31+00:00,54,140
1457254,1457249,1457251,"@AmazonHelp I haven’t a clue what you mean 😂 but it’s arrived, my cat is happy his food has arrived and thank you for you help! Have a good evening!",@458232 Thank you for keeping us posted. Glad you received your order. Thanks for reaching out to us. ^CO,2017-11-02 20:29:31+00:00,2017-11-02 20:34:00+00:00,148,105
255756,255755,255757,@AmazonHelp thanks but what to do then if i do not get what i order,@176832 We've received your details and are working on it. We'll get back to you soon. ^PS,2017-10-07 06:31:02+00:00,2017-10-07 08:17:00+00:00,67,90
1166787,1166786,1166788,@AmazonHelp Da ist leider nichts zu verändern - nur mit eingebrannten Untertiteln verfügbar https://t.co/KkFgG642xt,"@394452 Hast du es mit dieser Version versucht? https://t.co/b0u8HWcXUr oder eine andere Version, die nur ""OmU"" heißt. ^MH",2017-10-15 19:57:06+00:00,2017-10-15 20:03:00+00:00,115,122
197995,197979,197978,@AmazonHelp Didnt receive any mail. See the screenshot. @115851 such poor service. initiate regund https://t.co/XwyToP4ZPl,"@162537 If you haven't received any revert, please share your details again. I'll reach out to you. ^HD",2017-09-26 22:11:18+00:00,2017-09-26 22:15:51+00:00,122,103
2422728,2422726,2422724,@AmazonHelp Nous l'avons fais après réception oui,@695828 Quelle était la réponse apportée je vous prie ? ^MA,2017-11-14 18:30:53+00:00,2017-11-14 18:33:55+00:00,49,59
80622,80621,80623,"@AmazonHelp Please start with what I entered at https://t.co/vGP02JEJpy this morning, per your request last night. ""I've extended your extended"" was your response to that, without addressing whether or not I would be charged for not returning the items that I did not receive, etc.","@133889 Hello, please do check your emails as we have responded to your query. Thanks for your patience with this matter. ^CR",2017-11-30 13:35:23+00:00,2017-11-30 13:45:00+00:00,281,125
2853748,2853747,2853746,@AmazonHelp it arrived just there! thank you,@154228 Oh yay! So glad it arrived! ^MT,2017-11-27 20:14:34+00:00,2017-11-27 20:23:00+00:00,44,39
287870,287869,287871,@AmazonHelp Oh please if you think I am going to indulge in a round of mindless chat with your service desk GO AWAY,@184608 We apologize for the inconvenience. Please share your details here: https://t.co/GIJyeYqKE0 and I'll personally contact you ^ZH,2017-10-06 16:39:20+00:00,2017-10-06 17:07:26+00:00,115,135
569177,569176,569178,@AmazonHelp @253565 I feel your pain. I currently have 2 packages missing or delayed.,"@253566 Oh, no Shari! That is not good. Did you receive an email regarding the delay? We want to help! ^BA",2017-12-03 06:45:35+00:00,2017-12-03 06:48:00+00:00,85,106
2601422,2601418,2601417,@AmazonHelp Que j'avais commandé le produit en avance avec Amazon Prime et en un jour ouvré je viens d'avoir un mail et un appel du sav,@736321 D'accord. Est-ce que votre dossier est pris en charge par un chargé de clientèle ? ^SM,2017-11-17 08:02:05+00:00,2017-11-17 08:08:58+00:00,135,94
1525009,1525008,1525010,"@AmazonHelp I just had a frustrating chat CS interaction that ""solved"" it by telling me ""handed to tenant"" means ""wait a few days.""","@189848 Using the link HS had provided, could you tell us who the carrier for this order was? ^WM",2017-11-03 22:11:04+00:00,2017-11-03 22:14:31+00:00,131,97
160263,160265,160266,"@AmazonHelp Amazon have not issued the refund despite 10 assurances it will be done. I need to speak with someone competent, from the UK, a senior manager. whats the head of customer complaints email address?","@152926 Hello! Due to the difficulty you are having, our specialist will look into this matter. For us to contact you, please fill out this form: https://t.co/xrj5KJYZ8P Let us know once you have completed it! ^DA",2017-11-24 19:05:22+00:00,2017-11-24 19:22:35+00:00,208,213
396013,400343,400344,@AmazonHelp The call disconnects saying that you were unable to find my order. Been trying to reach you from past 10 days. Please dm me or email me,"@209757 Sorry about this, Abhi. Please fill in the details here: https://t.co/GIJyeYqKE0 and I'll get in touch with you.  ^MK",2017-10-09 19:24:02+00:00,2017-10-09 19:47:00+00:00,147,125
535063,535062,535064,@AmazonHelp But it’s out of returns time.,"@243944 Hi there! We don't have access to your account information via Twitter. Please use the link provided to you by ^WB previously to contact us, so we can check available options for you. ^LH",2017-12-02 12:37:13+00:00,2017-12-02 12:47:00+00:00,41,195
890911,890902,890900,@AmazonHelp Yes at 2 occasions. You send sms that product delivered and I receive next day. Target achievement ?,"@327639 I understand your concern, please contact us here: https://t.co/rS49hgaADF so that we can assist you accordingly. ^JS",2017-10-13 16:47:57+00:00,2017-10-13 17:46:00+00:00,112,125
1450040,1450820,1450819,"@AmazonHelp A ver, el transportista no quiere saber nada del pedido, no lo encuentran, pero figura como entregado.","@456476 Entiendo, puedes reportarlo con nuestro Servicio al Cliente a través de este enlace: https://t.co/OjvUxwnzPe . ^MB",2017-11-02 17:17:41+00:00,2017-11-02 17:28:00+00:00,114,122
787191,787193,787195,@AmazonHelp I’ve heard these lines a lot of times but nothing happens...,"@307773 I'll pass along your feedback internally to work on improvements. Kindly let us know if there are any unresolved issues, (1/2) ^KA",2017-10-14 00:24:23+00:00,2017-10-14 02:49:31+00:00,72,138
2208631,2208630,2208632,@AmazonHelp From Amazon. It's okay maybe there was a miscommunication.,"@645659 If you'd like, we can take a closer look into this with you via phone/chat here: https://t.co/hApLpMlfHN ^KP",2017-10-19 14:51:52+00:00,2017-10-19 15:00:01+00:00,70,116
268660,268659,268661,"@AmazonHelp Lastest update Out for delivery at 3:54pm told you all 9am-5pm not 6pm,7pm, etc...",@180048 I'm sorry the order hasn't arrived as expected. Who is the carrier for this delivery? ^AH,2017-10-06 00:59:48+00:00,2017-10-06 01:14:26+00:00,94,97
1075340,1075339,1075341,@AmazonHelp It seems u guys out of replacement remotes. Customer support asking me to buy from Amazon and later they will refund the money. Seriously...,"@128307 That is quite a remark, Harshad. Kindly fill in your details here: https://t.co/XrFaKSlzHt and we will get back to you. ^KS",2017-10-24 12:28:07+00:00,2017-10-24 12:49:36+00:00,152,131
1488691,1488690,1488693,@AmazonHelp Thank you! So as of yesterday I received all my packages but the last 4 items I ordered all took about a week despite choosing Amazon Prime.,@465791 Did these last items have a different delivery date then the ones received? Have we missed the expected date for them? ^VS,2017-11-03 15:26:53+00:00,2017-11-03 15:36:00+00:00,152,130
872185,872187,872188,@AmazonHelp Your support team is asking to go to customer care centre. Why should I ? Why not Amazon change the adaptor ?,"@327067 Post the return window we do not accept return/replacement, You may have to contact the manufacturer to claim the warranty. (1/2)^BS",2017-10-13 17:03:58+00:00,2017-10-13 17:19:00+00:00,121,140
643694,643692,643691,"@AmazonHelp Hi. My computer, but it seems to be fine now. It wasn't loading properly &amp; Then it said webpage not available. Thank you!","@272831 Great, thanks Suzanne! ^AT",2017-10-13 05:51:12+00:00,2017-10-13 05:57:00+00:00,137,34
2475997,2475994,2475995,"@AmazonHelp I have shared my details anyhow, but done with your service sir. Thank you","@707783 I understand the upsetting experience. However, as you've shared the required details we'll check with it and get back to you with an update at the earliest. ^KH",2017-11-15 16:18:26+00:00,2017-11-15 16:29:30+00:00,86,169
83554,83562,83563,@AmazonHelp Fatto! Grazie mille. Siete stati molto gentili. https://t.co/ZJeZcF4TOl,@134353 https://t.co/U1UwrOgNWU,2017-12-01 10:22:10+00:00,2017-12-01 10:27:07+00:00,83,31
529182,529181,529183,@AmazonHelp Yea I did .. sadly the same bug always!!,"@214639 In that case, kindly connect with us here: https://t.co/vlvfJrlYEH and we'll get this checked for you. ^PB",2017-12-02 09:10:27+00:00,2017-12-02 09:33:29+00:00,52,114
2402304,2402293,2402294,"@AmazonHelp commande annulée, 2 fois que je commande 1000 ans en avance, 2 fois que la commande est repoussée sans motifs.",@637012 L'avez-vous signalé à notre service client je vous prie? ^BR,2017-11-14 15:17:18+00:00,2017-11-14 15:29:28+00:00,122,68
867404,867403,867406,@AmazonHelp Fine..!! But it would be better if this formality can be handled at Amazon level without bothering consignee much..!!,@245179 We'll make sure to forward your feedback internally so that our concerned teams are ^SM (1/2),2017-10-20 18:12:47+00:00,2017-10-20 18:46:26+00:00,129,101
1830696,1830701,1830702,@AmazonHelp That means u are forcing me to buy something with the amount entered due to your server showing bad request after the transaction,@549350 please reach us via the link provided earlier and we'll reach out to you soon. (2/2) ^VM,2017-10-18 05:44:01+00:00,2017-10-18 06:03:57+00:00,141,96
33205,33203,33207,"@AmazonHelp And you people fool your customers, very shameful.","@122493 I understand how disappointing this could be, Somesh. As, you've shared your details, we'll check and get back 1/2 ^NK",2017-11-01 13:26:52+00:00,2017-11-01 13:35:00+00:00,62,126
1744961,1744960,1744962,@AmazonHelp L'objet est en pré commande. Aucun date de livraison même en prime.,@526195 La date de sortie est prévue pour quand ?^AR,2017-11-07 14:57:52+00:00,2017-11-07 15:00:33+00:00,79,52
270907,270906,270908,"@AmazonHelp Sold by Amazon, in stock. Power, Politics, and Universal Health Care: The Inside Story of a Century-Long Battle. I really wanted to read it!",@180629 I know how inconvenient it can be not to have an item you're anticipating. What was the date in your confirmation e-mail? ^JN,2017-10-06 02:18:20+00:00,2017-10-06 02:55:52+00:00,152,133
1668911,1668913,1668914,@AmazonHelp You guys have pathetic after sales customer support,"@508190 Apologies for any trouble. Could you elaborate the issue, so that we can assist you accordingly? ^MO",2017-11-06 13:12:44+00:00,2017-11-06 13:42:33+00:00,63,108
475102,475098,475097,@AmazonHelp I've sent an email through the link.,"@228064 We're glad to hear it! Thanks for keeping us in the loop. E-mails can take longer for a response so if you would like immediate assistance, both chat and phone support are available. ^VF",2017-11-28 15:04:05+00:00,2017-11-28 15:43:29+00:00,48,194
1517806,1517802,1517804,@AmazonHelp Exatamente o que eu precisava. Muito obrigado,@472136 Nada Gustavo! Um abraço! 😀🤝 ^JJ,2017-11-03 19:23:31+00:00,2017-11-03 19:35:00+00:00,57,39
2609899,2609901,2609902,@AmazonHelp Tenho sim.. algumas opções em mente 😘,"@738143 Perfeito Jackeline, desejamos que você desfrute muito dessa leitura maravilhosa. Grande abraço! ^AZ",2017-11-17 11:26:47+00:00,2017-11-17 11:32:00+00:00,49,107
80563,80571,80572,@AmazonHelp It won’t let me fill it out. I can’t get the URL for some reason. I’m on the APP,"@116058 Oh no! I'm so sorry, when you click the link does it do anything? Or do you get an error message? ^VF",2017-11-30 15:18:41+00:00,2017-11-30 15:25:32+00:00,92,109
273882,273887,273889,@AmazonHelp https://t.co/g7Kl7rvC8T related to downloaded videos.,"@181445 Hi, what has been advised or actioned by Customer service when you contacted? ^AT",2017-10-06 05:22:21+00:00,2017-10-06 05:34:25+00:00,65,89
1421966,1421953,1421954,@AmazonHelp I have filled it twice since morning. Nothing happens. Just an eyewash.,@450492 Could you please confirm if you've received a correspondence from us regarding your concern? ^AM,2017-11-02 13:26:15+00:00,2017-11-02 13:47:00+00:00,83,104
821162,821161,821164,"@AmazonHelp Order id #406-8702452-6908353, refund was issued on 4th oct. Cus reps giving me runarounds that i'll get today, tommorow.",@315596 Please share your details here: https://t.co/GIJyeYqKE0 and I'll get in touch with you. (2/2) ^HD,2017-10-12 22:45:23+00:00,2017-10-12 22:54:00+00:00,133,105
781650,781648,781651,@AmazonHelp Thanks. Do check also why its taking more than 15 days to fix this. Can you cnfm this is not a virus issue? We must info ppl to be careful.,"@306166 We've received your details, our team is currently working on this. You should receive an update soon. ^EM",2017-10-12 06:55:55+00:00,2017-10-12 07:31:24+00:00,151,114
1458949,1458946,1458944,"@AmazonHelp already did a claim, taking too long. product is avail to ship next day yet I'm waiting over a week for the pkg. something needs to be done",@423123 Claims can take up to 2 weeks to process. You can learn more about our A-to-z Guarantee here: https://t.co/wrQTmSnRV6 ^AR,2017-11-02 20:40:07+00:00,2017-11-02 20:50:30+00:00,151,129
2216666,2216663,2216664,"@AmazonHelp Im at work so dont have the time to sepnd an hour on the phone or live chat at the moment, so asked for an email response, six hours now and nothing",@233125 Hi Martin! Thanks for your patience. You will receive a response shortly. If you're unable to wait you can get in touch with us here: https://t.co/JzP7hlA23B ^CN,2017-11-10 12:46:49+00:00,2017-11-10 12:55:29+00:00,160,169
2760299,2760298,2760300,@AmazonHelp ^Yeah it is GK I just wanna know in advance so as I do my preparation for the same. And to avoid last time running option,@736890 We wouldn't be able to speculate on it. Kindly stay tuned until the sale is live. ^AP,2017-11-21 05:25:12+00:00,2017-11-21 05:59:58+00:00,133,93
877596,877592,877590,@AmazonHelp Leider nicht auf tv.. nur auf pc...,@328336 Eine Übersicht über die kompatiblen Geräte findest du hier: https://t.co/2zZvAsSG0E ^BL,2017-10-20 18:49:52+00:00,2017-10-20 18:58:29+00:00,47,95
2488533,2488535,2488536,@AmazonHelp I already did. They confirmed it was happened during packaging of courier. I want to file complaint about this.,@710676 Apologies for the ordeal. We'd like to take a closer look on this. Please share your details here: https://t.co/GIJyeYqKE0 and let us know. We'll check and reach out to you with an update. ^VN,2017-11-15 17:21:57+00:00,2017-11-15 17:28:26+00:00,123,200
1478882,1478875,1478877,@AmazonHelp I am advertising amazon on my website aayushyam.in,"@463414 Also, I'll be sure to pass your feedback to the concerned team internally.^SG(2/2)",2017-11-03 17:52:08+00:00,2017-11-03 18:02:29+00:00,62,90
1368136,1368135,1368137,@AmazonHelp Took me 2 hours to resolve an issue that should take not more 10m if the costumer representatives knew their products.,"@438497 I understand. Did you need assistance with one of our devices, or was it another product available on the site? ^BL",2017-10-27 22:43:57+00:00,2017-10-27 22:49:00+00:00,130,123
1147883,1149636,1149637,@AmazonHelp today also not delivered my product..,@343710 We apologize for the stretch. We will ensure to resolve this at the earliest. Thanks for cooperating with us. ^CB,2017-10-25 15:43:55+00:00,2017-10-25 15:53:36+00:00,49,121
2344011,2344015,2344016,@AmazonHelp Each time I called I was asked to give land marks to my location to help the driver find my house...this didn't help and still no parcel,"@677894 Were all 5 deliveries handled by the same Courier? You can find out under order details, from here:  https://t.co/aaDyEz1VgE ^CH",2017-11-13 18:57:33+00:00,2017-11-13 19:03:32+00:00,148,136
431226,431225,431227,"@AmazonHelp yes 11thoct but i got msg from ur side for delivery yesterday even same msg today. 
ORDER # 
404-2829361-1370745","@217529 Please don't provide your order details, as we consider it to be personal information. Our Twitter page is public.​ 2/2 ^NK",2017-10-10 15:08:33+00:00,2017-10-10 15:19:34+00:00,124,131
224995,225010,225011,"@AmazonHelp Already I contacted customer care 

They saying it's a big amount I will take some time","@169754 I understand your concern regarding the refund. We'd like to help you out, Kindly fill in the details in the link (1/2)^AP",2017-10-05 06:45:26+00:00,2017-10-05 07:35:00+00:00,99,130
504925,504923,504922,@AmazonHelp Yes in the original email it said it would be delivered today! This is the second time I've spent extra cash on one-day delivery and it's been late. Last time it took 4 days.,"@235761 We'd like to take a closer look at the delay with you, Nik! For us to do so, please reach us via phone or chat here: https://t.co/JzP7hlA23B ^CS",2017-12-01 20:53:21+00:00,2017-12-01 20:56:00+00:00,186,152
1811236,1811234,1811237,"@AmazonHelp Spoke to customer service. The Book is literally 20 mins from my house at the Hebron, KY location. But delivering it will take 2 days 🤔","@544159 Just to verify, who's the carrier shown in Your Orders here: https://t.co/Y5jpI9gRhE? ^JM",2017-10-18 02:54:13+00:00,2017-10-18 03:03:32+00:00,147,97
313434,313439,313440,@AmazonHelp Any updates available?,"@190849 You must have received a correspondence to your registered email address, request you to check the same. ^SH",2017-10-09 06:42:47+00:00,2017-10-09 07:05:00+00:00,34,116
185811,244691,244692,@AmazonHelp How many times I have to do that? I am doing it since 18/10,@174122 Once you fill your details in the secured link we'll follow up till your issue is resolved. Appreciate your understanding. ^MJ,2017-10-22 07:55:11+00:00,2017-10-22 08:29:30+00:00,71,134
2129017,2132832,2132830,"@AmazonHelp Says looks like it's lost, check the the options below. But there aren't any!",@627582 Oh dear! We are here to help! What options do you see? ^AD,2017-11-08 20:14:06+00:00,2017-11-08 20:21:31+00:00,89,66
912718,912714,912716,"@AmazonHelp There was apparently a delivery attempt, but no notice was left, and no one rang the doorbell or called me. This has happened multiple times",@336048 I'm sorry for the delayed response. Please send us your details here so we can look into this: https://t.co/R7AOP0mY5x ^GG,2017-10-13 20:16:17+00:00,2017-10-13 22:02:01+00:00,152,130
1165681,1165679,1165682,@AmazonHelp Amazon only people we have delivery probs with.,@394185 We'd like to look into this. Please contact us via phone or chat here: https://t.co/oGDklFYAep ^SJ,2017-10-24 19:32:30+00:00,2017-10-24 20:35:33+00:00,59,106
592201,592191,592194,@AmazonHelp This actually didn't help at all.,"@260147 Are you both signing in using the same login information?  The Cloud Cam subscription plans support 1 user, per plan. What each plan includes can be found here: https://t.co/IohVfMNbJK. Let us know if this helps! ^AZ",2017-12-03 17:53:41+00:00,2017-12-03 18:14:30+00:00,45,224
378848,378847,378849,@AmazonHelp Thanks amazon. Issue sorted finally. You guys are the best.,"@205904 Glad to hear that your issue was sorted, Arpit. Please keep us posted. :) ^NK",2017-10-12 12:08:30+00:00,2017-10-12 12:16:00+00:00,71,85
191780,191773,191772,@AmazonHelp @161065 I pre-ordered the game on xbox one and no beta code was sent!?,@161064 Hey there! Do you mind telling us when you preordered the game? ^NM,2017-10-04 15:06:01+00:00,2017-10-04 15:12:28+00:00,82,75
505006,505008,505009,@AmazonHelp It was Nov. 30. Now it's just unknown.,@235776 I'm sorry for the delay with this order! We'd like to look into this further with you. Please connect with us here via phone or chat: https://t.co/hApLpMlfHN ^MO,2017-12-02 01:13:46+00:00,2017-12-02 01:25:31+00:00,50,169
737988,737993,737994,@AmazonHelp What does this mean???,@169199 Allow our support team to investigate this. You can report this here: https://t.co/R3EfhzgU8B. -Bikram,2017-10-11 14:38:09+00:00,2017-10-11 14:59:00+00:00,34,110
137096,140901,140899,@AmazonHelp If I don't get my refund will go to consumer court,@146916 We are here to help. Please update us once you're done filling up the details and we'll investigate. ^HS,2017-11-24 11:52:33+00:00,2017-11-24 12:08:00+00:00,62,112
2664101,2664100,2664102,"@AmazonHelp 1.I ordered a bottle of champagne on Friday evening, I missed the first delivery on Saturday afternoon. I was sent an email saying they would try again on Monday, but on Sunday I got an email to say they were going to deliver that day.",@750686 I'm so sorry this happened. I would like someone from my team to take a closer look into this with you. Please fill out your details here: https://t.co/tNxUz0GDQA and someone will be in touch. ^AY,2017-11-27 22:11:21+00:00,2017-11-27 22:27:33+00:00,247,204
921190,1105769,1105770,"@AmazonHelp N: Rahul Soni
C: 9643154149
E.M: __email__
Pl. call for further communication.","@338682 Please don't provide your order details, we consider it to be personal information. Our page is visible to the public. 2/2 ^AH",2017-10-16 04:52:09+00:00,2017-10-16 05:16:00+00:00,90,134
2453259,2453265,2453266,"@AmazonHelp when I look at any product, it will work for a bit then when I go back to the home page or any other page the site shows me that screen",@645027 That is odd! If you search for an item from the homepage will it show results? Is this on https://t.co/nUUp5MLhYl or Amazon.ca? ^CH,2017-10-29 19:10:44+00:00,2017-10-29 19:20:31+00:00,147,139
2847466,2847465,2847467,"@AmazonHelp Thanks but after ""Instead of me you can very well complaint of this, Sula."" I don't really think that I'm reaching out to the right people.",@791924 I understand! We would like to help! I would like someone from our Social Media team to look into this for you. You can send your information here: https://t.co/xa8Cvjsgib. ^AL,2017-11-27 20:23:24+00:00,2017-11-27 20:28:32+00:00,151,184
1881768,1881770,1881772,@AmazonHelp En la app kindle y en la app Amazon no me deja comprar https://t.co/1kmLVkGIhg,"@561550 (2/2) o desde el navegador de internet de tu celular, en el sitio completo de Amazon. ^LG",2017-10-18 15:22:35+00:00,2017-10-18 15:25:00+00:00,90,97
1014703,1014712,1014713,@AmazonHelp What detail u call me 9140913980 I will tell u whole issue with proof,"@360103 Please don't provide your contact number, we consider it personal information. Our Twitter page is visible to public.^AK 2/2",2017-10-23 08:50:06+00:00,2017-10-23 08:56:51+00:00,81,132
2485586,2485588,2485589,@AmazonHelp Do I direct message you? And it is .com,@710007 Thanks for that bit of information! You can contact us using the information at this link:  https://t.co/hApLpMlfHN ^MW,2017-11-15 16:37:07+00:00,2017-11-15 16:39:00+00:00,51,127
2408650,2408649,2408651,@AmazonHelp Thanks but not much help. Says on its way but not out for delivery yet. Your new tracking system sucks. No idea where my parcel is.,@692606 I understand your frustration completely. It's not uncommon for items to ship out and arrive same day. Please keep us posted if the item doesn't arrive by 21:00! ^JZ,2017-11-14 16:17:48+00:00,2017-11-14 16:32:29+00:00,143,173
2282020,2282029,2282030,@AmazonHelp Nothing there. We have to resolve this today. This is becoming a bigger problem the longer we wait,"@185401 We'd like to look into this further, please send us more information here: https://t.co/l4F8Su1rjO
 ^GP",2017-11-14 17:01:27+00:00,2017-11-14 17:44:26+00:00,110,111
1078312,1078316,1078317,@AmazonHelp Okay well I  can't wait 12 hours. Should I even expect to get it tonight?,"@134594 Our team typically responds much faster. As soon as we have more information, we'll send you an e-mail. ^BH",2017-10-15 02:07:14+00:00,2017-10-15 02:15:00+00:00,85,115
959322,959317,959318,@AmazonHelp こちらこそ、素早い対応、本当にありがとうございました。,@347603 よろしくお願いいたします。 EK,2017-10-22 05:07:22+00:00,2017-10-22 05:09:00+00:00,39,24
909495,909487,909489,"@AmazonHelp Now I got a text asking me to wait till 24th October!! If the item is in my city, why do you need one week to deliver?",@336031 We dispatch to meet the estimated delivery date. May Iknow if the estimated delivery date mentioned in the 1/2 ^SH,2017-10-21 05:32:59+00:00,2017-10-21 05:53:01+00:00,130,122
232349,232346,232345,@AmazonHelp Its in city since 3 days. And I'm still not getting it. What to expect?,"@171313 If the package is in the local courier station, please submit a request here: https://t.co/vlvfJr4nN9 and we'll do our best. ^HK",2017-10-05 11:15:27+00:00,2017-10-05 11:26:33+00:00,83,136
2933528,2933530,2933531,@AmazonHelp Promis ! Bonne journée !,@811200 Bonne journée à vous aussi. ^SB,2017-11-29 09:50:33+00:00,2017-11-29 09:53:28+00:00,36,39
2872484,2872483,2872485,@AmazonHelp Do u have working phones!??? Y dont u call me up. No email recieved. #AmazonIndia #patheticserviceamazon,@789301 Kindly reply to the email received from us and we shall get back to you via phone. ^SH,2017-11-28 03:41:24+00:00,2017-11-28 03:53:00+00:00,116,94
2965271,2965270,2965272,"@AmazonHelp Yes, it is a current order. It is sent out to deliver today but was supposed to come yesterday. I would just like a refund on the one-day shipping price.","@818096 Thank you for confirming! When you have the chance, please reach out to us here: https://t.co/hApLpMlfHN so we can look into those options with you. ^HC",2017-11-29 22:41:43+00:00,2017-11-29 22:44:27+00:00,165,160
2347761,2347753,2347755,@AmazonHelp USPS was assigned the delivery. I can't even remember the last time something arrived when checkout said it would.,@326148 Have you had a chance to reach out to USPS directly about the delayed orders? We can also leave carrier feedback for you as well here: https://t.co/hApLpMlfHN ^VS,2017-11-13 16:52:43+00:00,2017-11-13 16:59:00+00:00,126,170
2935091,2935088,2935089,"@AmazonHelp 中には荒神様がご降臨なさることもあるでしょうが、末永く健やかに続けていただけると我々ユーザーとしても助かります。今後も頼りにさせていただきます。
ツイッターの中の人もお疲れ様です。",@811509 ご期待にそえるよう頑張ります🙇🙇🙇 RI,2017-11-29 11:38:51+00:00,2017-11-29 11:44:00+00:00,102,28
2290144,2290143,2290145,@AmazonHelp Your link is not working,@665280 Could you let us know about the issue you're facing when you access the link? ^NR,2017-11-12 17:30:47+00:00,2017-11-12 17:47:00+00:00,36,89
423443,423435,423434,@AmazonHelp Part of the Order is still pending as mentioned in mail too. I have reverted the same via email in the morning but still it's pending,@215805 Sorry for the trouble. As you've confirmed replying to our email please allow us some time and we'll have it checked. ^KA,2017-09-28 10:55:34+00:00,2017-09-28 11:09:30+00:00,145,129
1203361,1203360,1203362,@AmazonHelp No not yet just found out it’s at the wrong house,@402697 Sorry about that! Is it somewhere you can retrieve from? ^AT,2017-10-16 06:33:20+00:00,2017-10-16 06:42:00+00:00,61,68
2832975,2832974,2832976,"@AmazonHelp Un día mas no me entregan, les escribo en privado, mando mi teléfono , mis horarios y nada... sois vosotros quienes debéis solucionar esto","@150776 Iratxe, el pedido ¿es vendido y gestionado por Amazon o es vendido por un vendedor externo? ^DA",2017-11-28 14:17:51+00:00,2017-11-28 14:26:31+00:00,150,103
2449449,2449453,2449457,@AmazonHelp The email honors NONE of these points. I have explained this now 4 times. It’s exhausting!!! Just give me what you promised!!!,@256432 I'd like a member of our team to look into your return. Please provide us with your order details here: https://t.co/QySZNzsKwD ^RA,2017-11-15 16:34:07+00:00,2017-11-15 16:42:00+00:00,138,139
49118,1451467,1451468,"@AmazonHelp Beschwerde wurde wohl weitergeleitet. Außerdem Info, wo ich das Paket abholen kann. Kostet nur leider Zeit und Nerven","@126970 Danke für die Rückmeldung 👍 Ja, kann ich verstehen :( Aber Feedback ist weitergegeben 👍 Sollte nun klappen :) Gruß ^NW",2017-11-02 18:00:13+00:00,2017-11-02 18:05:00+00:00,129,126
379788,379792,379794,@AmazonHelp Is this Amazon prime service https://t.co/cytIhWMdLh,@206100 I understand you're concerned about the refund. It takes 5-10 business days for the product to be delivered to us. ^NR 1/2,2017-10-11 16:18:39+00:00,2017-10-11 16:45:30+00:00,64,130
986352,986355,986357,"@AmazonHelp @115850 @AmazonHelp  reaching to Ur customer service is more pathetic... The call gets cut everytime, don't want stupid IVR","@353765 We can't access your account details from Twitter. Could you please try again, only this time please skip the reason. ^HA",2017-10-22 11:43:11+00:00,2017-10-22 11:52:00+00:00,135,129
844043,844042,844044,@AmazonHelp Et arrive t il qu'ils ne sachent pas où se trouve un produit commandé et pas livré?,"@320687 En cas de problème avec une livraison, Amazon prendra en charge votre dossier en vous proposant une solution.^FT",2017-10-20 14:15:54+00:00,2017-10-20 14:28:37+00:00,95,120
2562011,2562009,2562008,@AmazonHelp It was through UK. Two items from sane supplier.,"@727100 Thank you for confirming! When you have the chance, please reach out to us here: https://t.co/JzP7hlA23B so we can look into this further. ^HC",2017-11-16 18:09:54+00:00,2017-11-16 18:11:43+00:00,60,150
2971886,2971888,2971889,"@AmazonHelp It looks like it was sold by Amazon, so I think it was shipped by Amazon? Amazon gave me 1 tracking number, but UPS gave me 2.","@132894 We'd like to look into this for you in real time! When you get chance, please reach out to us via phone or chat here: https://t.co/hApLpMlfHN ^AR",2017-11-30 01:45:20+00:00,2017-11-30 01:55:00+00:00,138,153
172320,172317,172314,"@AmazonHelp Uy si, es cierto, gracias. Pues no, no he recibido ningún mensaje de retraso pero ahora me indica en la app que el envío será entre el 24 y el 28, y cuando lo compre eso no me lo ponía, como podéis ver en el mensaje","@155882 Comprendemos. ¿Has intentado ponerte en contacto con el transportista de este pedido, Cristina? Si no lo has hecho y deseas hacerlo, te dejamos el siguiente enlace con información: https://t.co/FbE3joDwHL

^ES",2017-11-24 22:11:16+00:00,2017-11-24 22:15:00+00:00,227,217
2144442,2144441,2144443,"@AmazonHelp It was @115817, I called Amazon, got transferred to @UPSHelp who argued with me and consistently doubted that I was home at the time of attempted delivery, then got really rude and hanged up in me. Prime Membership isn't feeling like money worth spending atm.",@630480 We want to see what other options we have available for you. Please reach us via phone or chat: https://t.co/hApLpMlfHN ^DG,2017-11-09 00:23:01+00:00,2017-11-09 00:27:25+00:00,271,131
2397239,2397241,2397242,"@AmazonHelp Je ne sais pas si c’est ce tweet ou le hasard, mais je constate que le statut de ma livraison par @132988 viens de passer de livrer a en livraison. Bref, j’attends avec impatience un moyen de choisir son transporteur.","@689942 Entendu :) merci de nous tenir informé de la situation, nous restons à votre disposition en cas de besoin. ^SA",2017-11-14 13:16:57+00:00,2017-11-14 13:22:33+00:00,229,118
2297167,2297169,2297170,"@AmazonHelp I just want my items, I need to know if the rest will arrive or if I should cancel and reorder. I'm in the US until Saturday.","@666893 We strive to deliver you orders by the date provided. If you not received any communications regarding a delay, expect the rest of your orders to arrive by the date given in the order confirmation. ^CH",2017-11-12 19:18:00+00:00,2017-11-12 19:27:11+00:00,137,209
1042297,1042293,1042292,@AmazonHelp Please see attached https://t.co/VVvNYLZafj,@366437 Have you been able to reach out o the seller directly ? ^CR,2017-10-23 08:54:52+00:00,2017-10-23 08:56:51+00:00,55,67
2293371,2293367,2293365,@AmazonHelp No worries. Not sure I can as it's on the app. Opened the app on my tablet and then a £30 off bar appears on top with a link to AmazonFresh. Then the broken image link appears on top (as you land on that screen I sent you).,"@665981 Thanks for the additional information, Andre! To further troubleshoot, could you confirm if this happens when you try the AmazonFresh app on a different device? ^FD",2017-11-11 22:46:50+00:00,2017-11-11 22:54:54+00:00,235,172
1141881,1141885,1141888,@amazonhelp Isn't that odd? If I had ordered a new one I would have gotten it a week ago! How do I contact amazon.de? 3/3,@388789 Aftter the log-in https://t.co/xIcdaedBRk you can choose the topics and then contact us per E-Mail or Phone. ^MH,2017-10-24 19:09:05+00:00,2017-10-24 19:36:00+00:00,121,120
984681,984679,984678,@AmazonHelp わざわざご丁寧にありがとうございました。,@353420 とんでもないことです。Amazonプライムについてわかりづらい点があり、ご不便をおかけしております。どうぞよろしくお願いいたします。ET,2017-10-22 10:22:42+00:00,2017-10-22 10:25:00+00:00,32,76
765723,765713,765711,"@AmazonHelp No, I find your customer service menu on the app very confusing and can't work out how to send an email. I keep ending up on a chat with a robot that wants me to give it my phone number when I can't speak on the phone right now.",@303000 You can send us an e-mail via our website if you go to the following link:  https://t.co/JzP7hlA23B ^KI,2017-11-25 09:00:44+00:00,2017-11-25 09:10:52+00:00,240,111
2283700,2283699,2283701,@AmazonHelp What is the excuse when the seller is cloud tail. So we should pay extra mrp even if the mrp mentioned on the product is lowered.,"@215587 Pricing and offers are decision of the sellers. The constantly changing marketplace and our efforts to offer you the lowest price, may result in fluctuations in our prices over time. ^GD",2017-11-11 14:12:57+00:00,2017-11-11 14:30:32+00:00,141,194
2558600,2558599,2558601,"@AmazonHelp So there is no error message as such , when I start Amazon prime on the TV and select a show it keeping on showing the loading icon and restarts the app",@726340 That's strange. Kindly reach out to our team here: https://t.co/eSItkOtvNd. They'll check and resolve this for you. ^VN,2017-11-16 17:38:42+00:00,2017-11-16 18:08:00+00:00,164,127
2458378,2458372,2458374,"@AmazonHelp Can't find any ""invoice"" tab in your orders link",@495477 Please connect with our support team here: https://t.co/2t6DQoUmNZ for further assistance on it. ^RW,2017-11-15 06:18:13+00:00,2017-11-15 06:47:02+00:00,60,108
439812,439804,439805,@AmazonHelp Already did. Please let me know about the status. The person on support had no clue where the package was delivered. @115850,@219399 Please don't provide your order details as we consider them to be personal info. Our Twitter page is visible to public. (2/2) ^AS,2017-10-11 08:41:20+00:00,2017-10-11 10:17:29+00:00,136,137
445605,445596,445595,"@AmazonHelp Bonjour
Cela fait plus de 24h que j'ai écrit et toujours pas de réponse. Toujours pas d'accès à mon compte...😠😤","@220517 N'avez-vous pas reçu d'email de notre service spécialiste des comptes à ce sujet s'il vous plaît? 
^SA",2017-11-22 09:43:17+00:00,2017-11-22 10:05:00+00:00,123,110
2176588,2176582,2176581,"@AmazonHelp By seller, i have emailed them",@187112 Please give the seller two business days to respond. Let us know what information or options they provide. We're always here to help! ^ZW,2017-11-09 15:45:28+00:00,2017-11-09 15:52:29+00:00,42,145
1844542,1844541,1844544,"@AmazonHelp Still after Diwali. 

And the Echo Plus I ordered isn't expected to ship till Nov 2 https://t.co/aL0kfVCdqg",@171281 I understand you'd like to receive the Echo Plus soon. Rest assured we'll make sure (1/2) ^VM,2017-10-18 07:10:39+00:00,2017-10-18 07:30:28+00:00,119,101
827928,827930,827931,@AmazonHelp I only get email or call in. No online chat?,@317229 In box one select Devices. In the second box select Alexa and Echo Devices then Device Setup. In box three select Chat. ^GM,2017-10-13 02:42:43+00:00,2017-10-13 03:01:00+00:00,56,131
2116190,2290046,2290047,@AmazonHelp Send me the link again,@623801 You should have received a correspondence from our team. You can check it here:https://t.co/8DAc10S7ww ^EM,2017-11-12 08:30:59+00:00,2017-11-12 08:50:53+00:00,34,114
434623,723649,723650,"@AmazonHelp Already done, they have denied for any further action.",@165778 The response provided is the best. We will not be able to offer additional insight on it. ^RW,2017-10-11 07:49:54+00:00,2017-10-11 08:15:00+00:00,66,101
1275053,1275055,1275056,@AmazonHelp details are filled..what is the expected time for me to get a solution from your side????,"@418469 Thank you for sharing your details, Abhishek. We'll get back to you within a maximum of 12 hours with an update. ^MK",2017-10-26 16:44:45+00:00,2017-10-26 16:56:00+00:00,101,124
2962775,2962774,2962776,@AmazonHelp Is this a new thing you do now? Cause that did not happen when I bought mine and I didn't mark it as a gift either.,"@817538 When an Amazon device is purchased, it's automatically registered to that account unless it's marked as a gift; however, the device can be deregistered from that account and registered to another one using steps given in the link provided above.  ^SE",2017-11-29 21:34:11+00:00,2017-11-29 21:49:30+00:00,127,258
544453,544455,544456,"@AmazonHelp Estupendo, muchas gracias! :)","@246499 Fue un gusto, Sandra. No dudes en contactarnos en caso de cualquier duda adicional. ^AA",2017-12-02 17:08:32+00:00,2017-12-02 17:11:30+00:00,41,95
1313450,1313449,1313451,@AmazonHelp Yes actually. I ordered something using amazon prime on Wednesday the 25th and it says it won’t be delivered until Monday the 30th,@426860 Apologies- What date was initially provided to you? Not all Prime eligible items are available for immediate dispatch ^TP,2017-10-27 06:54:46+00:00,2017-10-27 07:04:14+00:00,142,129
807292,807291,807293,"@AmazonHelp Yes, Multiple time. Evey executive tell me to follow different process. I did it as told by them. Still I have to beg for my money.",@312158 Sorry for the delay in refund. Please share your details here: https://t.co/GIJyeYqKE0 and I'll get in touch with you. ^HD,2017-10-12 18:13:16+00:00,2017-10-12 18:19:28+00:00,143,130
914816,914815,914817,@AmazonHelp I have several products that I never received,@337242 Have you gotten in touch with us? ^BM,2017-10-21 09:32:31+00:00,2017-10-21 09:44:30+00:00,57,45
2514029,2514031,2514032,@AmazonHelp i bought it frm US. unfortunately i had configured it again and its working perfectly now. thanks.,"@716356 Thank you for the heads up, Parveen. Do keep us posted for further concerns. ^HD",2017-10-31 15:40:13+00:00,2017-10-31 15:46:00+00:00,110,88
494931,494929,494927,"@AmazonHelp Nothing happwning its all automated , making fool and wasting customers precious time",@233029 I'm sorry for the unpleasant experience you've had. May I know if you've reported this to our support team through the link provided earlier? ^EM,2017-11-18 07:29:07+00:00,2017-11-18 07:44:00+00:00,97,153
19137,21475,21476,@AmazonHelp My return date is near so please fast proccess.,"@120261 We'd like to help you. If the details are shared with us from the link provided, we'll get back soon with an update. ^BS",2017-11-01 10:31:20+00:00,2017-11-01 10:58:33+00:00,59,128
1761323,1761322,1761324,"@AmazonHelp He concertado mediante web una entrega esta tarde, a ver... el caso es que con las demás compañías sin problemas, pero con ASM siempre, por h o por b, problemas, es una pena.","@151174 Gada, nuevamente lamentamos esto. Déjanos saber por este medio al final del día, si has podido recibir tu entrega ^AV",2017-11-08 08:13:17+00:00,2017-11-08 08:16:00+00:00,186,125
1608079,1608078,1608080,@AmazonHelp yeah I already dropped the link. If the product won't delivered within 2 days I want my refund otherwise I need to go to #consumercourt,"@493845 In that case, our team will get back to you with an update at the earliest. Kindly wait. ^HR",2017-11-05 09:52:52+00:00,2017-11-05 10:14:39+00:00,147,100
1953343,1953340,1953339,@AmazonHelp issue is with seller support not buyer support ............@115851,@220260 Apologies for the hassle. Please contact our seller support team through the link provided: https://t.co/4hZ5EzX5Md and will assist you further. ^JS,2017-11-16 09:20:21+00:00,2017-11-16 09:55:52+00:00,78,156
2634813,2634815,2634816,@AmazonHelp Unfortunately I haven't received any real help from the support staff. I talked to 7 different people and no-one was able to locate my delivery. I now need to wait until 21st Nov just to find out that my order is lost again. Can you somehow help?,"@743836 Sorry to hear that, we can't access your account here for security reasons. Did the agent you spoke to ask you to wait until that date? ^JJ",2017-11-19 10:38:01+00:00,2017-11-19 11:04:50+00:00,258,147
2369588,2369582,2369580,"@AmazonHelp a very long time ago amazon let people add ""ideas"" to a wishlist that acted like their own items that you could add the comments on and everything. eventually the feature to add them was taken away but existing ones still remained. now ... (1/2)",@683840 Thank you for explaining it me. I vaguely remember what you're referring to.  It was almost like a review of the items you wanted. Here's a link to our wish list help pages to see if they help: https://t.co/7TwtFKOabu. Does that sound about right? ^SY,2017-11-13 23:57:15+00:00,2017-11-14 00:10:31+00:00,257,259
343872,1434961,1434963,@AmazonHelp All the concerns are unanswered,@197813 Kindly share your details here: https://t.co/GIJyeYqKE0 and I'll look into this. ^SG,2017-11-04 14:33:15+00:00,2017-11-04 14:46:00+00:00,43,92
2762043,2762042,2762044,@AmazonHelp Already started but doesn’t help me now.,@371295 What is the issue you are having using the Online Returns Center? ^SM,2017-11-21 07:28:47+00:00,2017-11-21 07:37:00+00:00,52,77
911531,911527,911529,"@AmazonHelp I replied on the same, I don't need your 100 rs gift card,
I need Redmi 4a in my cart.",@336496 We'll check your write back and get back to you. ^SG,2017-10-21 11:19:34+00:00,2017-10-21 11:42:00+00:00,98,60
2458428,2458427,2458429,@AmazonHelp I want to return my order but no one has came to pickup my order,@704100 Sorry that the product isn't picked up yet. Kindly get in touch with us here: https://t.co/5rqMssA0sf and we’ll be glad to help you. ^NS,2017-11-15 05:59:13+00:00,2017-11-15 06:16:00+00:00,76,144
1536676,1536920,1536921,@AmazonHelp nope..i just screen shot my last update..it was delivered after I asked about it..@35198:40 see my attachments,@476442 Thanks for keeping us updated on the delivery. Please let us know if you continue to have trouble. ^LI,2017-11-04 01:08:48+00:00,2017-11-04 01:16:00+00:00,122,110
113745,989816,989817,@AmazonHelp I don't know how many times i need to say there is no email address associated with this account as it's on an app. As for specialist advisors they don't have the courtesy to call you back as promised.,"@141265 Hi Robert, I completely understand. If you provide your information in the above form, with the inclusion of the phone number associated with the account in the email field, a specialist will be in touch as soon as possible.^TI",2017-11-27 16:39:33+00:00,2017-11-27 16:44:28+00:00,213,235
1772675,1772671,1772672,"@AmazonHelp Is not working. Says INCORRECT ASIN
The ASIN you entered is not a valid ASIN for any Amazon products. Please enter a new ASIN or URL. Is it because is Amazon.ca instead of https://t.co/S84UOQnHmU?",@532781 Sorry about that. Try the .ca link here: https://t.co/D8TjTcIQpb ^AF,2017-11-08 02:18:34+00:00,2017-11-08 02:24:00+00:00,208,76
1832072,1832074,1832075,"@AmazonHelp That it's having connectivity issues for Netflix nothing but the loading symbol for prime video,  I've tried with Wi-Fi and Data",@549691 Please get in touch here: https://t.co/hApLpMlfHN via phone or chat and we'll help with this. ^RL,2017-10-18 06:09:01+00:00,2017-10-18 06:24:31+00:00,140,105
126365,126326,126328,"@AmazonHelp I haven't received my mobile yet, and you are asking for feedback. Now how low can you go? #pathetic https://t.co/ZwZiSO2rZt","@144362 The email sent to you is an automated feedback email. However, I'll be sure to share your comments on this as feedback with our team internally for a review. ^SF",2017-11-24 03:08:36+00:00,2017-11-24 03:44:32+00:00,136,169
345648,345647,345649,@AmazonHelp Yes i returned the item,@198254 I'm sorry about the pending refund. Kindly connect with our team here: https://t.co/vlvfJr4nN9 and we'll have it sorted. ^GK,2017-10-08 02:56:10+00:00,2017-10-08 03:22:00+00:00,35,132
1117051,1117059,1117060,@AmazonHelp can u promise me when i will get this order sure to be delivered,@383580 Please reply to the email you've received from our team and we'll reach out to you. ^KA,2017-10-20 03:57:27+00:00,2017-10-20 04:28:03+00:00,76,95
152006,152003,152001,@AmazonHelp The estimated order was 17 Oct then third week of Oct then 4 and now 4 week of Nov. Your estimates are going haywire. Amazon was superb in terms of delivery even during the worst of wethers.,"@150734 That's unusual, did you happen to report this to our support team here: https://t.co/rS49hgaADF? ^VH",2017-11-24 15:58:46+00:00,2017-11-24 16:12:00+00:00,202,108
1392933,1392935,1392936,@AmazonHelp Outside with the order,@443968 Got it! Could you tell us who the carrier was for your delivery? You can view it here: https://t.co/aaDyEz1VgE ^TK,2017-10-28 13:33:22+00:00,2017-10-28 13:48:27+00:00,34,122
282207,282206,282208,@AmazonHelp My issue is not listed. Please don't be more ineffective and inefficient than you already are.,@183225 You may select more order issues in the drop down and get in touch with our support team. We'll be glad to help. ^OS,2017-10-06 12:23:45+00:00,2017-10-06 12:56:27+00:00,106,124
226418,226404,226403,@AmazonHelp 10 days and *NO* calls from any Amazon representative.,@170045 You must've received an email from us. Kindly check and revert for any issues/queries. Appreciate your understanding. ^PN,2017-09-22 11:54:34+00:00,2017-09-22 12:14:01+00:00,66,129
983323,983327,983328,@AmazonHelp What about the discomfort you have given me ... even after buying so called genuine product from world brand amazon.,@353122 Your feedback has already been passed on to the concerned team for review. [2/2] ^HA,2017-10-16 14:02:51+00:00,2017-10-16 14:25:32+00:00,128,92
1544509,1544520,1544521,@AmazonHelp I haven't got any refund ...😈 https://t.co/SgbaHS0khH,"@478409 Sorry to know that, have you reached out to our support team using the link provided earlier? ^PS",2017-11-05 02:42:57+00:00,2017-11-05 02:58:31+00:00,65,105
2841740,2841743,2841745,@AmazonHelp @249442 The problem is simple... Your Amazon transport services are waste of resources. Though you have improved at the part where your so called delivery agents atleast pickup the phone. But I still do not understand why it should take 2 days from bhivandi to Thane,@249067 I get your disappointment. Suggest you to reach out to us via the above link. We'll check this for you. ^SG,2017-11-28 09:29:50+00:00,2017-11-28 09:53:51+00:00,278,115
2367958,2367957,2367959,@AmazonHelp It says it shipped today… a week after release. Next time ill go to a store to buy a preordered system. Geez… https://t.co/pwVtAeyeB3,"@683421 We aim to deliver on the delivery date given on the confirmation e-mail. Please keep us updated on the arrival of your package. If you don't receive it on the new expected delivery date, you can contact us here: https://t.co/hApLpMlfHN. ^LH",2017-11-13 23:34:34+00:00,2017-11-13 23:48:30+00:00,145,248
312165,312164,312166,"@AmazonHelp 返信ありがとうございます。
連絡お待ちしております。
今回残念だったのは、返送されていることを自分で調べて知った。ということです
メール等で知らされたのなら、仕方ないかという気にもなりますが…
アマゾンさんは今後も使っていきたいので、今回の件の一意見として伝えさせて下さい。",@190550 お待ちいただきありがとうございます。また、当サイトからの連絡について、ご不快な思いをおかけしてしまいましたことをお詫びいたします。お客様からいただいたご意見につきましては、担当部署に伝えさせていただきます。 YM,2017-10-07 04:17:22+00:00,2017-10-07 04:26:27+00:00,149,114
838580,838575,838573,@AmazonHelp No it today but I want it now lol want it before I head to work at 4:30,@319548 Hi James. Who is the carrier in question? Have you a safe place delivery preference set up? ^TP,2017-10-13 10:53:52+00:00,2017-10-13 10:58:00+00:00,83,103
676194,676203,676205,@AmazonHelp Je stream plus que ce que je fait en vidéo en ce moment,"@281295 Ah d'accord, et du coup vous jouez sur quoi exactement ? :)",2017-11-23 12:51:40+00:00,2017-11-23 13:02:00+00:00,67,67
2226802,2226790,2226788,"@AmazonHelp I have but checked and only other reason than address is damaged which if the case three times is a worry, I would suggest Amazon make it clear on tracker why it is sent back this will help the customer and save time",@649988 This is not the kind of experience you should expect from Amazon. Any further issues with deliveries please let us know ^BZ,2017-11-10 09:12:00+00:00,2017-11-10 09:47:53+00:00,228,131
185811,185794,185795,@AmazonHelp  https://t.co/zckgHaxsI1,@159699 Kindly fill in your details via the secured link so that we can assist you accordingly. ^KS  2/3,2017-10-04 18:31:01+00:00,2017-10-04 18:54:29+00:00,36,104
2135559,2135557,2135556,@AmazonHelp https://t.co/51qvPz7BTm,@166147 Thanks for providing the link. I've checked and see that the mentioned product is not eligible for Bajaj EMI. ^MO,2017-11-08 17:43:23+00:00,2017-11-08 18:00:00+00:00,35,121
2171168,2171167,2171169,@AmazonHelp It is today and the package has been out for delivery since 8:21am this morning. Hoping it decides to arrive soon,@636839 Please keep us posted! ^SM,2017-11-17 21:25:51+00:00,2017-11-17 21:44:55+00:00,125,34
2434994,2434987,2434989,@AmazonHelp No packing slip either.,"@698684 No worries Brandi, the tracking number is also located near the barcode on the exterior label placed on the package by the shipper. ^CH",2017-11-19 19:54:02+00:00,2017-11-19 20:13:26+00:00,35,143
1258227,1258232,1258233,"@AmazonHelp No need to apologize, I'll just cancel the order and go to a Midnight Launch locally. Really disappointed by this.","@414833 Hi, an apology is warranted. It certainly was not our intention to let you down. Do let us know if we can help further ^CR",2017-10-26 08:44:57+00:00,2017-10-26 08:53:01+00:00,126,130
179892,179885,179886,"@AmazonHelp To wait 24 - 48 hours, but by then the Early Access period will be over.",@158352 What console are you using? ^JJ,2017-10-04 11:15:32+00:00,2017-10-04 11:35:30+00:00,84,39
2493725,2493723,2493722,@AmazonHelp https://t.co/rsWn4eNRLf,"@711848 When you have a moment, please phone us here: https://t.co/JzP7hlA23B and we'll gladly look into cancellation / refund options with you.^LB",2017-11-15 18:20:34+00:00,2017-11-15 18:23:31+00:00,35,147
476089,476091,476093,"@AmazonHelp Package has arrived, thank you!","@228171 Delighted to hear it, thanks for letting us know too, appreciate it. ^NV",2017-12-01 13:55:16+00:00,2017-12-01 14:00:00+00:00,43,80
2176633,2176631,2176630,@AmazonHelp I am currently in the process of sending it back. Just wanted to let you know there is a break down in process of determining what is resellable.  I would assume that Amazon would be unhappy that this item went out.,"@638016 Thank you for your feedback, Tyler! Our apologies once more for the poor experience. If you need any further help at all, please don't hesitate to reach out to us! ^KN",2017-11-09 15:36:32+00:00,2017-11-09 15:43:27+00:00,227,175
281146,281143,281144,"@AmazonHelp ORDER # 171-2612136-1854732, 171-1993786-7442743
Paid by netbanking. Money is deducted from my acc, still the order was cancelled. No help",@182990 I'm sorry for the trouble. Please fill this form: https://t.co/beaaDm0muc and I’ll contact you at the earliest. (1/2)^AU,2017-10-06 11:02:54+00:00,2017-10-06 11:10:34+00:00,150,128
1288881,1929381,1929388,"@AmazonHelp @137605 Esto es lo que me respondieron ....NADA !!! @137605 nulo, ¿Quien paga las consecuencias? El cliente y allegados por supuesto #Amazon https://t.co/iFqptEqldy","@421448 Arturo, ¿qué opciones te han brindado en nuestro Soporte al Cliente? ^JQ",2017-10-18 21:49:27+00:00,2017-10-18 21:53:35+00:00,176,80
1744042,1744046,1744047,@AmazonHelp you people are providing Fraud Data on call now @115850 @AmazonHelp,"@526001 That's quite a strong comment. As informed earlier, please try to fill in your details in the secured link provided earlier using a desktop. ^SC",2017-11-11 04:08:00+00:00,2017-11-11 04:37:23+00:00,79,152
800974,800973,800975,@AmazonHelp Yes i did now kindly look into the matter ASAP,@310866 We'll do the needful at the earliest. ^HT,2017-10-14 06:25:49+00:00,2017-10-14 06:57:29+00:00,58,49
2974897,2974899,2974900,"@AmazonHelp 該当商品について、返金が完了したステータスになっています。あと、返金処理完了のメールが届いている状況です。1-3日程度でクレジットカードへ返金されるとの内容でした。

同じ商品が必要なので、再度購入になるということでしょうか。(最初から交換希望でしたが…)",@820450 返金処理が完了している場合、取り消しての 交換手配が出来ないため、申し訳ございませんが商品の再購入をご検討ください。ET,2017-11-30 03:19:14+00:00,2017-11-30 03:24:00+00:00,140,68
197677,222868,222866,@AmazonHelp But didn't get the mobile https://t.co/WFYp4vokC6,@169229 This offer is inaccurate. Please refer to genuine offers only on Amazon.in. ^SP,2017-10-05 03:00:10+00:00,2017-10-05 03:36:45+00:00,61,87
2956975,2956974,2956976,"@AmazonHelp O problema é esse, eu não tenho nem a data :( https://t.co/Mj91ZR3NRy","@816244 Entendi. Me diga, qual a disponibilidade do produto? Por favor, confira estas informações: https://t.co/b12StZzsUL ^CR",2017-11-29 19:37:36+00:00,2017-11-29 19:46:29+00:00,81,126
2512383,2512382,2512384,"@AmazonHelp 中身は大丈夫ですが 強盗にでも会ったのかと思いました
人生初経験です！",@716026 ご不快な思いをさせてしまい申し訳ありませんでした。このたびご迷惑をおかけしたことを真摯に受け止め、今後のサービス改善に努めて参ります。　SM,2017-10-30 06:47:08+00:00,2017-10-30 06:52:26+00:00,47,78
325372,325375,325376,@AmazonHelp I want to buy 'the four hour work week' but it is beyond my budget.;),@193510 Wish we could do something here. But our hands are tied. You can save it in your 'saved item' list and buy later on ^CB,2017-10-07 17:18:57+00:00,2017-10-07 19:17:29+00:00,81,127
2670707,2670704,2670702,"@AmazonHelp iPhoneでAmazonプライム・ビデオが見られません
対応端末を教えて下さい",@752090 iPhoneは対応端末です。プライム会員様であれば、 Amazonビデオアプリをダウンロードしてプライム・ビデオを視聴していただけます。https://t.co/2OTnGq5uqu プライム・ビデオについて：https://t.co/8yR0EmV5Xa RI,2017-11-19 12:15:05+00:00,2017-11-19 12:24:29+00:00,52,139
468866,468869,468871,@AmazonHelp Please can you contact me about this? Your app now isn’t authenticating me following a password change.,"@226637 Sorry, please contact us via this link: https://t.co/zYVX1Qi29G if you're unable to sign in at the moment. ^JJ",2017-12-01 10:58:09+00:00,2017-12-01 11:01:26+00:00,115,118
2360522,2360518,2360520,@AmazonHelp Commande n° : 405-4465085-8798733,"@482844 Nous allons de suite remonter cela, je vous prie également de le signaler à notre SAV via: https://t.co/hgIrz98cdI afin d'y remédier avec la commande. ^KE",2017-11-13 21:05:12+00:00,2017-11-13 21:12:30+00:00,45,162
1213346,1213345,1213347,@AmazonHelp For months I have been trying to find a way to sell and nobody has been able to help me. I was told I was having somebody look into my issue 3 weeks ago and it wasn’t until I called today that I found out that is not the case. So I’m back at square one 6 weeks later.,@390986 Sorry you haven't received the help you need! Did you speak w/ Seller Support about the account: https://t.co/WuCTiAppD0 ? ^DD,2017-10-25 16:45:06+00:00,2017-10-25 16:52:55+00:00,279,134
1668895,1668894,1668896,@AmazonHelp Ok. Just getting really frustrated with the lack of information. Money still hasn’t come out of my account.,@508186 Hi Liam. I understand. We only charge at the point the order is being dispatched. ^DC,2017-11-06 12:26:02+00:00,2017-11-06 12:52:30+00:00,119,93
297917,297919,297922,@AmazonHelp Wait for your response.!,@186973 We've sent a correspondence to your registered email ID here: https://t.co/NTkrxpsbHJ. Kindly check. ^PS,2017-10-07 06:10:00+00:00,2017-10-07 07:52:00+00:00,36,112
1567442,1567431,1567433,"@AmazonHelp Just says video cannot play please try again in a few mins. Been happening for a few days, other apps working! 💔",@399203 Have you tried the steps listed here: https://t.co/qdDIPKKdbH? Keep us updated! ^AB,2017-11-04 16:15:31+00:00,2017-11-04 16:21:26+00:00,124,91
2771739,2771736,2771738,@AmazonHelp Thank you for your sympathy but I don't understand what you're asking me to do? I would just like my parcel sending out!,@774540 I'm sorry for the trouble! We'd like to know what options are provided to you when the agent responds to you. Please keep us in the loop and let us know as we don't have access to your account or details via Twitter. ^TG,2017-11-21 13:37:49+00:00,2017-11-21 14:00:00+00:00,132,228
718327,718335,718336,@AmazonHelp I already have. It 's the same mail u hv sent again. I just need my refund. I dont need ur replacement.,@220245 The resolution provided to you in the email is the best we could offer at this moment. We wouldn't be able to provide any further insight on this matter. ^BV,2017-11-25 13:50:50+00:00,2017-11-25 14:19:28+00:00,115,165
276105,276104,276106,"@AmazonHelp Nothing untoward then, thanks for the quick reply.","@181961 No problem, happy to help :-) ^TP",2017-10-06 07:31:37+00:00,2017-10-06 07:35:08+00:00,62,41
1286391,1286393,1286394,@AmazonHelp Je vais faire ça ! Merci !,@229177 Au plaisir !,2017-10-26 19:05:36+00:00,2017-10-26 19:12:01+00:00,38,20
600312,600310,600309,@AmazonHelp Schönen ersten Advent noch! Vielen Dank für die fixe Antwort!,"@262369 Danke, dir auch. ^AN",2017-12-03 21:03:40+00:00,2017-12-03 21:05:00+00:00,73,28
419843,419861,419862,"@AmazonHelp Vin very simple language, y did you cancel my order, even after a sucessful payment(confirmed by your repretative through mail)",@215102 Anytime an order can't be fulfilled an e-mail is sent out to your registered e-mail. You can check with the same. ^CB,2017-10-10 10:11:56+00:00,2017-10-10 10:28:29+00:00,139,125
1502856,1502850,1502852,@AmazonHelp Hoy viernes 3 de noviembre.,"@468812 Entiendo. Recuerda que realizamos entregas hasta las 20 horas. Mantennos al tanto de la entrega, Manu. ^LG",2017-11-03 16:00:29+00:00,2017-11-03 16:03:46+00:00,39,114
215092,215091,215093,"@AmazonHelp It wasn’t with prime, so more than likely a 3rd. Emailed them 4 times with no response. Really frustrating.","@149134 I agree, that's frustrating! Since they haven't replied, you can file an A-to-Z Guarantee Claim: https://t.co/u80PxoF3rc ^AM",2017-10-06 22:49:12+00:00,2017-10-06 23:00:01+00:00,119,132
627124,627121,627120,@AmazonHelp arrange call back me on 9540838806 ASAP i need my product today only,"@268513 Don't provide your mobile number, we consider it to be personal information. Our page is visible to the public. (2/2) ^SY",2017-10-23 06:05:53+00:00,2017-10-23 06:15:00+00:00,80,129
1352203,1352199,1352197,"@AmazonHelp bonsoir. ce n'est pas spécifier sur le site, j'ai juste: colis privé , puis le numéro suivi","@435334 Avez-vous contacté notre SAV afin de leur faire part du retard?
^MD",2017-10-27 18:04:34+00:00,2017-10-27 18:08:41+00:00,103,75
946642,946632,946635,"@AmazonHelp Provided, please contact me regarding the same to clarify anything if you want. @115850 https://t.co/6edzYMXl5a","@344471 By default, the system shows an item as serviceable to all locations but once you enter an address 1/2^MS",2017-10-21 19:25:42+00:00,2017-10-21 19:38:31+00:00,123,113
191780,191771,191768,@AmazonHelp June 13 2017 .. order #702-2101109-5837033,@161064 You should be receiving an e-mail with the beta code within 24 hours. Please keep us posted! ^CE,2017-10-04 15:13:46+00:00,2017-10-04 15:20:06+00:00,54,104
77257,77256,77258,@AmazonHelp Haven't even gotten a email yet it hasn't even been dispatched by you guys this is just ridiculous I wouldn't mind at least it being dispatched by now but it hasn't,@117769 What is the delivery date according to the order confirmation e-mail? ^DD,2017-11-30 20:38:05+00:00,2017-11-30 20:53:00+00:00,176,81
2252860,2252857,2252856,@AmazonHelp All customer service say is if you don’t like the service don’t use it!,"@656302 We'd like to help in any way we can, Liz! Is there anymore details you could provide to us? ^HM",2017-11-10 21:06:00+00:00,2017-11-10 21:20:00+00:00,83,103
842139,842134,842132,@AmazonHelp Thanks a ton...if this gets updated then this will be massive change,@320311 We've made a note of your comments and passed it along to the concerned team. We'd appreciate your understanding. ^MA,2017-10-20 13:29:49+00:00,2017-10-20 13:57:51+00:00,80,125
2501935,2501934,2501936,@AmazonHelp Armani Diamonds perfume is £48.99 - yesterday it was advertised as £37.00 for prime members - however if you paid £48.99 it was in stock but £37 it was out of stock? I signed up for a trial yesterday,"@136972 Certain sales have limited stock available, once the stock available is depleted the sale will be removed shortly after. Definitely keep an eye out though as we put up new sales all the time. ^GS",2017-11-15 20:03:41+00:00,2017-11-15 22:36:50+00:00,211,203
1489741,1489739,1489738,"@AmazonHelp Hey! No, it will be out on 29th Nov. and as far as I know I am supposed to be charged on that day, right? (I haven't been charged yet)","@131045 Hi, we do process the authorization charge for the item. If you cancel the order we will release the charge back to you. ^CR",2017-11-03 09:08:15+00:00,2017-11-03 09:11:00+00:00,146,132
34558,34556,34555,"@AmazonHelp My prime membership has expired &amp; the one bundled with echo purchase has not become effective. So no prime vid, amazon now &amp; fast shipping",@123487 Please contact us here: https://t.co/vlvfJr4nN9 and we'll help you with this. ^SQ,2017-10-24 00:23:13+00:00,2017-10-24 00:36:00+00:00,158,89
955635,955640,955641,@AmazonHelp Nope. No refunds offered. No credit to accounts offered. Been a prime member for YEARS. Pretty sure that should be refunded. No offer of it,@346732 I'd like a member of our team to take a look at this for you. Please provide details here: https://t.co/QlGF0LqVH2 ^JF,2017-10-21 22:11:14+00:00,2017-10-21 22:20:29+00:00,151,126
1262663,1262662,1262664,@AmazonHelp I have complaint to your customer care last night but they didn't respond properly and disconnect the call. Truly disappoint with service.,@219990 Sorry for the trouble. Please fill in your details here: https://t.co/GIJyeYqKE0 and we'll get in touch with you soon. ^JC,2017-10-26 12:12:22+00:00,2017-10-26 12:31:27+00:00,150,130
1467687,1467684,1467683,"@AmazonHelp Nouvelle date de livraison estimée : 3 nov. - 6 nov. 
Je paye le Prime pour quoi ? Vous trouvez ça normal de pas recevoir le colus à temps ?",@460676 Je vous invite contacter notre SAV afin de faire remonter l'incident : https://t.co/qzuu0dgDXz ^MH,2017-11-02 23:19:39+00:00,2017-11-02 23:25:27+00:00,152,106
1745350,1745354,1745355,"@AmazonHelp Muchas gracias, por último, hay algún horario?","@526275 El tiempo de respuesta puede variar ya que cada caso es distinto, si no has recibido respuesta después de dos días contactanos. ^KS",2017-10-17 20:44:04+00:00,2017-10-17 20:54:00+00:00,58,139
744199,744198,744197,"@AmazonHelp Thank you, it's Amazon Logistics","@297934 Thanks for that, Elizabeth! We'd like to escalate this, so please provide more info through this link: https://t.co/sju76ji7yL ^JD",2017-10-11 15:58:32+00:00,2017-10-11 16:04:04+00:00,44,138
1653434,1653440,1653441,@AmazonHelp I only get the option to email or call 😐,@217961 Please try using this link: https://t.co/2n73phHPtG to reach us by chat. ^JJ,2017-11-06 08:33:56+00:00,2017-11-06 08:37:27+00:00,52,84
2367945,2367937,2367941,@AmazonHelp Je vois ai envoyé une capture en message privé,"@683416 D'accord, je vous remercie. ^BR",2017-11-13 23:53:22+00:00,2017-11-13 23:58:32+00:00,58,39
930181,930174,930176,"@AmazonHelp That just seems to tell me how to create new ones, that page doesn’t all seem relevant to the conversation previous to when ^BV replied.  Whoever ^CS was seems to have figured it out.","@165795 The link provided by ^BV gives info on how to view your notes and highlights. 

Underneath each section about adding items, we'll also include instructions for viewing. When you try the ""View"" instructions, are you able to view your notes and highlights? ^WT",2017-11-20 20:59:01+00:00,2017-11-20 21:10:26+00:00,195,266
480420,480422,480423,@AmazonHelp Que des commandes perso ! Entre moi et un petit peu pour ma mère,"@229177 Cool ! Sinon, quels sont vos centres d'intérêt ? ^SB",2017-12-01 13:58:44+00:00,2017-12-01 14:24:00+00:00,76,60
671641,671630,671628,"@AmazonHelp The page, and everything on it, including the cart, says it should be able to be shipped to me, but then upon checkout it says it can't be shipped to me and makes me remove it.","@280256 Could you try completely removing your address from your account, then re-add it, and then try again?^PJ",2017-11-23 09:10:17+00:00,2017-11-23 09:23:52+00:00,188,112
1114828,1114825,1114824,@AmazonHelp sir I have tell them but nothing happened..,"@383091 I'm sorry about that, I’d like to help you; please fill this form: https://t.co/beaaDlIL5C and I’ll contact you soon. ^SC",2017-10-24 08:51:01+00:00,2017-10-24 08:59:00+00:00,55,129
2474882,2474886,2474887,"@AmazonHelp received mail from Amazon that it will be replaced by 20th Nov.
Should I still fill the form which u sent???",@707548 Thank you for confirming that you have received the response from our support team. Please do keep us posted here. ^MN,2017-11-15 14:41:43+00:00,2017-11-15 14:53:00+00:00,120,126
1394413,1394412,1394414,@AmazonHelp The estimated date is 23rd october,@444279 Please wait till the estimated delivery date and I'm positive that it will be delivered. ^HN,2017-10-16 16:51:22+00:00,2017-10-16 17:11:33+00:00,46,100
2718479,2718481,2718482,"@AmazonHelp Done so &amp; once again total waste of time. Advisor clueless, no further forward, put on hold for 6 mins &amp; then just hung up. Embarrassing 👎🏻😡@115851","@280281 Hi Colin, can I ask what the agent you spoke with advised you when you got in touch? ^TI",2017-11-20 08:49:52+00:00,2017-11-20 08:57:49+00:00,167,96
516636,516635,516637,"@AmazonHelp Excelente servicio, gracias!! Sus ofertas son muy buenas !! 😃","@239076 ¡Nos alegra saberlo Diego! Gracias por tus comentarios, nos motivan a seguir esforzándonos cada día más, por acá seguimos entrenando 😁✨. ¿Cuéntanos que has comprado últimamente?  ^PC https://t.co/ecRGmFUxdQ",2017-12-02 01:33:12+00:00,2017-12-02 01:39:35+00:00,73,214
2923455,2923440,2923439,@AmazonHelp Which is the website?? Give the address..,"@809006 Kindly stay tuned to our social platforms for any updates regarding the ""Secret door competition"". ^PN",2017-07-15 03:16:06+00:00,2017-07-15 03:42:24+00:00,53,110
2921417,2921416,2921418,@AmazonHelp 返信頂きありがとうございます。動作確認、損傷の有無を確認した所、問題は無かったです。梱包については軽く報告だけさせて頂きますね。,"@491714 ありがとうございます。お手数ですが、よろしくお願いいたします。
今後も万が一お困りのことがございましたら、ご遠慮なくお知らせください。 YM",2017-11-29 02:08:46+00:00,2017-11-29 02:24:42+00:00,76,78
1228704,1228700,1228701,"@AmazonHelp Hi I've selected unauthorized now and it's gone through, didn't see it originally","@345301 Ok, if you have any further problems get back to us. ^KM",2017-10-26 10:56:04+00:00,2017-10-26 11:05:31+00:00,93,64
347944,347943,347945,@AmazonHelp Yes I know tht...want to know will I get valid warranty if purchased frm othr e-commerce site?,"@198858 Apart from the kindles sold on Amazon.in, the list of authorized sellers are here: https://t.co/31dGrMjwv7. ^EM",2017-10-08 06:24:50+00:00,2017-10-08 08:32:00+00:00,106,119
2953647,2953650,2953651,"@AmazonHelp OK, cheers. DM me a reference, please, my DMs are open.","@368949 You can initiate Direct Messaging with us by using the link below, Eliot. ^TH https://t.co/1XyLaGkcaN",2017-11-29 18:40:47+00:00,2017-11-29 18:47:31+00:00,67,109
1794087,1794086,1794088,@AmazonHelp I was told my items would be delivered to my doorstep @15433. Instead it was drop off at the leasing office at 4pm with no notification.,@539138 That doesn't sound right. Please reach out to us here: https://t.co/hApLpMlfHN and we'd be happy to get this reported. ^HC,2017-10-18 00:38:53+00:00,2017-10-18 00:46:55+00:00,148,130
2923502,2923500,2923498,"@AmazonHelp First it was delayed, then today they claim that they made a delivery attempt","@322579 I hate to hear about the problem with the carrier chosen for your recent order. Unfortunately, there is no way to request a specific shipper.  I'd suggest that if you are able contact USPS in the morning and see if they can deliver the package without a signature.^TL",2017-11-29 02:10:24+00:00,2017-11-29 02:36:00+00:00,89,275
1678557,1678555,1678554,@AmazonHelp I'm not sure i ordered it this morning and cancelled it right away. I needed that money to pay my insurance,@510541 The authorization should fall off within 3-5 business days. You may be able to contact your bank to speed up the process. ^ZW,2017-11-06 15:22:28+00:00,2017-11-06 15:28:00+00:00,119,133
2457830,2457829,2457831,"@AmazonHelp Order #

171-6367669-7801956

Send full details via DM",@193006 as we consider them to be personal information. Our Twitter page is public. 2/2 ^SH,2017-11-15 05:30:56+00:00,2017-11-15 05:47:00+00:00,66,91
2777340,2777338,2777341,@AmazonHelp Out of curiosity are you looking at this specifically or has this gone into another 6 hour queue?,"@310570 Hi, I can see that your details have been successfully forwarded. This will be looked into by a member of the social media team and you will then receive an update. ^ES",2017-11-21 16:25:27+00:00,2017-11-21 16:32:25+00:00,109,176
779289,790573,790574,@AmazonHelp Can you guys help me please!,"@308526 We're here to help! W/o posting personal info, what is your query? ^PK",2017-10-12 12:28:01+00:00,2017-10-12 12:41:33+00:00,40,78
1751556,1751552,1751554,"@AmazonHelp I received an email saying the estimated date was pushed back until tomorrow, but I was anticipating it today. Disappointed!","@527737 I'm sorry for any disappointment, Philip! Please keep us posted on the arrival! ^KN",2017-11-07 18:26:26+00:00,2017-11-07 18:33:00+00:00,136,91
179716,179706,179705,"@AmazonHelp Already done that .. Pl look into process/services ,why orders r getting delayed ..I m sure i m nt the only prson ,facing issues @115850","@158320 Hi, I'd like to help. Please tell me more about your concern, here: https://t.co/GIJyeYqKE0. I will contact you soon. ^SO",2017-04-10 07:25:20+00:00,2017-04-10 07:38:50+00:00,148,129
2216723,2216717,2216719,"@AmazonHelp i got an email that my package is delayed, making this 4 day shipping instead of 2 day 🙃","@534221 When was the appointed delivery date for this current order? Also, who is the carrier? You can find this information listed via this link: https://t.co/Y5jpI9gRhE ^WM",2017-11-10 23:44:13+00:00,2017-11-10 23:47:23+00:00,100,174
483708,483712,483713,"@AmazonHelp Segun ellos no hay retraso alguno, ellos tienen el reparto d mis paquetes d 09-18h, mientras q vosotros en el email indicasteis 09-14h","@147818 Disculpa cualquier confusión. Realmente los repartidores no poseen una hora fija para entregarte un paquete, pues todo depende de cuantos paquetes tengan que entregar a otros y el tiempo que esto conlleve. ¿La fecha estimada de entrega para tu pedido es hoy? ^ES",2017-12-01 15:11:41+00:00,2017-12-01 15:18:00+00:00,146,270
99898,99894,99893,"@AmazonHelp I just checked and it said my order might be lost, there was a button that said get a refund, i pressed it and they sent me this!😠 https://t.co/lAgTGOsHUO",@137874 Please use the link provided to get details over to us so our team can look into this with you. We want to help! ^MT,2017-11-30 17:14:12+00:00,2017-11-30 17:19:30+00:00,166,124
831800,831799,831802,@AmazonHelp Only tell me where is solution and what action taken on your courier partners unethical behaviour,"@318096 Sorry for any inconvenience, you've experienced. We can't gain access to your account details via Twitter.(1/2) ^KA",2017-10-13 06:07:58+00:00,2017-10-13 06:28:00+00:00,109,123
1445477,1445476,1445478,@AmazonHelp Ya le había puesto cancelar apenas vi que me hicieron un cargo. Como gestionó la devolución?,"@455420 Kitty, si no te beneficiaste de las ventajas Prime, podrás recibir el reembolso. Recibirás un e-mail con más detalles. ^LG",2017-11-02 17:07:05+00:00,2017-11-02 17:11:36+00:00,104,130
2534493,2534489,2534491,"@AmazonHelp Warum ist da jetzt die Zustellung am Dienstag? Beim Artikel steht jetzt  Samstag, gestern Abend, als ich bestellte, sollte morgen geliefert werden. https://t.co/2VUH5fWSlO","@286218 Wir haben über Twitter leider keinen Zugriff auf deine Bestellung. Warte bitte auf die Rückmeldung meiner Kollegen, diese haben Zugriff auf die Bestelldetails und können dir Auskunft geben. Gruß ^TR",2017-11-16 07:44:01+00:00,2017-11-16 07:55:30+00:00,183,206
2052152,2052151,2052153,@AmazonHelp When the order is not going to be delivered wat makes sense in calling it secure info? Its like giving bank account no. which doesn't exist,@606900 on the link mentioned earlier and we'll reach out to you shortly. (2/2) ^VM,2017-10-19 06:29:59+00:00,2017-10-19 09:39:31+00:00,151,83
439255,439247,439249,@AmazonHelp Ur customer care officer is giving me a bagg 200 rs.  Are you think I'm a beggar nonsense fellow,@219321 Sorry about that. I'd like to help. Please write to us here: https://t.co/GIJyeYqKE0 and I'll reach out to you. ^SA,2017-10-11 10:23:42+00:00,2017-10-11 10:44:27+00:00,108,123
19137,2662549,2662551,@AmazonHelp I had to complain some 7-8 times to finally get my complete refund. This is before failing to receive my order even after complaining 7-8,@750390 We're sorry for the unpleasant experience. We'll be sure to help you in resolving this. Please contact us from the link. ^ZH,2017-10-31 06:16:04+00:00,2017-10-31 06:20:06+00:00,149,132
2832876,2832873,2832871,"@AmazonHelp I'm going in circles! this just brings me back to the 'return' option, and only lets me get a refund, not a replacement!","@788664 Were you able to contact us using the link ^JZ provided, Jules? If so what insight or options were provided? Please keep us posted! ^SD",2017-11-27 14:00:46+00:00,2017-11-27 14:07:31+00:00,132,143
398796,398795,398797,@AmazonHelp Why does not help from Amazon team,@210310 Apologies for the inconvenience. Please fill in your details here : https://t.co/GIJyeYqKE0 and we'll get back to you. ^AS,2017-10-09 18:48:45+00:00,2017-10-09 19:42:29+00:00,46,130
846858,846856,846854,"@AmazonHelp Oui, sauf que si mon colis a été volé à cause de votre transporteur je fais comment moi ? C’est ma parole contre la leur ?","@321270 Notre service prendre en charge votre dossier pour résoudre le problème via https://t.co/hgIrz98cdI

^YL",2017-10-20 14:34:40+00:00,2017-10-20 14:40:31+00:00,134,112
91403,91402,91404,"@AmazonHelp Bonjour, merci pour votre réponse. Cde 402-1197539-7595531 (en fait 3 commandes mais un seul colis). Hélas je ne sais jamais où trouver le SAV sur votre site.","@135813 Veuillez pour des raisons de sécurité supprimer le numéro de commande. N'ayant pas accès à votre compte depuis Twitter, je vous invite à contacter notre SAV via ce lien :  https://t.co/hgIrz98cdI",2017-11-30 15:25:02+00:00,2017-11-30 15:29:01+00:00,170,203
937333,937332,937334,@AmazonHelp Many times I've contact to your customer service. But nothing has changed. 😒,@342208 We'd like to take a closer look. Please share your details here:https://t.co/GIJyeYqKE0. We'll check and reach out to you. ^VN,2017-10-21 18:32:49+00:00,2017-10-21 18:57:31+00:00,88,134
1109524,1109521,1109525,@AmazonHelp What more details do u want?,@381837 The details provided at the link above will allow us to look into your account and the delivery issues ^AR,2017-10-24 01:42:22+00:00,2017-10-24 02:03:00+00:00,40,114
1265102,1265098,1265100,"@AmazonHelp I already did the same yesterday
Today morning at 06:36 am i got sms from amazon that product will be delivered today
I have still not recd",@406894 I’m sorry about the delay. Request you to share your details via secure link mentioned earlier. We’ll look into it.  ^SB,2017-10-26 12:22:30+00:00,2017-10-26 12:42:28+00:00,151,128
419627,419617,419618,"@AmazonHelp I’ve chatted with CS in the app, and I asked for an email confirmation, but I have not received anything",@215064 How long ago did the chat end? ^BM,2017-10-10 06:43:11+00:00,2017-10-10 06:47:31+00:00,116,42
1379893,1379907,1379917,"@AmazonHelp I have reached to them said no option apart from waiting, this was really not expected from Amazon worst customer experience experience",@441233 we'll check this for you. 2/2 ^RS,2017-10-28 08:46:26+00:00,2017-10-28 09:28:30+00:00,147,41
1263401,1263403,1263404,"@AmazonHelp Still waiting for you to reach out. contacted ur customer care again. As always I have been told they would escalate the issue within 24
hrs",@415888 You should have received an email communication from our team here: https://t.co/O7c4KQXB0X. Please check and keep us posted. ^RW,2017-10-27 07:24:33+00:00,2017-10-27 07:31:27+00:00,152,137
1287015,1287026,1287028,@AmazonHelp Just checked looks like u have fixed the mistake that ur catalog team made by putting wrong price but have u found out why they did it https://t.co/pMUBzd2pB4,"@406984 I understand your concern, It could be due to a technical glitch or human error. (½) ^BA",2017-10-27 16:30:02+00:00,2017-10-27 16:46:32+00:00,170,96
1176246,1176244,1176247,@AmazonHelp Also thank you for helping. Sorry about the pissy post.,@396692 Who was the carrier listed for this order? You can find this information via the link: https://t.co/Y5jpI9gRhE ^WM,2017-10-25 00:44:44+00:00,2017-10-25 00:47:37+00:00,67,122
2156989,2156988,2156991,@AmazonHelp Ordered a JBL headphone on 30th of August. Which somehow was later reported to me that it was out of stock and my order was cancelled.,"@633647 here: https://t.co/2t6DQoUmNZ, we'll get back to you soon. Please don't provide your order details, as we consider 2/3^AP",2017-10-19 11:24:04+00:00,2017-10-19 12:01:32+00:00,146,129
1544505,1545009,1545010,@AmazonHelp Dont you have courier record or courier persons number in chandigarh,@478408 Please allow us some time and we'll reach out to you soon with an update. (2/2) ^KA,2017-11-04 05:46:40+00:00,2017-11-04 05:57:02+00:00,80,91
2962765,2962762,2962758,@AmazonHelp I rang to see why my prime delivery hadn't arrived today and sat on the phone for 56 minutes without answers waiting to speak to a supervisor and was then hung up on. Am now 12 minutes into being on hold on my new call!!! Do you not have supervisors?,@817536 Please keep us updated on the outcome of your call! We want to make sure this is resolved for you. ^KH,2017-11-29 21:23:14+00:00,2017-11-29 21:31:31+00:00,262,110
1394642,1394637,1394640,@AmazonHelp I haven't received my order yet just becos I asked to deliver it after 4pm today and it was scheduled in morning.,@444330 Apologies for the delay. Please contact us here: https://t.co/rS49hgaADF so that we can assist you accordingly. ^SS,2017-10-16 16:17:28+00:00,2017-10-16 16:45:32+00:00,125,123
105171,105170,105172,@AmazonHelp Apparently this is an appropriate response? 🤔 “we advise waiting” ..... what else do u think I was guna do fam https://t.co/g4L5vMKKDb,"@139226 I'm very sorry to hear you haven't received your order as promised! This certainly isn't what we strive for and we want to help you look further into what's going on. When you have the chance, please ring us here: https://t.co/JzP7hlA23B. ^HC",2017-11-30 22:08:17+00:00,2017-11-30 22:10:00+00:00,146,250
2852152,2852149,2852147,@AmazonHelp Are you sure because the actual website (see image in previous tweet) states 8pm.,@133008 Keep us posted. We want to make sure you get it.  ^AF,2017-11-27 19:58:08+00:00,2017-11-27 20:05:25+00:00,93,61
180261,180257,180256,"@AmazonHelp They didn't consult for my consent, he came today but left vidout delivering. Order fr Wells Fargo building. He refuses to came in &amp; left",@158411 We apologize for the inconvenience. Please contact our support team here: https://t.co/9mwpIdOzZn and we'll help you. ^ZH,2017-10-04 11:38:36+00:00,2017-10-04 11:45:00+00:00,153,129
176422,176418,176420,@AmazonHelp I receive a call from Kristen W who did everything that needs to be done to rectify the situation. Thank you very much.,@157505 I'm happy to know that Kristen W. was able to address your concerns and get the resolution you needed.  Please let us know if we can help with anything else. ^NN,2017-11-25 01:26:03+00:00,2017-11-25 01:30:43+00:00,131,169
401612,401614,401615,@AmazonHelp I have only just discovered this issue. I get a message about 'song no longer available in Amazon catalog' but it is saved on my device,@210972 We'd like to look into this for you. Please contact us here: https://t.co/JzP7hlA23B ^LI,2017-10-10 01:07:40+00:00,2017-10-10 01:37:00+00:00,147,96
246942,246941,246943,@AmazonHelp Shared every details through the shared link...!,"@174664 If you've shared your details, we will look into it and get back to you with an update shortly. ^SQ",2017-10-05 16:24:09+00:00,2017-10-05 16:47:30+00:00,60,107
149166,149165,149168,"@AmazonHelp Eu tentei 4 navegadores diferentes e sim, limpei os cookies em todos!","@142709 Neste caso, recomendamos que entre em contacto com nosso equipe de Suporte ao Cliente no seguente link: https://t.co/qGpkDwGRhX. ^AG",2017-11-24 15:08:47+00:00,2017-11-24 15:27:35+00:00,81,140
457645,457643,457642,@AmazonHelp Sold By Amazon Digital Services LLc,@223678 We can look into options with you. Please use the following link if you'd like for us to do so: https://t.co/hApLpMlfHN ^DO,2017-12-01 00:50:23+00:00,2017-12-01 00:56:30+00:00,47,131
1742681,1742680,1742682,@AmazonHelp No email linked to account 😭😭😭,"@162488 My apologies, Devesh. Please reach out to us via: https://t.co/z71JuXxmYn and we will have this checked further. ^KS",2017-11-07 14:20:19+00:00,2017-11-07 14:33:00+00:00,42,124
200026,200024,200023,"@AmazonHelp Don't think so. I have been tracking @115850 for days, but they don't offer sale on #books. #Reading must be affordable. #readinglist",@163188 Noted! We'd still recommend you to stay tuned. ^YP,2017-10-04 19:28:04+00:00,2017-10-04 19:39:38+00:00,145,58
937290,937287,937289,"@AmazonHelp Jetzt kann man sich schon Lebensmittel bei Amazon bestellen, warum dann kein Flugzeug, oder ein Auto?",@342199 Wir arbeiten dran unser Angebot ständig zu erweitern. In klein geht das jetzt schon: https://t.co/aoXoNlAGFq 😃,2017-10-21 18:27:23+00:00,2017-10-21 18:34:33+00:00,113,118
290485,290495,290496,@AmazonHelp Vielen herzlichen Dank - schönen Abend euch noch.,@185183 Dir auch! :) ^MI,2017-10-06 17:56:17+00:00,2017-10-06 18:02:40+00:00,61,24
1218241,1218237,1218239,@AmazonHelp It almost passed 1 months and I did not found my refund and ur have care about ur reputation. Shame on Amazon for ur carelessness with me.,@405839 Apologies for the disappointing experience Have you reported this to our support team here: https://t.co/vlvfJr4nN9? ^RB,2017-11-06 11:41:40+00:00,2017-11-06 12:17:21+00:00,150,128
1232176,1232175,1232177,@AmazonHelp yes I have and got an ineligible email back which told me nothing other than to raise the same query again via the same method.,"@408987 I understand, Chris. Have you tried contacting via phone here: https://t.co/JzP7hlA23B. So we can help in real-time. ^SK",2017-10-25 22:58:27+00:00,2017-10-25 23:10:30+00:00,139,128
661463,661462,661464,@AmazonHelp It says it’ll now arrive on the 25th by USPS,"@277606 While rare, delays do sometimes accrue. I'm sorry for any in convinces this may cause! If you do not receive your package by 8pm on the 25th, then please reach out to us via phone or chat here: https://t.co/hApLpMlfHN ^AR",2017-11-23 01:20:20+00:00,2017-11-23 01:31:29+00:00,56,229
1231266,1231265,1231267,@AmazonHelp Not yet. Says the estimated date is tomorrow by 8PM but the order hasn’t shipped yet. I have 2 day shipping on it too. Need it by Friday.,@408799 We ship to meet the delivery date provided to you at check-out. Please keep an eye out on your e-mail for updates. ^CM,2017-10-25 21:11:32+00:00,2017-10-25 22:00:53+00:00,149,126
1955983,1955980,1955981,@AmazonHelp @AmazonHelp  21:03 and still nothing....,"@580507 We're happy to review your order and assist you directly via phone, chat, or e-mail, here: https://t.co/JzP7hlA23B ^JR",2017-10-18 20:03:58+00:00,2017-10-18 20:10:34+00:00,52,126
542241,542240,542245,@AmazonHelp Sent my details to link too.,@245840 Thank you for sending that in Paul. I see we have received your details and will look into this shortly. ^VS,2017-12-02 16:39:49+00:00,2017-12-02 16:46:00+00:00,40,116
2606680,2606679,2606681,"@AmazonHelp A day late on delivery, about to be 2. No up to date tracking info. No package. I'm wondering why you continue to use this courrier","@737428 If you have a moment, please contact us directly by phone or chat so we can look into this with you: https://t.co/Q7Ftz6nj80 ^LH",2017-10-30 21:07:38+00:00,2017-10-30 21:25:00+00:00,143,136
173480,173478,173477,@AmazonHelp yes I have. I asked it to resend the code a few times.,"@156612 I'm sorry for the frustration! We're available to assist with your account issue. When you can, you may select ""I cannot sign in to my account"" from this link: https://t.co/1e9mMI6ASL ^SJ",2017-11-24 22:57:58+00:00,2017-11-24 23:02:33+00:00,66,195
2802323,2802325,2802326,"@AmazonHelp Same emails about my purchased not being made for ""incorrect info""","@781722 Hmmm... I would like a member of my team to look into this with you, Molly. When you have a moment, drop your details here: https://t.co/o1ZuRUpzSX. We'll be in touch shortly after.",2017-11-22 01:48:01+00:00,2017-11-22 01:54:25+00:00,78,189
232470,232469,232468,"@AmazonHelp お返事ありがとうございます。
ですがご提示の方法で何回もやったのですがずっとメールでやってくれとの機械音声ばかりなのです。",@171332 大変ご不便をおかけしております。現在電話が込み合っており繋がりにくくなっていることが考えられます。誠に恐縮ですが、先程のリンクからお問い合わせ内容「返品返金」を選択し、方法「Ｅメール」からお問い合わせいただけないでしょうか。(PCサイト) RI,2017-10-05 10:55:26+00:00,2017-10-05 11:15:29+00:00,73,130
583563,583562,583564,"@AmazonHelp Danke, aber die Abholstation war so wie meist immer als Lieferadresse vermerkt, somit ist es schon unverständlich weshalb die Infos da auseinandergehen. Ich bestelle sicherlich ca 50 Mal jährlich so, und bislang gab es keine Probleme. Bin auch #Prime Kunde.","@257637 Woran es hier tatsächlich scheitert, wird sich über Twitter schwer klären lassen. Gerne kannst du mal bei unserem Transportpartner aber auch bei uns über folgenden Link anfragen: https://t.co/5RHhEVutwe ^MI",2017-12-03 13:55:09+00:00,2017-12-03 14:16:00+00:00,269,214
2241976,2241974,2241973,@AmazonHelp Cannot find address,"@653645 Sorry to hear this Andy, were you given a new delivery date? ^BZ",2017-11-10 13:40:44+00:00,2017-11-10 13:50:37+00:00,31,72
1398422,2152764,2152765,@AmazonHelp Ah 2018!!! Im so sorry... assumed it was this year!! 🤦🏻‍♀️,@632573 No problem Denise. ^KM,2017-10-20 11:57:21+00:00,2017-10-20 12:16:00+00:00,70,30
2609226,2609230,2609231,"@AmazonHelp J'ai contacté le SAV. L'article est indisponible, alors que la livraison était garantie aujourd'hui lors de ma commande.",@737999 Nous vous réitérons nos sincères excuses quant au désagrément qui vous a été causé et vous assurons que cet incident a été remonté au département en charge afin que l'on puisse y remédier dans les plus brefs délais.,2017-11-17 11:18:42+00:00,2017-11-17 11:33:27+00:00,132,223
1611060,1611065,1611066,"@AmazonHelp Wait, really??! How exciting! Thank you?! I don't know what to say",@494503 Our pleasure 😉 We always try to make decision-making a little easier 😁 ^AN,2017-11-05 16:21:42+00:00,2017-11-05 16:29:00+00:00,78,82
2471721,2471723,2471724,@AmazonHelp Dificil decisión pero me quedo con el dios de la guerra !juegazo¡,"@603869 ¡Muy buena elección, Fernando! También es el juego favorito de Ruperto.  ¡Ya está listo para jugar!  ^AA https://t.co/hRXfBKstQo",2017-11-15 23:13:41+00:00,2017-11-15 23:54:02+00:00,77,136
2981814,2981813,2981815,@AmazonHelp すみません、ご親切にありがとうございます。,"@822413 お手数おかけしますが、よろしくお願いします。
なお、出品者から返答がない場合や、問題が解決しない場合は、Amazonマーケットプレイス保証もございますので、申請をご検討くださいませ。https://t.co/2gxw1zMaxq TY",2017-11-20 01:56:02+00:00,2017-11-20 02:00:34+00:00,33,125
313248,313251,313252,@AmazonHelp Plz check Ur emails have responded. In case you r unable to search it's Ur mistake again. Have posted a screen shot of my response as well,@183457 We've received your revert and are working on it. We'll get back to you soon. ^PS,2017-10-07 05:40:40+00:00,2017-10-07 07:10:00+00:00,150,89
1771840,1771844,1771845,"@AmazonHelp Yes, it's through AMZL US",@532573 Thanks for the info! I'd like a member of my team to look into this! Please let us know more here: https://t.co/bXvHuNfOLw ^AD,2017-11-08 16:57:51+00:00,2017-11-08 17:00:45+00:00,37,134
566571,566578,566579,@AmazonHelp Fulfilled via Amazon Prime.  No further seller information available.  Shipping via CEVA (at least part of way: the only other entity information shown).,"@252840 In that case, our Social Media team would like to help look into this directly for you. When you have a moment, please send us any additional details at the following link and we'll investigate: https://t.co/ScqnmOQlw2 ^AM",2017-12-03 03:10:49+00:00,2017-12-03 03:20:25+00:00,165,230
120262,120260,120259,@AmazonHelp 私はログインすることはできません、それは何度もそれをリセットするにもかかわらず、間違ったパスワードを言っ続ける,"@142698 かしこまりました。以下の電話番号に直接おかけいただき、お問い合わせください。
フリーダイヤル：0120-999-373
 フリーダイヤルをご利用いただけない場合：011-330-3000　
営業時間：年中無休",2017-11-23 00:49:21+00:00,2017-11-23 01:02:00+00:00,67,112
1532171,1532169,1532168,@AmazonHelp I have. Thank you !,"@475255 Thanks for confirming! When you contacted us previously, what information/options were provided to you? ^HC",2017-11-03 20:32:40+00:00,2017-11-03 20:35:35+00:00,31,115
180859,180791,180789,@AmazonHelp @115851 knows that can you please ask him if he have time to say sorry again @115850,@158494 Kindly elaborate. We'd like to work on the issue. ^NS,2017-10-04 13:05:01+00:00,2017-10-04 13:08:54+00:00,96,61
735687,735686,1319006,@AmazonHelp Normally how much time does it take to take any action?,@295989 Pricing and offers are a decision of the seller. Our third-party marketplace sellers are able to sell items at any 1/2 ^KS,2017-10-30 15:03:59+00:00,2017-10-30 15:19:50+00:00,67,130
199903,199899,199898,@AmazonHelp I've tried that multiple times. All they say is that they can't cancel it because it's in the final stage of dispatch... for a month,"@163161 Our team is happy to take a look at this order for you, please send us your info directly here: https://t.co/pcSxkgTTka ^JR",2017-10-04 19:39:17+00:00,2017-10-04 20:12:37+00:00,144,131
51609,51608,51610,@AmazonHelp I'm not sure where it is. I'm still waiting for it so i can return it because I don't need it anymore,@127583 What does the tracking info state? You can find that here: https://t.co/Y5jpI9gRhE ^TR,2017-11-01 18:01:50+00:00,2017-11-01 18:13:36+00:00,113,94
2518048,2518039,2518041,@AmazonHelp it was originally nov 12 but changed over to nov 14 after a few hours. no i havent. i googled to see what i could do but there weren’t any real answers for me,@717275 The delivery time changed over from Nov 12 to Nov 14 after a few hours? Will you elaborate please? Did the date change just after you placed the order or during transit to your home? Please confirm here: https://t.co/Y5jpI9gRhE ^SY,2017-11-16 00:51:00+00:00,2017-11-16 01:01:00+00:00,170,239
2747118,2747114,2747112,@AmazonHelp Ordered Saturday. Said you'd deliver TODAY by 8pm. Instead it's now 21/22nd...So what sort of premium service is that? Hasn't even left Bristol!,@757980 I'm sorry that you haven't received your order. Please let us know if you don't receive your items by the updated delivery window that was given.  ^FJ,2017-11-20 22:52:18+00:00,2017-11-20 22:56:37+00:00,156,158
930295,2736368,2736369,@AmazonHelp Still no package.. never using #amzl_us again.,@309662 I'm sorry you haven't received it yet. Have you had a chance to send us your info via the link ^FD provided? That will allow us to investigate. Visit us here: https://t.co/vpDHYLh6mG ^AM,2017-11-21 02:34:36+00:00,2017-11-21 02:38:57+00:00,58,194
2459196,2459221,2459222,@AmazonHelp This what I got mail no solution issue still the same. Now what? Shall I file complain in consumer forum https://t.co/aV61ABolwP,@410967 The resolution provided by our team is the best we could offer. ^MN,2017-11-21 13:24:55+00:00,2017-11-21 13:37:03+00:00,140,75
1416438,1416435,1416433,@AmazonHelp carrier is you! Amazon shipping,@200256 Oh no! I would like a member of our team to look into this for you. Please fill out this form: https://t.co/T56EoaxIdj ^BA,2017-11-02 03:02:15+00:00,2017-11-02 03:06:37+00:00,43,130
845253,845251,845250,@AmazonHelp 丁寧な説明ありがとうございます、契約した時期が半年前でしたので細かい部分を記憶しておりませんでした。こちら側の不手際でしたのに、申し訳ありません。今後とも使用させていただく所存です。対応ありがとうございました。,@320913 当サイトのご利用に際し、わかりづらい点があり、ご不便をおかけいたしました。今後とも、Amazonをどうぞよろしくお願いいたします。　リプライありがとうございました。　SM,2017-10-13 12:53:15+00:00,2017-10-13 12:57:02+00:00,117,93
467436,467435,467437,"@AmazonHelp Where do I go from the link you provided? I tried calling already from there and couldn't connect. All the options I tried to have you call me results in an announcement ""Unable to find order"". Please call me or give me a number where I can call","@226270 Please login from order associated account and connect with our support team with by using appropriate issue code. You can get in touch with us via chat, email or call. ^RW",2017-12-01 05:46:59+00:00,2017-12-01 06:03:28+00:00,257,180
1435706,1435703,1435702,"@AmazonHelp I asked the cc, she said it was because I had ordered the same phone in May that's why I can't order it again. Is it so??","@453313 supply, and we want to ensure that many customers are able to order these items. If there is a purchase limit, 2/3 ^NK",2017-11-02 13:54:42+00:00,2017-11-02 14:09:27+00:00,133,126
2318097,2318096,2318098,"@AmazonHelp Bonjour,
Commande 171-1864333-5786703
Numéro de suivi : C10048398223

Déjà la 3ème fois.
Le SAV me dit toujours que c'est la dernière fois, que ça ne se reproduira plus...
En attendant, devoir à chaque commande vous contacter, c'est pas sérieux.
Avant Amazon Logistics, ça allait.",@672017 Je vous comprends et je suis désolé pour ces incidents qui deviennent récurrents. Sachez que c'est grâce à vos remontées et qu'on arrive à améliorer la qualité de nos service. Quel était la réponse de notre SAV concernant ce colis s'il vous plaît ?^AR,2017-11-13 10:05:31+00:00,2017-11-13 10:17:00+00:00,292,259
934310,934305,934304,"@AmazonHelp Bonsoir, veuillez m’excuser l'erreur venez de moi 😅 vraiment toutes mes excuses pour le dérangement très bonne soirée à vous !",@341637 Ravi que la situation soit éclaircie et nous restons à votre entière disposition. Merci pour votre compréhension ^RA,2017-10-21 17:37:11+00:00,2017-10-21 17:41:30+00:00,138,124
1345582,1345581,1345583,@AmazonHelp Shipped the 25th with 2day delivery.  That is YOUR problem to correct.,@433761 I'm sorry for the troubles. We ask that you allow until 8pm for delivery. We still intend to meet the delivery date given.^AL,2017-10-27 17:01:18+00:00,2017-10-27 17:10:00+00:00,82,133
1578753,1578752,1578754,@AmazonHelp It was delivered by Amazon Logistics. It was meant for my neighbor not my mom,@486190 I'd like to have a member from our team properly escalate this; please provide your info here: https://t.co/wezIyJN9un ^WM,2017-10-28 22:15:28+00:00,2017-10-28 22:19:00+00:00,89,130
2979641,2979639,2979638,"@AmazonHelp I signed in, but just says no longer a member.","@821756 Hey, Chris! It would be best for us to take a look at this with you directly. When you have a minute please reach out to us here: https://t.co/hApLpMlfHN ^LA",2017-11-30 04:06:29+00:00,2017-11-30 04:12:00+00:00,58,165
1053526,1053524,1059643,@AmazonHelp U people cancel the order by ur choice n then ask us to place a new order wen there is hike in price,@368930 I'm sorry about the order being canceled. Every canceled order is followed by an email with the reason. [1/2] ^HA,2017-10-23 13:03:57+00:00,2017-10-23 13:26:34+00:00,112,121
654289,654288,654290,@AmazonHelp Nope. It says will deliver by 8pm. Except this is a business and you always deliver before 5. No dice this time. Tracking hasn’t been updated since 9am (out for delivery according to usps),@275644 I'm sorry we've let you down.​ Please keep us updated on your package delivery. We're here to help! ^LL,2017-11-22 22:25:14+00:00,2017-11-22 22:32:28+00:00,200,111
1279002,1279009,1279010,@AmazonHelp En cours de livraison depuis 7:30 ...,"@419286 Les livraisons avec ce transporteur se font de 8h à 19h. Je vous invite à patienter encore un peu.
^MD",2017-10-27 13:41:27+00:00,2017-10-27 13:45:35+00:00,49,110
2389774,2389773,2389775,@AmazonHelp first I did not get my product on time. max expected date was 13Nov and today is 15Nov. 2nd NO compensation for that. Is this the right way to make good relationship with your regular customer???? https://t.co/gUNvC3frN9,@688445 Sorry to hear about the delivery of the delivery of the order. Let us look into it. Please share your details from the link here: https://t.co/VNUITkunAc to assist you further. ^HR,2017-11-15 09:33:16+00:00,2017-11-15 09:59:00+00:00,232,188
1744994,1744999,1745001,"@AmazonHelp I was told to wait for 24-48 hrs 2 days back... Again told to wait for 24-48 hrs!!!
Amazon ki jai ho!!!!
#amazonsucks","@525275 I understand how upsetting this could be. As our team is already working on it, request you to wait and respond to that 1/2 ^NK",2017-11-07 17:35:09+00:00,2017-11-07 17:46:00+00:00,129,135
837491,838289,838288,@AmazonHelp The reason is pretty stupid everytime,@319312 I get your disappointment. I'll pass along your comments to our team internally and we'll work on it. ^GK,2017-10-13 10:14:26+00:00,2017-10-13 10:36:00+00:00,49,113
392157,392162,392163,"@AmazonHelp No need, you can see who is handling the same now.",@208862 Thanks for keeping us posted. Our specialist team will be reaching out to you with updates. ^GU,2017-10-10 14:33:34+00:00,2017-10-10 14:42:00+00:00,62,103
2171193,2171186,2171185,@AmazonHelp Que majos y agradables sois! ❤❤❤,@220652 Gracias nuevamente. Que tengas un feliz fin de semana y que veas muchas pelis y series. ^JJ,2017-11-17 21:21:27+00:00,2017-11-17 21:24:29+00:00,44,99
285568,285566,285571,"@AmazonHelp Details : 
NAME : AJAY SHANKAR
ORDER NO.: 4__credit_card__
ORDER DATE : 29.09.2017
INVOICE DATE : 04.10.2017
PAYMENT DONE BY CREDIT CARD https://t.co/fDBEYZWyhI","@184027 Please don't provide your order details, we consider it personal information. Our page is visible to public. (2/2) ^ZH",2017-10-06 16:03:38+00:00,2017-10-06 16:35:31+00:00,172,126
343775,343773,343772,@AmazonHelp I don’t see a reason that matches well for the reason.  I tried “no longer needed” but that charges $5,@163715 We'd like to look at available options with you. Please reach out to us via phone/chat here: https://t.co/hApLpM3Ejd ^KP,2017-10-31 15:21:30+00:00,2017-10-31 15:25:29+00:00,114,128
1127216,1127230,1127231,@AmazonHelp SURPRISE.... SURPRISE. NOT EVEN BEEN DISPATCHED. Amazon your customer service is SHIT. #worstcompany #dontuseamazon #epicfail #amazon,"@385774 Late orders typically arrive the next day. For further options, please reach out to us here: https://t.co/JzP7hlA23B ^BH",2017-10-24 22:05:38+00:00,2017-10-24 22:51:00+00:00,145,128
349746,349745,349748,"@AmazonHelp Llevo muchos años comprandoles.En las últimas compras no retuvieron nada.De qué depende?,así sabré si compro o no compro un producto.",@199221 Es posible que el banco retenga los fondos de la autorización de transacción. Si quieres que estas autorizaciones se 1/2,2017-10-08 09:10:22+00:00,2017-10-08 09:20:00+00:00,145,128
1429419,1429418,1429420,@AmazonHelp おー、返信ありがとうございます！参考にします！,@452003 Twitterでもサポートさせていただいておりますので、ご不安に思う際には、どうぞご遠慮なくお知らせください。ET,2017-11-02 07:17:31+00:00,2017-11-02 07:24:00+00:00,35,65
256635,256634,256636,@AmazonHelp Sir I’m talking same price for 128gb and 32gb #greatindiansale,@177030 Let us check this out for you. I'll have this forwarded to my catalog teams so that they can have a review on this. ^VM,2017-10-06 04:07:40+00:00,2017-10-06 04:59:00+00:00,74,127
1393939,1393936,1393938,"@AmazonHelp Gerne, aber es betrifft alle Geräte.",@444180 Bitte gib das auch mit an. Die Kollegen überprüfen das gerne. :) Vielen lieben Dank für deine Mühe! ^SI,2017-10-28 14:00:58+00:00,2017-10-28 14:04:34+00:00,48,111
1258967,1258974,1258975,@AmazonHelp There is nothing in the mail and I need my product or replacement since it is your fault/Please call me 9910415115,"@414991 Please don't provide your order details, we consider it personal information. Our Twitter page is visible to public. ^MJ",2017-10-27 04:50:58+00:00,2017-10-27 05:05:00+00:00,126,128
2501953,2501952,2501954,@AmazonHelp Even if the gift card/code is for me? Wanting to safeguard some money I received until I'm ready to purchase what I need by putting that money onto a gift card/code for myself.,@527684 You are able to purchase gift cards (both physical and digital) on your behalf by entering your information within the recipient field. ^WM,2017-11-15 20:30:49+00:00,2017-11-15 20:37:00+00:00,188,147
1273422,1273414,1273416,@AmazonHelp J'ai reçu une veste type parka militaire en 5Xl au lieu d'un bombers noir taille 40,"@418073 Bonjour, je suis désolée pour cela, je vous invite à signaler cet incident à notre SAV, via: https://t.co/hgIrz98cdI ^FT",2017-10-27 13:22:04+00:00,2017-10-27 13:26:01+00:00,95,128
140994,140999,141000,@AmazonHelp I believe my dad has been trying to talk directly to customer service and even tried emailing the CEO but is not satisfied ... I volunteered to tweet as he doesn’t ... until the tweet at the beginning of the thread,"@147308 It's not uncommon for items to ship the day of delivery &amp; still arrive on time. Keep us posted! We don't have access to your father's account/order details via Twitter, but we're free to speak about this via phone &amp; through live chat too: https://t.co/JzP7hlA23B ^KN",2017-11-24 12:43:48+00:00,2017-11-24 13:09:44+00:00,226,282
1225706,1225712,1225713,"@AmazonHelp Why while purchasing in amazon website, it doesn't proceed without saving card details?",@407556 This is an option we have provided for faster checkout. You may delete your details at any moment of time if necessary. ^MK,2017-10-25 19:28:50+00:00,2017-10-25 19:59:56+00:00,99,131
318852,318858,318859,@AmazonHelp My point is your Buy Now work flow causes unintended purchases. And if you do not immediately check email you will end up buying twice,@192068 Thank you for your feedback Ram. ^AT,2017-10-07 13:46:04+00:00,2017-10-07 13:57:27+00:00,146,44
422223,422220,422219,@AmazonHelp No can i get my money back __email__ thats my paypal email,@215575 Did you mean to sign up to Prime? ^NV,2017-10-10 09:40:33+00:00,2017-10-10 09:44:00+00:00,70,45
2262990,2262989,2262991,@AmazonHelp Nah the tracking just said its coming tomorrow instead 🤷🏻‍♀️,@229000 Yikes! I'm sorry that happened. Please keep us updated on your package delivery. We're here to help! ^LL,2017-11-20 23:50:55+00:00,2017-11-20 23:59:24+00:00,72,112
712926,712925,712927,@AmazonHelp No delivery date was given. It just said pending.,@290501 We strive to deliver by the date provided in the order confirmation e-mail. Please let us know if is hasn't arrived by 10/18!^ML,2017-10-10 22:50:47+00:00,2017-10-10 23:01:00+00:00,61,136
1445489,1445487,1445486,@AmazonHelp Actually i m moving out of country after this sunday so need it before that.,"@455422 Oh, I get the urgency. However, kindly wait for the invitation. Appreciate your patience. ^VN",2017-11-02 15:23:15+00:00,2017-11-02 15:49:27+00:00,88,101
446758,446756,446755,@AmazonHelp Brought a tv on Black Friday. Was told it was getting delivered on Monday so my partner took the day of to receive the parcel. Never turned up! Turns up on the Tuesday. Get it out the box to find it’s broke !! Tried speaking to use on the phone but never got a lot of sense,@220836 Were we able to help you set up a return? Did we offer to refund or create a replacement order? ^CO,2017-11-30 19:32:38+00:00,2017-11-30 19:37:00+00:00,285,107
934366,934364,934363,@AmazonHelp Plus d'une semaine de retard et 2 rdv de livraison non respecté de leur part,@341643 Avez-vous signalé cela à notre SAV ? ^MA,2017-10-21 16:48:22+00:00,2017-10-21 16:55:00+00:00,88,48
379647,379649,379650,@AmazonHelp yes I did check there too. I did not receive an email.,@206064 We have a Facebook page that you can use for questions. Here's a link: https://t.co/dLJ1fDO6N1 ^EM,2017-10-09 15:38:54+00:00,2017-10-09 15:46:00+00:00,66,106
150598,150595,150593,@AmazonHelp Por teléfono o cómo?,"@150349 Elba, puedes contactar por medio del siguiente enlace: https://t.co/beR78zMMYB ^FZ",2017-11-24 15:17:38+00:00,2017-11-24 15:22:28+00:00,32,90
512373,512368,512366,@AmazonHelp I'm speaking to a member of your life chat team now.,@237830 Thank you for that information! Please keep us update! ^LS,2017-12-01 23:36:19+00:00,2017-12-01 23:40:00+00:00,64,66
2252819,2252823,2252824,"@AmazonHelp Risposte veloci, sempre sul pezzo. Pronti a scusarsi e a rimediare.  Carino anche il biglietto e il pensiero.  BRAVI. https://t.co/mbNLp3mnwR",@656294 Siamo davvero felici di aver avuto la possibilità di rimediare e che abbia apprezzato il nostro piccolo pensiero! 😊 Grazie! ^CS,2017-11-27 21:45:04+00:00,2017-11-27 21:54:00+00:00,153,135
2104313,2104311,2104310,@AmazonHelp Sonic Forces: Bonus Edition. i can email you my order number,"@621232 Hey, please don't post personal info here. Checkout here for the pre-order bonus content - https://t.co/AlG2g7tXN8 ^TP",2017-11-08 12:23:34+00:00,2017-11-08 12:29:29+00:00,72,126
428987,428992,428993,@AmazonHelp @115851 @115850 making fool how long you will loot Indian customer???,@158494 I understand your concern. Could you confirm if you've shared your details in the link provided earlier? ^HD,2017-10-10 17:53:59+00:00,2017-10-10 18:19:00+00:00,81,116
1905531,1905530,1905532,@AmazonHelp Can you actually spend some time to help me out rather than asking me estimates?,"@567813 I understand your concern, please contact us here: https://t.co/rS49hgaADF so that we can assist you accordingly. ^BA",2017-10-18 14:15:05+00:00,2017-10-18 16:33:23+00:00,92,125
258873,258872,258874,@AmazonHelp I got it a bit ago! Thanks!!!,@177545 Glad to hear it! 😁😁😁 ^NM,2017-10-06 01:41:08+00:00,2017-10-06 01:47:27+00:00,41,32
301488,301490,301491,@AmazonHelp Si pero al momento nadie me sabe dar respuesta,@187919 ¿Qué te indicaron nuestros compañeros al respecto? ¿Te brindaron alguna opción de entrega? ^LG,2017-10-06 21:19:13+00:00,2017-10-06 21:21:00+00:00,58,102
1349251,1349246,1349250,@AmazonHelp Awaiting revert @434641 pls check,@434640 As you have already reached out to our support team thus they will be getting back to you with further updates 1/2 ^AB,2017-10-17 06:13:56+00:00,2017-10-17 06:38:35+00:00,45,126
1391478,1391476,1391475,"@AmazonHelp I have done it twice this week, they always say 24 hrs, now I don't need the book give my refund and relieve of this headache plz",@375447 Kindly share your details here: https://t.co/GIJyeYqKE0 and I'll look into this. ^SG,2017-10-28 12:22:59+00:00,2017-10-28 12:27:04+00:00,141,92
227382,227399,227403,@AmazonHelp Seems to be status quo. No response and surprised at the response from Abhishek of your team,"@170235 the link provided by ""OS"" and we'll reach out to you. (2/2) ^GK",2017-10-07 04:21:53+00:00,2017-10-07 05:27:59+00:00,104,71
721255,721254,721256,@AmazonHelp Entrega pactada hoy de 8 a 11 de la mañana...y ya vamos por la 13:20,@292653 ¿Has conseguido hablar por teléfono con la compañía de transporte para verificar lo que ocurrió con tu pedido? ^DA,2017-10-16 11:20:54+00:00,2017-10-16 11:22:34+00:00,80,122
2117802,2117801,2117803,@AmazonHelp I have sent an email.,"@624163 As you have sent an email to our support team, they'll check it and get back to you soon.  ^RI",2017-11-08 14:24:42+00:00,2017-11-08 14:36:35+00:00,33,102
1459780,1459776,1459775,@AmazonHelp Done all that and all your online chat say is “wait until tomorrow”. Told yesterday it’ll be escalated and I’ll get an email but nothing.,@458835 Was your item sold by us or by one of our sellers? You can find that information here: https://t.co/aaDyEz1VgE,2017-11-02 19:31:18+00:00,2017-11-02 19:37:00+00:00,149,118
495962,495961,495963,@AmazonHelp Daqui a pouco já começa,"@233297 Tomara que curta muito da leitura, Fernando 😊 ^LG",2017-12-01 18:26:50+00:00,2017-12-01 18:44:29+00:00,35,57
158616,158614,158612,@AmazonHelp You use to do charts for free books most sold. Do you still have those? This link looks like only two lists.,"@152468 Hey Melissa! This is the closest thing I could find: https://t.co/ziXKoVvabV I hope that helps
^CH",2017-11-24 18:03:04+00:00,2017-11-24 18:10:23+00:00,120,106
2379777,2379779,2379780,@AmazonHelp https://t.co/r0ohZUwQSi,@686222 We'd like to look into this for you in real-time. Please reach out to us via phone or chat here: https://t.co/qCuNIgfY5y ^BE,2017-11-14 05:22:01+00:00,2017-11-14 05:24:52+00:00,35,132
1699955,1699959,1699961,@AmazonHelp Si me parece que es Amazon logistics,"@515525 Entiendo Marcos, sugerimos contactar a nuestro Servicio al Cliente por medio de este enlace: https://t.co/OjvUxwnzPe . ^MB",2017-10-17 17:43:54+00:00,2017-10-17 17:48:00+00:00,48,130
2593143,2593142,2593144,@AmazonHelp My Samsung smart tv.  I did a speed test and I'm seeing over 40mb/s,@734373 We'd still like to assist. Have you tried restarting the TV? Turn off the TV. Unplug the power cable for 30 seconds to 1 minute. It may refresh the Amazon Video application. It would be worth checking for any available Samsung updates as well. ^SJ,2017-11-17 02:35:01+00:00,2017-11-17 02:50:28+00:00,79,255
2390463,2390461,2390460,@AmazonHelp Kommt drauf an wo. Von Hermes theoretisch gestern laut Sendungsverfolgung und von euch heute. Ich hab halt optimistisch gedacht das es tatsächlich mal so wäre 😩,@506830 Gerne gucken wir nach. Melde dich dazu bitte bei uns über folgenden Link: https://t.co/ohyvGrpvrY Viele Grüße ^TR,2017-11-14 09:19:35+00:00,2017-11-14 09:25:27+00:00,172,121
2318670,2318663,2318661,@AmazonHelp @115851 @115850 Done. But it's better if you cancel my order and process for refund.I shop on Amazon for convenience &amp; this isn't very convenient. Moreover your delivery executive forged my signature to show the package as one day delivery and you've no resolution mechanism.,@672123 We've received your details. We're looking into the issue and shall get back to you soon. ^SH,2017-11-11 03:14:21+00:00,2017-11-11 03:21:00+00:00,291,101
1688616,1688610,1688612,@AmazonHelp The only problem with that list is I have to listen to it too ;) haha It's hard finding something for everyone.,@512748 I'd probably run with a Disney soundtrack or station. Probably the closest you'll get to the best of both worlds. ^AN,2017-11-06 20:20:43+00:00,2017-11-06 20:24:28+00:00,123,125
2942002,2943238,2943239,@AmazonHelp Amazon France had the order - and they also today had my complaint about it,@812842 I'm sincerely sorry about that :( Our customer service will help you on the following link https://t.co/hgIrz98cdI,2017-11-29 15:31:41+00:00,2017-11-29 15:35:30+00:00,87,122
31311,31316,31317,@AmazonHelp Your team has contacted saying the same 24-48 hr delivery policy for order delivery. So I need to wait another 2 days. For prime your deliver fast but not for me even for your mistake.,@122905 to you with an update shortly. (2/2) ^MO,2017-11-01 12:53:57+00:00,2017-11-01 13:18:52+00:00,196,48
725545,725544,725546,"@AmazonHelp いつもお世話になってます～
同居人がDIY用に注文したものを間違って開けてしまっただけなので返品返金は不要です😌😌まぎらわしいツイートしてすみません😵😵😵😵","@293792 あ！問題が解決したようで、安心しました。
今後も、Amazonをよろしくお願いします。またの、ご利用お待ちしております。TY",2017-10-11 04:59:23+00:00,2017-10-11 05:02:23+00:00,90,70
2937384,2937380,2937378,"@AmazonHelp Now i just want proper solution,",@133250 We apologize for the situation. Allow our support team to investigate this. You can report this here: https://t.co/R3EfhzgU8B ^CB,2017-11-29 12:08:07+00:00,2017-11-29 12:12:29+00:00,44,137
1550756,1550755,1550757,"@AmazonHelp マーケットプレイスの方です今日届かなかったら連絡してみます。
ありがとうございます。",@451900 ご迷惑をお掛けしておりますところ誠に恐れ入りますが、どうぞよろしくお願いいたします。TN,2017-11-04 03:31:28+00:00,2017-11-04 03:33:00+00:00,54,52
682459,682449,682447,"@AmazonHelp as suspected now d shpmnts gt updated as ""I rescheduled"" so mch evn aftr giving prior info 2 ur team tht ths is wht is gng 2 happen in d end",@184612 https://t.co/beaaDm0muc and I’ll contact you soon.^SU(2/2),2017-10-21 12:52:06+00:00,2017-10-21 13:13:34+00:00,152,66
977763,977762,977764,"@AmazonHelp Just cannot seem to resolve an issue with a return - 5 days, 12+ calls and probably 6 hours on phone later still don’t think fixed",@351898 What exactly is the issue? Are you able to elaborate? What did customer service advise? ^PK,2017-10-14 08:16:13+00:00,2017-10-14 08:20:35+00:00,142,99
56942,56940,56939,"@AmazonHelp Standard delivery , by the way it comes out nov 3","@128893 I'm sorry for the wait. While we strive to get your items to you on time, in rare cases, delays may occur. ^WT",2017-11-01 19:33:35+00:00,2017-11-01 19:39:29+00:00,61,118
874643,874642,874644,@AmazonHelp no. i did not received anything. till date.,@327650 team here: https://t.co/TdDksLo6Mf and we'll look into this. 2/2 ^MK,2017-10-13 17:21:12+00:00,2017-10-13 17:37:40+00:00,55,76
2710340,2710338,2710337,@AmazonHelp Just literally happened. We watched them speed off. Just wanted you all to be aware.,@761038 Thank you for letting us know Jonathan. Keep us posted on the delivery of your package and let us know if we can be of additional assistance! ^AZ,2017-11-26 23:05:15+00:00,2017-11-26 23:09:50+00:00,96,153
1129414,1129419,1129421,@AmazonHelp Unable to do it... you please help n resolve it soon,"@386202 This being social media platform, we don't have access to your account details. Kindly share your details (1/2) ^GS",2017-10-24 11:37:33+00:00,2017-10-24 12:04:25+00:00,64,123
1079369,1079389,1079390,@AmazonHelp I received mail from your side and I have already replied but you people are not giving me solution. Why are you not checking at ur end .,"@374607 As you've responded Avneesh, we'll check and revert at the earliest. ^HN",2017-10-16 15:48:58+00:00,2017-10-16 16:01:00+00:00,149,80
2184797,2184795,2184794,"@AmazonHelp No. I mean my app has someone saying ""Alexa, set an alarm for 8AM"" and that someone doesn't live in my apartment.","@639893 Hmm that's odd, Thomas! I think the best option here would be to contact us over the phone, in real time, so we can research this further. Please use this link to get in contact with us: https://t.co/hApLpMlfHN ^CN",2017-11-09 17:24:02+00:00,2017-11-09 17:43:00+00:00,125,222
436401,436413,436414,"@AmazonHelp Shared details over there. Please see i have to travel after 2 days, so i am unavailable for next 8 days so get it picked up in next 2 days.","@218639 As you've shared your details Harshit, we'll work on it and get back to you at the earliest. ^HN",2017-10-13 11:34:33+00:00,2017-10-13 11:49:00+00:00,152,104
160300,160291,160293,@AmazonHelp Just now I talked to your team and the option was wait for another three days. Even I told them every time that I won't be in city after two days then they are saying this only that they can't help,"@152932 I understand your frustration! To clarify, is it the replacement order which shows as delivered but it isn't there? ^SJ",2017-11-24 18:40:15+00:00,2017-11-24 18:45:04+00:00,209,127
2511670,2511667,2511666,"@AmazonHelp Naja, sowas wie ""Spiele Ghostsitter"". Ich hab das Gerät gerade nicht im Zugriff, aber hilft's vll, ""von Music"" oder sowas anzuhängen? (Geiles Hörspiel/Buch übrigens ;))","@715864 Bitte sag ihr mal: ""Spiele Ghostsitter von Amazon Music unlimited"" und schau dir auch mal die Hilfeseite an: https://t.co/h1NJcyQh8s  ^BL",2017-11-15 22:48:40+00:00,2017-11-15 22:51:00+00:00,180,145
983831,983830,983834,@AmazonHelp Pls Contact with me 9478564440,"@353238 Please click here: https://t.co/kXbcNUXBb7 after selecting the appropriate issue, click on 'call me' option and a call 1/3 ^SH",2017-10-22 09:49:21+00:00,2017-10-22 09:59:57+00:00,42,134
2784447,2784525,2784523,@AmazonHelp I am just off the phone from the. Absolutely disgraceful that DPD driver still posted that even though it’s clearly been tampered with. 😔,@777471 Were we able to resolve the issue for you? ^RO,2017-11-21 18:03:30+00:00,2017-11-21 18:15:30+00:00,149,54
355328,355326,355325,"@AmazonHelp oie, comecei pelas comedias e estou amando, nunca li os originais! so as pgs q podiam ser em um papel + ""grosso""; sao quase transparentes","@200427 Imagino! Qual frase te marcou mais? ❤ Obrigada pelo feedback sobre as páginas, iremos encaminhar a equipe responsável. ^DA",2017-10-08 14:14:09+00:00,2017-10-08 14:23:32+00:00,149,130
1919876,1919878,1919879,@AmazonHelp It doesn't appear to be. It appears to be an email impersonating you wanting me to click on a link...,"@571566 You can report this e-mail here: https://t.co/s1gLcKDiQy If you need further guidance, please don't hesitate to reach out! ^KN",2017-10-18 15:37:44+00:00,2017-10-18 15:54:00+00:00,113,134
1058070,1058069,1058071,@AmazonHelp It is a birthday gift for my fiancee. It has to reach her before her birthday on 27th. Hope it does,@369812 We responded to your query on DM. Kindly check. ^SQ,2017-10-23 16:27:34+00:00,2017-10-23 16:57:56+00:00,111,59
179616,179612,179611,@AmazonHelp It says it’s being delivered tomorrow x,"@158304 Apologies, please contact us here: https://t.co/JzP7hlA23B to report the delay. ^JJ",2017-10-04 09:37:26+00:00,2017-10-04 09:46:40+00:00,51,91
282207,282209,282210,@AmazonHelp Ya but there's no option for the issue I'm facing. I've told you what the issue is. I don't think I need to do more than this.,@183225 order question or issue' and then choose from email/chat/phone to connect with our support team. Do keep us posted. 2/2^KA,2017-10-06 12:59:21+00:00,2017-10-06 13:29:34+00:00,138,130
1432375,1432373,1432372,@AmazonHelp je cherche comment…,@452600 Vous pouvez contacter notre service client via le client suivant :  https://t.co/hgIrz98cdI ^SB,2017-11-02 13:14:33+00:00,2017-11-02 13:19:00+00:00,31,103
2734238,2734273,2734275,"@AmazonHelp Saying something along the lines of hopefully it’ll be here by tomorrow, if it hasn’t arrived by Wednesday reach out... USPS","@766351 Thanks for the confirmation! We'd like to take a closer look into this with you. When you have the chance, please reach out to us here: https://t.co/hApLpMlfHN so we can investigate! ^VB",2017-11-20 20:15:43+00:00,2017-11-20 20:27:29+00:00,136,194
1239733,1239722,1239723,@AmazonHelp I received trouser in terribly crumpled way. Expected better packaging and handling. Please improve.,@124791 I'm sorry for the inconvenience with the order. Kindly report the packaging and handling feedback here: https://t.co/BOC2qI06T6 ^AP,2017-11-13 08:10:57+00:00,2017-11-13 08:39:51+00:00,112,139
1701461,1701482,1701484,@AmazonHelp This is utter rubbish. How can you have the same product listed twice?,@255740 Thank you for bringing this to our notice. I'll be sure to share your comments on this as feedback 1/2 ^OS,2017-10-17 17:28:48+00:00,2017-10-17 17:45:00+00:00,82,114
2139736,2139738,2139739,"@AmazonHelp He escrito varias veces y he llamado más veces aún y nunca nadie sabe hacer más que mirar la pantalla y ver lo mismo que puedo ver yo desde casa. El pedido no es ese, eso es una funda móvil, el pedido es un Galaxy S8","@629282 Por acá no tenemos acceso a tu cuenta, llena este formulario para revisar los detalles del pedido https://t.co/KyKcfqiS0j ^AR",2017-11-09 07:05:25+00:00,2017-11-09 07:14:00+00:00,228,133
1255688,1255677,1255678,@AmazonHelp Ok will login in sometime and will msg you here,"@159105 Sure, keep us posted. ^AB",2017-10-26 07:58:08+00:00,2017-10-26 08:25:25+00:00,59,33
1665334,1665329,1665333,@AmazonHelp Still no action....how much I have to wait.... call me 9990831269,@507256 We'll not be able to access your Amazon account via Twitter. Kindly share your details through the link provided earlier. 1/3^AP,2017-11-07 07:34:26+00:00,2017-11-07 08:00:52+00:00,77,136
73450,73449,2960470,"@AmazonHelp I’m guessing it has moved to Thursday, which is brilliant because it’s a day I can imagine they’ll deliver when I’m busy as that’s their favourite time to knock 😊😊😊","@132426 Please let us know if it doesn't arrive! We'll be happy to assist. We aim to deliver your order as soon as we can, however, unforeseen circumstances may cause this date to be missed. ^SJ",2017-11-29 20:52:15+00:00,2017-11-29 20:58:29+00:00,176,194
2405149,2405148,2405150,"@AmazonHelp I do not have an Amazon account, our household does use Amazon but it's in my partners name. This a screen shot if the email.

Thanks Jo https://t.co/3OTyuJFCCr","@691789 Joanne, I would first make sure this e-mail was sent by Amazon by checking the tips mentioned here: https://t.co/Yojzj7Bxgl ^BG",2017-11-14 16:15:21+00:00,2017-11-14 16:19:50+00:00,172,135
2205281,2205279,2205278,@AmazonHelp Still nothing 🤷🏻‍♂️,"@620974 If it's passed the recommended time frame and you still don't have your order, please ring us here: https://t.co/JzP7hlA23B when you have the chance so we can look into this further with you. ^HC",2017-11-09 20:13:39+00:00,2017-11-09 20:16:00+00:00,31,203
2962663,2962661,2962659,@AmazonHelp en cours de livraison depuis 19h42,@817520 Quel est le transporteur de votre colis ? ^MA,2017-11-29 21:17:32+00:00,2017-11-29 21:19:31+00:00,46,53
2459945,2459939,2459941,"@AmazonHelp Hi ,,,actually i took amazon development project from creative bug(saranshs group-delhi), iam doing this from 4months i done perfectly and sent full information of all shops registrations i done ,,, i have maintained 30employees with 3branches in 3districts,  but no bills","@704444 Apologies Sekhar, Twitter being a public platform we do not have access to any such business transactions. I would request you to please contact the concerned team you worked along with, for a better insight. Thank you for understanding. ^SI",2017-11-15 07:14:05+00:00,2017-11-15 07:39:00+00:00,284,249
1366059,1366057,1366056,@AmazonHelp ordered Nespresso 22/11 said avail from 23/11 and delivery 25/11 but it's still unavail today,@438016 Sorry to hear this. Did the tracking show the item has being dispatched? ^BZ,2017-11-25 12:34:37+00:00,2017-11-25 12:38:00+00:00,105,84
1562867,1562880,1562881,@AmazonHelp Okay I have filled the form and sent you all details .Please look into this and refund my money back. https://t.co/Lf871hTOCV,"@482675 Thanks for the update, we'll get back to you with a resolution, appreciate your patience. ^MJ",2017-11-04 10:40:41+00:00,2017-11-04 10:44:00+00:00,137,101
1441373,1441375,1441376,@AmazonHelp No pude contestarte porque estuve jugando😂😂,"@454420 No te preocupes 🤗 cuéntanos, ¿que te ha parecido el juego? 😱 ^AZ",2017-11-03 12:08:56+00:00,2017-11-03 12:27:00+00:00,55,72
1630230,1630229,1630231,@AmazonHelp your website? I don’t understand the question.,"@498976 Sorry for the confusion! Which domain did you order on? (https://t.co/nUUp5MLhYl, .de, .co.uk, etc.) ^VB",2017-11-05 19:59:34+00:00,2017-11-05 20:05:28+00:00,58,112
1260465,1260464,1260466,@AmazonHelp カードで支払うのを選択したのにもかかわらず、届かないことを不審に思い改めて確認したところ「確認が必要です」のような画面となりました。今までもそのカードで支払いをしていたのに、なぜか初めて今回そんなことになり必要なものが届かず残念です。,@415310 クレジットカード会社からの承認を得ることができない場合、該当メッセージが表示されます。承認が得られない原因は個々のケースにより異なりますため、当サイトでは原因を確認することができません。恐れ入りますが確認されたい場合にはカード会社へお問い合わせください。HM,2017-10-26 11:18:49+00:00,2017-10-26 11:24:00+00:00,129,137
5159,2107281,2107283,@AmazonHelp @115850  aahhh! dont be stingy...u can send one... aftrall you're no.1 shopping destination  for us... c'mon,@621845 We want to prove that we are No.1 shopping destination. Kindly place the order so that we will deliver it you. ^NK,2017-11-26 13:10:37+00:00,2017-11-26 13:29:00+00:00,120,122
2885673,2885671,2885669,"@AmazonHelp Order was 4 days late, got the wrong items, all of them wrong, spoke to support, and they have just been telling me to wait 24 hours and people are looking into it, but I have to chase it up every 24 hours and then get told to wait another 24 hours. Business items I need!","@285442 Oh no! We really want to take a closer look into this for you, and see what we can do to further assist. Please reach out to us here, so that we can help: https://t.co/agM6Qt4Wzy
^GP",2017-11-28 11:51:49+00:00,2017-11-28 12:00:57+00:00,284,190
2316937,2316933,2316931,@AmazonHelp ご対応ありがとうございます。お待ちしております。,@671767 お待たせいたしました。確認いたしましたところ、こちらの商品にはブックレットは付属しないとのことでございます。ご検討いただければと存じます。ET,2017-11-09 23:53:11+00:00,2017-11-13 07:04:51+00:00,36,79
721278,721273,721271,"@AmazonHelp Competitive Manufacturing Strategies. I very well remember, couldn't not find this book in India then, and therefore got a cousin who lived in US to order it from @115821. One more thing, the only shopping app that I have on my phone is @115850. Keep doing the great work!",@292654 Are you a scientist? 😜 Your love and support brings out the best in us. What genre do you prefer the most? ^HA,2017-10-16 10:36:58+00:00,2017-10-16 11:02:31+00:00,284,118
792662,792651,792650,"@AmazonHelp Sí, lo he hecho y lo único que me dicen desde @116928 y @132703 @130709 es que está en reparto (exactamente igual que ayer).","@309019 Linkvron, sentimos las molestias, recomendamos aguardar hasta la nueva fecha estimada, en caso de que no la recibas, avisanos. ^DA",2017-09-06 16:10:35+00:00,2017-09-06 16:16:30+00:00,136,138
455514,455511,455512,"@AmazonHelp Ok, voy a esperar al dia 6 d diciembre.  Gracias!","@222545 Con gusto, Yanci, ¡estamos para ayudar! ^CR",2017-12-01 00:06:54+00:00,2017-12-01 00:08:37+00:00,61,51
1021665,1021664,1021666,@AmazonHelp It's delivery date is today and i got the message that it's being shipped today at 9:45 a.m. but i guess I'm normally one of the last people on the delivery route. I have prime shipping and ordered on Friday,@361776 We'd like to take a look into your order. Please get in touch with us here: https://t.co/hApLpMlfHN ^DG,2017-10-22 23:04:34+00:00,2017-10-22 23:14:31+00:00,219,111
1012308,1012307,1012309,@AmazonHelp USPS. Already spoke with your and their customer service and nothing can be done or any info provided. Hoping for tomorrow.,@359532 Please keep us updated on its arrival! ^ZW,2017-10-22 18:27:59+00:00,2017-10-22 18:30:00+00:00,135,50
1054054,1054052,1054050,"@AmazonHelp No safe place is set, usually parcels go to our neighbours houses",@369044 I recommend setting up a safe place so we can avoid these types of deliveries moving forward. ^EZ,2017-10-14 20:46:54+00:00,2017-10-14 20:54:00+00:00,77,105
682483,682480,682479,"@AmazonHelp The details were shared as requested. But, still unresolved.",@282888 Kindly check for any latest correspondence from our side here: https://t.co/NTkrxpsbHJ. 2/2 ^AB,2017-10-21 07:54:42+00:00,2017-10-21 08:28:26+00:00,72,103
2441711,2441709,2441708,"@AmazonHelp Thanks for the tips! I've tried these things but still no luck. I'm able to listen to my audiobooks, just no 𝄞 :(",@700230 I'd like to have one of our team members from support lend you a hand and troubleshoot this with you; please reach out to us using the following link so we can get started: https://t.co/hApLpMlfHN ^WM,2017-11-14 23:39:41+00:00,2017-11-14 23:42:25+00:00,125,208
444238,444230,444229,"@AmazonHelp Done, please have a look and resolve this.",@220242 We've received your details. We're looking into the issue and shall get back to you soon. ^SH,2017-11-22 02:56:50+00:00,2017-11-22 03:12:44+00:00,54,101
422278,422280,422281,"@AmazonHelp This is my ORDER # 
404-9360096-2876305. wanna know why cannot get my money into account instead of getting into amazon pay?","@215577 Please don't provide your order details, we consider it personal information. Our Twitter page is visible to public. ^MJ",2017-10-11 07:22:57+00:00,2017-10-11 07:52:00+00:00,136,128
2822344,2822342,2822341,"@AmazonHelp Eu tentei pelo cartão de débito, foi a primeira vez que tentei comprar com ele e sempre diz que deu erro no processamento e para revisar a forma de pagamento.","@786511 Entendo Rafaela, nesse caso, te envio o link de nosso site referente aos cartões e bandeiras que são aceites. Te peço por gentileza olhar as informações: https://t.co/EHkjwGp5h1 ^CJ",2017-11-27 07:57:06+00:00,2017-11-27 08:04:00+00:00,170,189
2310059,2310058,2310057,@AmazonHelp こちらこそ、いつもありがとうございます！とても良い買い物が出来ました。これからもたくさん利用させていただきます。,@669976 嬉しいお言葉ありがとうございます。今後ともよろしくお願いいたします。😊✨ET,2017-11-13 03:55:41+00:00,2017-11-13 04:05:30+00:00,68,46
1307783,1307782,1307784,"@AmazonHelp Das Formular auf die Frage ""War diese Nachricht hilfreich?"" ist halt leer. Es gibt nur die Schaltfläche ""Send Feedback"".",@375444 Kannst du uns bitte mal den Link hierzu schicken? ^SK,2017-10-16 12:24:50+00:00,2017-10-16 12:30:01+00:00,132,61
1223101,1223100,1223103,@AmazonHelp I can’t because I am unable to log in into my account. Registered no is 8867606711.,@406994 Click on the link and find the skip sign-in option. You should be able to submit your details. (1/2),2017-11-02 11:54:06+00:00,2017-11-02 12:09:29+00:00,95,108
876277,876269,876271,@AmazonHelp Hello again. I'm afraid it still hasn't arrived. 😕,@328039 So sorry for the frustration! It's not our intention to miss a delivery date. Let us know if it doesn't arrive tomorrow. ^AD,2017-10-20 20:05:45+00:00,2017-10-20 20:11:03+00:00,62,132
2599676,2599674,2599677,@AmazonHelp Si supera la cantidad,"@735940 Gracias por el detalle, Wiicho. Hubo una actualización en el código de la promoción, puedes ver acá la información nueva: https://t.co/Y6Ra4Vg8f8 ^AR",2017-11-17 06:57:47+00:00,2017-11-17 07:13:00+00:00,33,157
1808114,1808113,1808117,"@AmazonHelp Myorder #406-8702452-6908353 , received an email today ,offering refund of 999 in amazon pay balance.  I accept it, please process it now.",@315596 We don't have access to your Amazon order info via Twitter. Please drop your details (1/2)^SQ,2017-10-29 01:12:18+00:00,2017-10-29 01:17:32+00:00,150,101
2767522,2767521,2767523,"@AmazonHelp La jv la brancher et faire la mise à jour
Le rituel c'est d'essayer de pas squatter Twitter mdrrrrrrrr",@683416 Je pense que la journée sera très chargée 😍 Profitez-en au max. ^ASZ,2017-11-21 12:06:30+00:00,2017-11-21 12:18:30+00:00,114,76
1128041,1128044,1128046,"@AmazonHelp In app
I go 2-&gt;Customer Service-&gt;Contact us-&gt;Call Customer Service-&gt;Return &amp; Refunds-&gt;Call us now
Then on a call it says unable 2 find order",@385944 That's strange. I'm sorry for the experience. Let us investigate this further and resolve this. (1/2) ^VM,2017-10-25 02:42:14+00:00,2017-10-25 02:51:00+00:00,171,113
1600994,1600993,1600995,@AmazonHelp I checked my order last night and it was to arrive today. I woke up to an email this morning saying we are still trying to obtain the order,"@491531 Sorry to hear that, it seems like there was a stock issue, we will email you as soon as a delivery date is available. ^JJ",2017-10-17 09:51:05+00:00,2017-10-17 10:14:00+00:00,151,129
1100412,2290859,2290860,"@AmazonHelp #JeffBezos , #flipcart . Order cancelled because of non delivery in stipulated time. Order on Amazon needs advance payment. Refund to take 2 weeks !! Amazing tactics Amazon !!","@665414 Sorry, you feel that way. Please reply to the email sent by our specialist team for further insight on your refund. ^VM",2017-11-14 09:00:34+00:00,2017-11-14 09:34:01+00:00,187,127
1655083,1655085,1655086,@AmazonHelp No response today as well... 😬😬😬 Amazon Customer Service Rocks!!!,@378594 We've sent the correspondence to your registered email ID. Kindly check it here: https://t.co/8DAc10S7ww ^GK,2017-10-18 09:36:52+00:00,2017-10-18 10:05:53+00:00,77,116
456543,456542,456541,@AmazonHelp la fecha estimada de llegada era 24 de noviembre,"@223415 Paty, ¿nos puedes indicar si este pedido es vendido y distribuido por Amazon o por un vendedor externo? ^ES",2017-11-30 23:54:18+00:00,2017-11-30 23:59:00+00:00,60,115
576482,576476,576478,"@AmazonHelp de: we’re in Austria 🇦🇹 (not Australia 🇦🇺), can you unblock our Alexa/services if I send proof of payment? it’s horrible to sit in the dark rn lol","@255672 Hi, please contact our customer service via: https://t.co/dDmBEPionb Skip the login via ""Passwort vergessen"" -&gt; ""Kundenservice"". My colleagues will be pleased to assist you. ^MS",2017-12-03 08:59:59+00:00,2017-12-03 09:15:00+00:00,158,188
1729656,1729658,1729659,@AmazonHelp J'ai bien essayé de joindre un conseiller mais il faut etre connecté puis le numéro surtaxé je préfère éviter ou puis je le notifier ?,"@522751 Vous pouvez contacter notre SAV sans authentification via le lien : https://t.co/MBTDQi7u2J
Sara",2017-11-07 11:54:58+00:00,2017-11-07 12:10:00+00:00,146,104
1537545,1537560,1537561,"@AmazonHelp In the back of my mind, I'm thinking they may have lost the package.",@476653 I'm sorry for the experience! This is not what we want to hear.  Were you able to use the link provided by ^JP? ^MO,2017-11-04 23:37:58+00:00,2017-11-04 23:57:50+00:00,80,123
627771,627770,627772,"@AmazonHelp Oh no way! Thanks! I figured I just had to suck it up, lol.","@268679 Your welcome, Kelly! Let us know if there's anything else we can help you with. ^MI",2017-11-22 15:25:08+00:00,2017-11-22 15:34:34+00:00,71,91
812423,812409,812410,"@AmazonHelp Mon dernier film que j'ai vu, Batman et harley Quinn en dessin animé et WonderMan en film avec Gal Gadot",@313584 Je compte voir Wonder Woman 😉 Il a l'air génial. Comment l'avez-vous trouvé ? ^SM,2017-11-25 10:43:40+00:00,2017-11-25 10:53:25+00:00,116,89
2899586,2899582,2899580,@AmazonHelp I have already asked for a replacement but that doesn't change the fact that i wasted two-hours on this without any certainty. I needed the product to reach me today. Do you'll not have any concept of compensation or escalating matters of priority?,"@803292 The order you are returning has to be returned to our warehouse so that the replacement order will be dispatched accordingly, appreciate your understanding. 2/2 ^MJ",2017-11-28 17:41:01+00:00,2017-11-28 17:50:36+00:00,260,172
1767490,1767489,1767491,@AmazonHelp A few orders recently!,@531473 I'm sorry for the poor experience. Please reach out to us here so we can explore options: https://t.co/JzP7hlA23B ^EA,2017-11-07 22:38:20+00:00,2017-11-07 23:02:00+00:00,34,125
1665797,1665816,1665822,@AmazonHelp I have been in chat with your customer support and was called back by a manager who then cut me off. Chat again and was. Wing called back.,"@507530 Hi, I'm afraid we don't have access to your account from here, please contact us again and ask to be transferred to a lead. ^AT",2017-11-07 09:13:40+00:00,2017-11-07 09:34:34+00:00,150,135
139986,139988,139989,"@AmazonHelp Oui, mais j'aurais quand même aimé l'avoir en bon état des le début.. même si cela est, peut être,  indépendant de votre volonté..","@147580 Il arrive que des incidents de livraison puissent se produire hors de notre volonté. Toutefois, notre service client s'occupe toujours de rectifier le tir et apporter une solution convenable. ^KD",2017-11-24 17:36:26+00:00,2017-11-24 17:43:00+00:00,142,203
1682743,1682747,1682748,"@AmazonHelp Help or close Amazon. This is redundant issue. 
Do you have logistics or dummies doing random thing. @115851 last 45 days Amazon cancelling my orders without delivery attempt.",@387423 issue. Every report they receive will be investigated and appropriate action will be taken to resolve it. 2/2 ^SY,2017-11-08 10:49:59+00:00,2017-11-08 11:08:25+00:00,187,121
348657,348676,348678,@AmazonHelp contact me on this no 09101222439,@198997 your details through the link provided earlier &amp; we'll reach out to you. Appreciate your understanding. 2/2 ^EM,2017-10-29 11:07:44+00:00,2017-10-29 11:19:54+00:00,45,123
240130,240147,240148,"@AmazonHelp Please define the earliest? Give me a final deadline, I have been getting many.",@173036 I understand the urgency. Our team is actively working on this. We'll get back to you shortly. Appreciate your patience. ^ST,2017-10-09 12:04:06+00:00,2017-10-09 12:37:00+00:00,91,132
279455,279403,279405,@AmazonHelp Are you people going to refund my money ????,"@182606 I get your frustration. However, we can't view your account details. [1/2] ^HA",2017-10-11 12:44:08+00:00,2017-10-11 12:54:00+00:00,56,86
1883455,1883453,1883457,"@AmazonHelp This is the order details Order #
406-5285363-3619528. I want to cancel this order.",@562062 We're unable to access your account directly. You may request an immediate call from us here: https://t.co/vlvfJr4nN9. ^HK,2017-10-18 11:14:04+00:00,2017-10-18 11:37:37+00:00,95,130
430040,430073,430077,"@AmazonHelp no, i did not get anything",@216871 get back to you on this. 2/2 ^SH,2017-10-11 04:51:57+00:00,2017-10-11 05:14:00+00:00,38,40
22213,22208,22207,"@AmazonHelp Hier c'était écrit ""envoi aujourd'hui"" dans le suivi, et ça n'a pas été expédié hier... #troll",@120849 L'avez-vous signalé à notre SAV s'il vous plaît? ^SA,2017-10-31 08:15:28+00:00,2017-10-31 08:21:00+00:00,106,60
695116,695115,695117,@AmazonHelp Assassinato no Expresso oriente da Agatha Christie,"@285784 Ótimo, é  um livro muito interessante, você vai olhar o filme também? 😜 ^AG",2017-11-23 15:51:41+00:00,2017-11-23 16:08:31+00:00,62,83
2126724,2126723,2126725,@AmazonHelp It says delivered ready for collection at 17.20pm but I received an email at 17.58pm saying there will be a delay,@626224 Please give us a call here: https://t.co/hApLpMlfHN so we can look into this with you! ^TR,2017-11-08 19:26:08+00:00,2017-11-08 19:30:00+00:00,125,98
2344011,2344017,2344018,"@AmazonHelp I don't know they are despatched from Luton, customer services won't tell me which courier and it doesn't say",@677894 Our team would love to take a look at this for you. Can you please provide the complete details of the issue so that we can further assist you? You can do so here: https://t.co/V9pzVF9sU9 ^DY,2017-11-13 19:07:50+00:00,2017-11-13 19:25:29+00:00,121,199
1493791,1493795,1493796,"@AmazonHelp I'm at work so, it's difficult","@466881 When you get a chance, please contact us directly here: https://t.co/JzP7hlA23B. You can contact by phone, chat or email. ^PK",2017-11-03 11:22:15+00:00,2017-11-03 11:27:28+00:00,42,133
1325540,1325544,1325545,"@AmazonHelp When item was late - I asked if it would arrive tomorrow -  ""Vishhwajeet: Definitely"" - it didn't!",@429300 Is there a delivery date showing here now: https://t.co/aaDyEz1VgE? ^BM,2017-10-27 12:20:58+00:00,2017-10-27 12:25:01+00:00,110,79
1121249,1121255,1121258,@AmazonHelp That you would add the card onto mum's account and it would take an hour!!!,@384506 We're unable to access your acc here. Get in touch here: https://t.co/JzP7hlA23B and we'll be happy to help. ^RS,2017-10-24 06:57:44+00:00,2017-10-24 07:13:04+00:00,87,120
533280,533274,533275,@AmazonHelp I don’t understand what you want me to do...I need this order today it was originally intended for yesterday,"@243541 We don't have access to your account over Twitter. So that we can best help, please get in touch via the above link and we'll look in to this for you.^TI",2017-12-02 12:12:27+00:00,2017-12-02 12:14:52+00:00,120,161
527761,527765,527766,"@AmazonHelp online chat have now told me (after no hint previously) that both items due on Thursday were damaged on Thursday and are not coming, and were never coming yesterday or today, the other one supposedly is still coming a day late. NOT GOOD","@237635 When you spoke with us on chat, were you told anything about a refund or replacement order?^BZ",2017-12-02 10:05:26+00:00,2017-12-02 10:11:00+00:00,248,102
1525061,1525058,1525056,"@AmazonHelp What is this robot language.. ??
Give me date","@473708 We don't have any announcement on this yet, do stay tuned to our website for further updates. ^SQ",2017-10-17 01:08:59+00:00,2017-10-17 01:11:30+00:00,57,105
838646,838648,838649,@AmazonHelp You cannot return perfume. There should some provision for the return since the quality promised is not delivered.,@319555 I understand your concern. Please share your details here: https://t.co/beaaDm0muc. I'll look into it for you. ^ST,2017-10-17 04:18:58+00:00,2017-10-17 05:21:00+00:00,126,122
1311843,1311845,1311846,"@AmazonHelp No, not yet. I'm going to contact tomorrow and straighten it out. Frustrating, but you all are great at resolving issues.","@426542 Thanks June, please keep us posted! ^AT",2017-10-27 06:26:01+00:00,2017-10-27 06:34:26+00:00,133,47
1063040,1063039,1063042,@AmazonHelp (1/2) @2005 @AmazonHelp Having lots of problems in amazon.in and we don't get any offer on our order..,@371010 I'm sorry about the trouble with your recent order. Have you reported this to our support team through the link shared? ^MA,2017-10-24 16:35:18+00:00,2017-10-24 16:56:38+00:00,114,131
1118559,1118563,1118564,"@AmazonHelp How should i talk to customer care people ? 
Before i used to speak to them directly...","@383919 You can reach out to us via call, chat or email using the link here: https://t.co/HQhpS2qeEd. ^PS",2017-10-24 06:04:34+00:00,2017-10-24 06:07:00+00:00,99,105
2061313,2061311,2061314,"@AmazonHelp And now it's showing it's being returned.  No one rejected as stated, no delivery was attempted.","@596704 I'm sorry for the frustration! Which carrier company are you seeing has the order, here: https://t.co/Y5jpI9gRhE? ^JR",2017-10-19 01:10:51+00:00,2017-10-19 01:17:46+00:00,108,125
93684,93670,93671,"@AmazonHelp Had a conference call with your customer service rep and UPS. Amazon is creating shipping labels too late. So I ordered a package on Nov 28, Amz said it would be delivered the 30th, but Amz isn’t creating a label until 5:30pm on the 29th so UPS thinks it should be delivered 12/1","@136304 This is certainly not the experience we'd want you to have! I'm sorry about that. Just for claarification, are you in need of a return mailing label? ^GP",2017-11-30 16:19:01+00:00,2017-11-30 16:26:34+00:00,291,161
815514,815496,815495,"@AmazonHelp Unprofessional behaviour from customer service Neha, Sandeep, Aarti. Not able to give resolution. Any how share me the status of my products @115850 @115851",@314201 and help you with the issue. Please provide your details here: https://t.co/v1iD2ieHA2 and I'll get back to you. 2/2 ^SH,2017-11-08 07:38:58+00:00,2017-11-08 08:08:00+00:00,168,128
215058,215054,215057,@AmazonHelp I had called you. But no positive response from your side. Your replacement policy is dumbest in Indian e-commerce.,@167096 We get your concern. We wouldn't be able to create a replacement for replaced order. Appreciate your understanding. (1/2) ^SV,2017-10-05 02:01:57+00:00,2017-10-05 02:10:00+00:00,127,133
1079369,1079393,1079394,"@AmazonHelp Actually ,I feel that amazon don't wanT To return my money. TheY are cheaters. IT is kind of worst experience with amazon.",@374607 Kindly check it here: https://t.co/8DAc10S7ww. 2/2 ^RS,2017-10-17 09:05:59+00:00,2017-10-17 09:42:29+00:00,134,62
861263,861265,861266,@AmazonHelp I was emailed at 17:02 to say it could take an additional day or two to arrive,@324502 Oh no! Did we provide a reason for the possible delay? ^AB,2017-10-20 18:04:11+00:00,2017-10-20 18:14:01+00:00,90,66
887895,887900,887901,@AmazonHelp This one is the last correspondence from you.  Wondering why it's taking so long to solve the problem? https://t.co/vhxyKQANYk,"@330826 Please don't provide your order details,we consider it to be personal information. Our page is visible to the public.^PJ(2/2)",2017-10-15 18:19:10+00:00,2017-10-15 19:02:28+00:00,138,133
2887286,2887280,2887282,@AmazonHelp It’s through the app,"@800675 Can you please try clearing the Data on the App, or uninstall/reinstalling it ? ^TD",2017-11-28 13:13:40+00:00,2017-11-28 13:17:00+00:00,32,91
1622200,1622195,1622196,@AmazonHelp Now expected by the 18th,"@497028 Sorry for the delay, Nate! Who's the carrier responsible for the delivery? Find out here: https://t.co/Y5jpI9gRhE ^JZ",2017-10-17 12:33:42+00:00,2017-10-17 12:46:39+00:00,36,125
361375,361374,361376,@AmazonHelp I'll give it a few more days. They delivered only 2 of 3 items and marked everything as delivered. Probably forgot and said screw it. Thx,@201575 Sure thing! Please keep us posted! ^LB,2017-10-08 17:37:29+00:00,2017-10-08 18:01:26+00:00,149,46
1441934,1441928,1441926,@AmazonHelp Hab mir frei genommen,"@454548 Ah, da wurde gut geplant :) ^AN",2017-11-02 12:42:26+00:00,2017-11-02 12:43:44+00:00,33,39
2811129,2811127,2811125,@AmazonHelp Ok jajajaja pensé que no responderían jajaja gracias por el servicio a esta hora 🤓,"@783921 Estamos aquí para ayudarte. No dudes en volvernos a contactar si tienes alguna pregunta adicional.
¡Saludos!
^FQ https://t.co/W3A2ZOe8Jr",2017-11-22 07:47:12+00:00,2017-11-22 07:53:01+00:00,94,144
115960,115956,115957,@AmazonHelp  https://t.co/F3V5gZT3Wr,@141822 Hmm - dass seh ich dann wohl als ja an ;) Dann wünsche ich noch einen schönen Abend! ^NW,2017-11-23 22:13:51+00:00,2017-11-23 22:22:31+00:00,36,96
2590703,2590701,2590700,"@AmazonHelp Lo que quiero es saber el contenido en castellano, antes había una opción que decía todo lo disponible en audio en español, y ya no :(","@733789 Entiendo, por favor entra en contacto con Soporte al Cliente para reportar las que indicas: https://t.co/OjvUxwnzPe. ^DA",2017-10-30 19:45:44+00:00,2017-10-30 19:51:13+00:00,146,128
421873,421877,421878,"@AmazonHelp It's not like I have searched for it either, doesn't come up in recently viewed items",@215497 That's strange! ^KM,2017-10-10 09:24:06+00:00,2017-10-10 09:46:27+00:00,97,27
2780497,2780495,2780494,@AmazonHelp It says everything has been deliver yesterday but nothing was delivered,@776586 Here are some tips to help you locate your order: https://t.co/VeIibSQOfD Keep us posted. ^CO,2017-11-21 16:53:07+00:00,2017-11-21 16:57:00+00:00,83,101
1161592,1161591,1161593,"@AmazonHelp But it's an item I needed today or tomorrow at latest. When I ordered it, it said it would arrive today. Should I just cancel it?",@393285 Oh no! Let's look into the order and possible alternatives together by phone or chat here: https://t.co/hApLpMlfHN ^TG,2017-10-15 19:26:40+00:00,2017-10-15 19:37:03+00:00,141,126
2896000,2895999,2896001,@AmazonHelp No. It’s delivered via Royal Mail. This is the second time it’s been delivered early. First time worked to my advantage :). Didn’t know if there was a problem with the delivery estimates.,@802506 Thank you for clarifying; I'd like to have a team member contact the carrier on your behalf. Please contact us here: https://t.co/JzP7hlA23B ^WM,2017-11-28 19:25:48+00:00,2017-11-28 19:29:30+00:00,199,152
413991,413990,413992,"@AmazonHelp If I change my address y'all should by default ship to that address, not my old one.",@213787 The default address can be updated here: https://t.co/XcdZbyzyHe. Has the current order already shipped out? ^EP,2017-10-10 01:47:01+00:00,2017-10-10 02:07:30+00:00,96,120
2877043,2877041,2877040,"@AmazonHelp Yeah, it was meant to be a bday gift for my girlfriend which was today. Try showing up to your woman's bday empty handed. #why","@225620 Hey, get in touch with us here: https://t.co/hApLpMlfHN so we can check this for you ^KM",2017-11-28 06:39:56+00:00,2017-11-28 06:41:55+00:00,138,96
2634731,2636929,2636928,"@AmazonHelp Thanks for the offer, but it was four years ago now (and I realize now was actually Amazon Canada). It was frustrating though. But I appreciate you reaching out, so I'll stop telling the story now ;)","@744275 Gotcha, thanks for clarifying! If you ever have an issue or even a question. Please don't hesitate to holler at us, we're always happy to help. Have a great weekend! :D ^EZ",2017-11-17 20:18:35+00:00,2017-11-17 20:24:00+00:00,211,180
2298157,2298151,2298153,"@AmazonHelp Vou assistir assim q eu acabar o livro, pq vvs trouxeram essa maravilha, junto ao Neil Gaiman. 😍❤️",@236019 Quando assistir nós conta o que achou! ❤ Adoramos trazer coisas boas! ^DA,2017-11-12 14:42:00+00:00,2017-11-12 14:49:51+00:00,110,81
75894,75891,75890,"@AmazonHelp All my past orders were being delivered at same address, still couldn't understand the problem.",@132991 I get your concern. Could you please confirm if you've shared the details in the link provided to you earlier? ^SU,2017-11-30 11:07:26+00:00,2017-11-30 11:35:36+00:00,107,122
343000,342991,342993,@AmazonHelp And like I said... can’t use that email. I can see it on my app; I can’t respond with that email. I would like the item sent again...,"@125690 Due to security, we wouldn't be able to take that request over Twitter. You can reply to the message via Message Center since you do not have access to that e-mail. Here's the link for that: https://t.co/H1cF3BDXn3 ^TR",2017-11-19 19:05:08+00:00,2017-11-19 19:18:00+00:00,145,226
2238595,2238593,2238597,@AmazonHelp Yes I have called up more than 15 times and sent mail also but still no response,@652739 I'm sorry for the trouble with your order. We'd like to look into the issue and help. Kindly share your details here: https://t.co/beaaDm0muc and we’ll contact you soon. 1/2 ^RI,2017-11-26 15:11:49+00:00,2017-11-26 15:48:56+00:00,92,185
898317,898325,898326,@AmazonHelp just another useless form to fill in with no response. I have filled anyway.,@333326 Thanks for submitting your details. Our team will contact you at the earliest. ^GD,2017-10-22 14:42:39+00:00,2017-10-22 15:04:29+00:00,88,90
1485343,1485351,1485352,"@AmazonHelp OK..Pls suggest  what can be done?Went your website to mail you ,find no mail IDs,customer care no.in my profile no info f refund reference","@464927 I understand, Samir. Please use the above link to reach our support team. Provide the issue and you'll get a callback. ^JC",2017-11-03 09:02:42+00:00,2017-11-03 09:31:26+00:00,151,130
2888229,2888228,2888230,@AmazonHelp I have explained how they both responded. I think social media is the only platform where I can openly express my concerns.,@800867 I get your disappointment. We're following up via DM. ^SG,2017-11-28 13:37:20+00:00,2017-11-28 13:53:00+00:00,135,65
2915795,2915797,2915798,@AmazonHelp None is listed. Order number is 113-9013787-1993035,"@807091 Gotcha- we can't access your account via Twitter, but we'd really like another chance to look into this with you. When you have a moment, you can reach a live agent here:  https://t.co/hApLpMlfHN. Keep us in the loop! ^BL",2017-11-28 23:51:40+00:00,2017-11-28 23:58:30+00:00,63,229
659330,659329,659331,@AmazonHelp That's not what I asked.  I asked how to filter listings that do not have more than 25-50 reviews.  Not how to filter by average review.,"@141862 The listings cannot be filtered by quantity, only based on the average customer review. I'm sorry for any inconvenience this may cause. ^QJ",2017-11-22 23:54:59+00:00,2017-11-23 00:05:24+00:00,148,147
359519,359522,359524,"@AmazonHelp You guys are jerk..
Go die you Morons.. 
Refund my Money you Idiots","@201142 Sorry for the trouble with your order. If you've paid for the order, the refund (1/2)^SQ",2017-10-08 17:52:16+00:00,2017-10-08 21:01:30+00:00,79,96
1474019,1474018,1474020,"@AmazonHelp Certain carrier meaning FedX, UPS, or USPS? No.",@462184 Thanks for confirming! Do you care to tell us more about this without giving personal information? ^HC,2017-10-17 01:46:36+00:00,2017-10-17 01:49:00+00:00,59,110
289076,289067,289069,@AmazonHelp The 5th. It’s now the 6th and not arriving today apparently it will be coming Monday. It’s no use to me Monday,@184876 Did we provide a reason for the delay? ^TR,2017-10-06 15:39:50+00:00,2017-10-06 15:53:00+00:00,122,50
1421343,1421345,1421346,@AmazonHelp I've shared the details. Can you confirm when the delivery will be done?,"@450385 Please check, using this link here: https://t.co/NTkrxpsbHJ (2/2) ^KA",2017-11-02 09:48:45+00:00,2017-11-02 10:11:32+00:00,84,77
247033,247018,247027,"@AmazonHelp There is no correspondence in last 24 hrs, are you kidding me. This is just harassment of customer @115851",@174678 Sorry for the delay. We're working on this. Kindly revert to our correspondence and we'll get back to you at the earliest. ^ST,2017-10-07 02:57:39+00:00,2017-10-07 03:17:30+00:00,118,134
631613,631620,631621,@AmazonHelp I managed to get hold of someone via chat. They told me that both £79’s had been refunded already. And that my Student Prime was from 23/11. But just received email said my Student Prime has been cancelled!! What is going on?!?,@199862 Oh no! Please contact us here to look into this  https://t.co/hApLpMlfHN ^DJ,2017-11-23 18:06:56+00:00,2017-11-23 18:12:32+00:00,239,84
2531001,2531017,2531019,@AmazonHelp abey woh harami ke pille ENGLISH smajh me nai aati h tumhe ek baar bola na nai bharne mujhe tere ye form bhaar me jao smajh lunga paise 1/2,"@120538 I understand this has not been a pleasant experience, Shashank. Kindly fill in your details so that we can help you further. ^KS",2017-10-30 11:54:45+00:00,2017-10-30 12:18:26+00:00,151,136
2317883,2317897,2317898,@AmazonHelp Y u sended that money in pay balance see now i srrucked and u peopleare fooling,"@671981 I get your concern about the refund, Parvez. Please share your details from the link shared for us to look into your concern and assist you. Appreciate your understanding. ^SV",2017-11-14 19:14:04+00:00,2017-11-14 19:20:30+00:00,91,183
1084349,1084352,1084353,@AmazonHelp Not to my knowledge. All they said was they can only see what o can see and can't call cause its USPS,"@375778 Did you receive an e-mail after the phone call? Typically, a notification of the refund request will be included. ^BH",2017-10-15 03:34:24+00:00,2017-10-15 04:28:29+00:00,113,125
544408,544406,544405,"@AmazonHelp Dos de amazon, el tercero de fuera",@246491 Si cuentas con un producto de un vendedor externo será enviado en un pedido distinto. Igualmente te recomendamos  ver la siguiente informacion sobre los envios: https://t.co/TG6BPObo5X  ^FZ,2017-12-02 16:46:27+00:00,2017-12-02 16:51:00+00:00,46,197
545761,545757,545759,@AmazonHelp There’s isn’t one hence us not setting it we like in a mid terraced house and we don’t want our parcels in the bin,"@246883 Our intention is never to disappoint our customers. I understand your frustration! If you would take a minute and set the safe place on your account through the information above, we can improve your delivery experience in the future. ^DJ",2017-12-02 17:06:40+00:00,2017-12-02 17:15:28+00:00,126,246
1718118,1718125,1718126,"@AmazonHelp Sent a mail( Nov 15, 2017 at 8:07 PM) again to __email__ with complete details. Let's see how much follow up @AmazonHelp @115821 does now. Regards.","@520225 Thanks for replying. If you've shared the details, we'll look into it and get back to you soon. ^MO",2017-11-15 14:41:40+00:00,2017-11-15 15:07:00+00:00,159,107
1802890,1802887,1802885,"@AmazonHelp Sorry should of clarified, yes it was through my emails","@541734 We can review your account to confirm the status of your subscription and discuss options to help, when you call us. ^ST",2017-10-18 01:39:46+00:00,2017-10-18 01:43:27+00:00,67,128
424332,755075,755076,@AmazonHelp What your bosses are doing? Planning for cheating more and more? @115851 @1840 shame on you guys. U don't even care what hapns to cust.,"@272837 My apologies for the trouble, Narendra. Kindly revert to the email sent for more information on this. ^KS",2017-10-12 14:07:17+00:00,2017-10-12 14:27:31+00:00,147,113
2283509,2283507,2283506,@AmazonHelp It was released yesterday so I assume yesterday. I have two payments pending for the 9/11 and today,"@504930 Hi, are the amounts the same ? ^CR",2017-11-11 11:07:02+00:00,2017-11-11 11:25:00+00:00,111,42
135072,135071,135073,@AmazonHelp Is the 8000 cashback offer on iphone 8 still available...,@146431 All the applicable promotions and offers will be mentioned on the product details page. Please check for the same. ^AP,2017-11-24 08:51:31+00:00,2017-11-24 09:28:00+00:00,69,126
812475,812474,812476,@AmazonHelp Bonsoir @AmazonHelp c'est fait. Normalement je dois recevoir ma commande ce soir après modification de livraison. Bonne soirée! ☺,"@313592 Super nouvelle, je vous souhaite une bonne réception de votre colis. ^KD",2017-11-27 17:48:57+00:00,2017-11-27 18:00:06+00:00,141,80
474336,644017,644019,"@AmazonHelp Hope,
Sooner I would place an order here on Amazon.In",@272882 We'll be sure to work on your feedback. ^SU,2017-10-26 17:50:47+00:00,2017-10-26 18:02:00+00:00,65,51
1281336,1281335,1281337,@AmazonHelp https://t.co/falj15P9o8,@131402 Nous tenons à regarder de plus près ce qui s’est passé et vous aider. S’il vous plaît contactez-nous ici: https://t.co/hgIrz98cdI,2017-10-26 17:31:02+00:00,2017-10-26 17:38:49+00:00,35,137
2052181,2052180,2052182,@AmazonHelp Conferi e não há. Será que poderiam mandar novamente? __email__,"@606905 Nesse caso, por favor, entre em contato com nosso SAC, através deste link: https://t.co/PKjbRWM1z1 (2/2) ^CR",2017-10-18 23:57:45+00:00,2017-10-19 00:01:00+00:00,75,116
2390491,2390489,2390492,"@AmazonHelp As a prime customer who spends a lot of money with you,I am disgusted at the level of customer service that I receive whenever I call you with a problem.I have complained about Amazon logistics over and over again but nothing changes.#badcustomerservice","@688607 Sorry to hear you have had such a bad experience, has your order been replaced or refunded? ^BZ",2017-11-14 09:46:00+00:00,2017-11-14 10:05:00+00:00,265,103
1883416,1883418,1883419,@AmazonHelp Esto es lo que me aparece. (he borrado la dirección de envío por privacidad) https://t.co/GtssAwHrGJ,"@494483 En caso de que no recibas tu pedido hasta el final del día, por favor entra en contacto con nosotros. ^DA",2017-10-18 11:44:11+00:00,2017-10-18 11:46:00+00:00,112,113
2808420,2808419,2808418,@AmazonHelp Hi.. thanks for your response. it's been resolved. Hence deleted the tweet. Thanks anyways.,@772203 You're welcome! We're happy to know that the issue was resolved. I hope if you ever need anything you will let us know.  ^SC,2017-11-22 04:14:25+00:00,2017-11-22 04:49:26+00:00,103,132
1043224,1043221,1043219,"@AmazonHelp 1st i didn't get my no cost emi
Next i didn't get the product delivered on time even after paying prime cost
3rd the divice is not working",@366695 Have you reported this to our support team yet ? Keep us posted if you already did. ^HT,2017-10-23 08:58:12+00:00,2017-10-23 09:15:32+00:00,150,95
1442660,1442658,1442656,@AmazonHelp When will you reply me ? Then why you are asking my details if you don't do anything ?,@367689 Sorry for the trouble you have had.Could you please confirm whether you have filled the details the link shared earlier?^HS,2017-10-16 18:47:26+00:00,2017-10-16 19:01:29+00:00,98,131
930223,2689311,2689312,@AmazonHelp Hola me dicen que tiene que comprobar mi tarjeta de crédito y resulta que en mis estados de cuenta me retiraron 1 peso ese mismo día para verificar,"@756092 Para desbloquear tu cuenta debes seguir los pasos indicados en el email. Con respecto al valor el mismo corresponde a una autorización, mira más información aquí: https://t.co/dr8r9WRmNy ^VL",2017-11-19 15:59:04+00:00,2017-11-19 16:02:00+00:00,159,198
2754644,2754642,2754641,@AmazonHelp Na selbstverständlich.,@771027 Dann melde dich bitte mal direkt bei unseren Spezialisten: https://t.co/ohyvGrpvrY Diese prüfen das mal für dich. ^SK,2017-11-20 21:04:06+00:00,2017-11-20 21:12:27+00:00,34,125
526106,526104,526103,@AmazonHelp 気付いたらプライム会員になっておりびっくりしたんですがかなり活用できそうで継続しようと思いましたwwwありがとうございます( ´∀｀)笑,@241729 リプライありがとうございます🙇様々なプライム特典をご用意しておりますので、会員期間はご活用いただければ幸いです😀 どうぞよろしくお願いいたします！HM,2017-12-02 06:47:35+00:00,2017-12-02 06:54:27+00:00,80,83
439812,439804,439803,@AmazonHelp Already did. Please let me know about the status. The person on support had no clue where the package was delivered. @115850,@219399 Sorry about the delivery. Kindly fill in your details here : https://t.co/GIJyeYqKE0 and we'll reach out to you soon. (1/2) ^AS,2017-10-11 08:41:20+00:00,2017-10-11 10:17:29+00:00,136,135
1733100,1733104,1733105,"@AmazonHelp Shared the details and waiting, again...","@523482 Thank you for confirming, will get back shortly. ^SK",2017-11-07 13:47:22+00:00,2017-11-07 14:00:00+00:00,52,60
839019,1303649,1303650,@AmazonHelp This is the latest one I have received. Now stop this nonsense please. https://t.co/XcNWe8q0FQ,"@319629 Apologies Deep, you can add your insight by writing back to the e-mail sent by Socia Media team. We'll revert to the same. ^MP",2017-10-16 17:50:45+00:00,2017-10-16 18:16:00+00:00,106,134
2170399,2170394,2170395,"@AmazonHelp It only says ""Expected Oct 18-20"" and to contact support if I don't receive by Oct 21. No definite delivery date is shown.",@636689 Please keep us updated on the delivery between those dates. You should expect your package to arrive by then. ^MH,2017-10-19 13:07:21+00:00,2017-10-19 13:15:30+00:00,134,121
834838,834837,834839,"@AmazonHelp 6.03pm
Your return pickup for Moto G5s Plus (Blush G. could not be done due to courier network issue. Re-attempt by end of next working day.",@318783 we consider it personal information. Our Twitter page is public. [3/3] ^SK,2017-10-13 12:56:53+00:00,2017-10-13 13:09:00+00:00,152,82
772760,772758,772757,"@AmazonHelp ありがとうございます！
出荷準備されてからということなので気長に待ちたいと思います！",@304598 リプライありがとうございます。今後ともどうぞよろしくお願いいたします。SK,2017-10-12 01:11:43+00:00,2017-10-12 01:13:56+00:00,54,45
348383,348385,348386,@AmazonHelp I have shared my detail... waiting for your reply.,@198937 Thank you for keeping us posted. We've received your details and working on it. We'll get back to you soon. ^ST,2017-10-08 08:55:30+00:00,2017-10-08 11:33:28+00:00,62,119
1327731,1327730,1327732,"@AmazonHelp I have, if its not here by the 36 hour mark (since i need it for today) im gonna have to go out and buy all of it! 😭",@296918 If you can reach out to us directly here: https://t.co/hApLpMlfHN we can look into it. ^PK,2017-10-27 12:50:16+00:00,2017-10-27 12:55:30+00:00,128,98
2309117,2309111,2309112,@AmazonHelp My dear Social Media Activist. Emails are going on with you since 3rd Nov to no avail. You guys did nothing against your fraud Employee/Seller. Buyer is harrased. He is sr citized aged 65 now. Attached is thief's mobile number switched off since day of Incident https://t.co/OFrVAuAe2A,"@669753 The resolution provided via email is the best we can provide at this point of time. Appreciate your patience and understanding. Please don't provide your contact information, as we consider it to be personal information.^AP",2017-11-13 08:19:25+00:00,2017-11-13 08:38:35+00:00,297,231
180367,180365,180364,@AmazonHelp N wat abt lightening deals which is only for few hours cmon amazon,"@158422 As requested, please use a different payment method in this case. ^HK",2017-10-04 11:27:45+00:00,2017-10-04 11:52:31+00:00,78,77
274248,274254,274255,@AmazonHelp Your system doesn't allow me to request a call back via a switchboard and extension number,@181525 Please input your home or mobile number. ^MC,2017-10-06 08:48:45+00:00,2017-10-06 08:58:00+00:00,102,52
1121754,1121751,1121750,@AmazonHelp But when it has reached the nearest hub what's the problem in delivering it before the estimated date?,"@328356 delivered each day, so we'd not be able to assure you a delivery prior to the estimated delivery date. Request you to kindly 2/3 ^EM",2017-10-24 06:36:52+00:00,2017-10-24 06:57:56+00:00,114,140
1380892,1380891,1380893,@AmazonHelp Amazon Pay add money 10% cash back. Added on 20th Sept. https://t.co/hVzNwlQys6 I'd 408-7123202-1390741 . Every time CC says wait for 24-48h,"@441426 Please don't provide your order details, as we consider them to be personal info. Our page is visible to the public. (2/2) ^GK",2017-10-28 06:01:24+00:00,2017-10-28 06:20:29+00:00,152,134
199969,199965,199964,@AmazonHelp Their is already existing complaint going on can you please check and expedite the process,@163177 Please fill your details in the link provided and we'll work on it. ^NR,2017-10-04 19:58:12+00:00,2017-10-04 20:08:36+00:00,102,79
299611,299610,299612,@AmazonHelp Order placed for the same day delivery but now it shows for the Monday. I always prefer Amazon to purchase but this time i feel cheated.,@187417 We'd like to get this looked into! Please get in touch with us by phone or chat here:  https://t.co/hApLpMlfHN ^KJ,2017-10-07 01:56:05+00:00,2017-10-07 02:00:28+00:00,148,122
15277,15272,15273,@AmazonHelp Please don't help.u have very useless process of helping.if u want plz refund me atleast in time which is also now least expected,@119352 Sorry to know about the delay with the order. It isn't possible for us to view your order/account via Twitter. (1/2) ^KA,2017-11-01 02:54:01+00:00,2017-11-01 03:10:00+00:00,141,128
1140889,1140884,1140882,"@AmazonHelp yes, the same as the first time it ask me for the information i already send. i have an italian card trying to pay in Mexico is it the prob?","@388551 Giulio, you will need to follow the instructions you received. It can take up to 48 business hours to receive a response. ^LG",2017-10-24 15:31:39+00:00,2017-10-24 15:39:00+00:00,152,133
299003,299002,299001,@AmazonHelp Hi sorry didnt realise it was royal mail think its coming tomorrow x,"@187267 Thanks for letting us know, we appreciate it. Keep us posted on the delivery of your order! ^DW",2017-10-06 19:49:01+00:00,2017-10-06 19:50:57+00:00,80,103
919375,919374,919385,@AmazonHelp Thank you - I have done that. But I am still on the free trial until 20 November,"@338248 If you've cancelled the membership, you won't be charged at the end of the trial and can enjoy the benefits until then. ^LB",2017-10-21 10:52:31+00:00,2017-10-21 10:57:24+00:00,92,131
735687,1319014,1319015,@AmazonHelp Output will be apparent on the app and website. I don't think you are concerned about the issue or say customer.,@295989 reveal the outcome. Appreciate your understanding.2/2 ^HS,2017-10-30 17:56:01+00:00,2017-10-30 18:28:00+00:00,124,65
255529,255533,255534,"@AmazonHelp Busque en su página pero no encontré información relevante a mi caso, si me proporcionas algún correo/número donde lo pueda hacer con gusto",@176766 Puedes contactar nuestro Servicio al Cliente en este enlace Hiram: https://t.co/beR78zMMYB ^JJ,2017-10-05 19:11:41+00:00,2017-10-05 19:16:33+00:00,151,102
962076,962059,962060,@AmazonHelp here are the screenshots. https://t.co/nAs9PI1BDx,@348287 Thank you for keeping us posted. We've received your details. We'll have our team work on it &amp; write back to you soon. ^SF,2017-10-30 09:43:15+00:00,2017-10-30 10:13:34+00:00,61,134
1439469,1439468,1439471,"@AmazonHelp Al hacer pedido me confirmaron el 31octubre.Sobre correo...nunca recibo, igual que el que iba a recibir con 5 € de descuento por molestias","@292653 Agradezco la información Raquel, por este medio no contamos con acceso a tu cuenta, para verificar lo (1/2)",2017-11-02 12:18:41+00:00,2017-11-02 12:24:15+00:00,150,115
2452817,2452823,2452824,@AmazonHelp Then you should remove these Join Now options (in below images) from Amazon Prime app so no one will get confuse.. https://t.co/z6joqBOxOs,"@702767 resolve the issue, you can subscribe to the prime membership on the prime video website here: https://t.co/N3Pl30fGE2 2/2 ^AP",2017-10-30 05:10:16+00:00,2017-10-30 05:36:27+00:00,150,133
845262,845266,845267,@AmazonHelp You do not need the account information as the order was not for me. The problem is what your driver did to my grass.,@320916 We only ask for your phone number and an explanation of the issue. This is so we can contact you and escalate the issue. ^ZW,2017-10-13 14:01:50+00:00,2017-10-13 14:07:57+00:00,129,132
2384133,2384131,2384134,"@AmazonHelp I am trying to locate my package from 3 days and there is no response.
Evrytym I connect it is like, we assure you it will be delivered tdy",@687216 Please fill in your details using the link: https://t.co/JzRdscmdH9 and I'll get in touch with you soon. ^AK (2/2),2017-10-20 08:34:37+00:00,2017-10-20 08:44:29+00:00,151,122
1194504,1194508,1194510,@AmazonHelp Also I've paid twice and expecting refund on both.,"@400676 I'm afraid we haven't received your details. Please sign in to your account, and (1/2)^SF",2017-10-25 04:45:14+00:00,2017-10-25 05:24:01+00:00,62,97
180231,224182,224184,@AmazonHelp Please read notes under order #408-0432262-7945953.,@169568 Please don’t provide your details here as we consider them to be personal information. Our page is visible to public. ^GS,2017-10-05 06:34:52+00:00,2017-10-05 07:52:54+00:00,63,129
246464,246462,246465,@AmazonHelp El problema añadido es que era el regalo de cumpleaños de uno de mis hijos y no hay tiempo (ganas) de pedirlo de nuevo. Seria el 3er pedido,"@174537 Sergio, te recomendamos contactar a nuestros compañeros de Servicio al cliente para verificar la posibles soluciones. ^HC",2017-10-05 15:41:27+00:00,2017-10-05 15:48:27+00:00,151,129
832695,832712,832713,@AmazonHelp I have revert back on the same mail.,@199335 Thank you. We’ll get in touch with you soon. ^BA,2017-10-14 16:25:32+00:00,2017-10-14 16:54:36+00:00,48,56
2520571,2520569,2520568,@AmazonHelp Package arrived at a carrier facility *at my city*,@274727 I see. Has the order missed the delivery date give in the confirmation email that was sent after the order was placed? You can find that e-mail in the Related To Your Orders section of your Message Center here: https://t.co/d98KDtx586  ^FJ,2017-11-16 01:22:54+00:00,2017-11-16 01:30:01+00:00,62,247
1389507,1389506,1389508,@AmazonHelp I didnot recived my item and is saying that i have collected and signed there,@443237 That's strange. Please contact us here: https://t.co/rS49hgaADF so that we can assist you accordingly. ^MO,2017-10-28 11:48:44+00:00,2017-10-28 12:14:29+00:00,89,114
2624875,2624874,2624876,@AmazonHelp Package is in my metro area. I'd pick it up if I could!,@741471 I'm sorry we've let you down; that's never our intent! Please send more details about this order here: https://t.co/T1tPkHHNOS. ^SE,2017-10-30 23:17:01+00:00,2017-10-30 23:37:27+00:00,67,139
2888293,2888292,2888294,"@AmazonHelp Vocês são demais 💚 Vou aproveitar sim, obrigado!!","@800877 Ownt! Depois que ler os livros, não esquece de nós contar o que achou! ❤ ^DA",2017-11-28 13:58:04+00:00,2017-11-28 14:00:55+00:00,61,84
982641,982640,990772,@AmazonHelp Absolutely pathetic service!,@352984 I'm sorry you're not satisfied with the help. Please share the details as requested earlier and we'll check it out. ^HA,2017-10-14 11:36:45+00:00,2017-10-14 11:42:00+00:00,40,127
1024238,1024241,1024242,"@AmazonHelp Recieved it , but the mistake which wasn't committed .",@362394 Sorry to know about that. Kindly try using a different payment method until further update. Appreciate your patience. ^AK,2017-10-15 05:53:43+00:00,2017-10-15 06:19:30+00:00,66,129
2450527,2450525,2450528,@AmazonHelp The guy I spoke to on the call also said something about rejected auth because of no stock but now there is stock and auth went thru.,@702291 What current order status and delivery dates are you seeing here: https://t.co/aaDyEz1VgE? ^AN,2017-10-29 17:03:50+00:00,2017-10-29 17:09:00+00:00,145,102
2536362,2536358,2536356,@AmazonHelp I have. It's all set up and instructions are even attached to the front door. Apparently they've tried twice this morning and I'm still in. Not a single knock as the dog barks loudly.,@721543 Drivers are advised not to follow instructions left on doors. What is the delivery date on your confirmation email? ^MI,2017-11-16 08:25:05+00:00,2017-11-16 08:39:00+00:00,195,127
2466072,2466071,2466073,@AmazonHelp Was dropping it off at a post office but I put the wrong postcode in !,@359360 Did you already drop off your return or do you still have the parcel?^DO,2017-10-29 20:11:57+00:00,2017-10-29 20:18:35+00:00,82,80
274603,274602,274604,@AmazonHelp sent an email about an hour ago when I woke up :) I was hoping that maybe it would arrive while I was sleeping but wasn't the case :/,@181604 Thanks for clarifying Angelos. Please keep us posted. ^TP,2017-10-06 06:14:39+00:00,2017-10-06 06:19:29+00:00,145,65
582594,582596,582597,@AmazonHelp I called you twice both times you put phone down on hold!!!,@257361 Were you put on hold after being advised of next steps being taken? ^BD,2017-12-03 13:58:30+00:00,2017-12-03 14:01:28+00:00,71,79
17240,17244,17245,@AmazonHelp Still I didn't received any update from your end. I have to book order today,@119796 You must have received a response here: https://t.co/cx0UNsZXpj. Please let us know if you do not see the email here. ^KS,2017-11-01 12:46:41+00:00,2017-11-01 12:55:28+00:00,88,129
319759,319758,319761,"@AmazonHelp 注文した後全くアプリを触ってなかったので取り消した可能性は低いと思うんですよね
メール等は一切届いてないのでどうしたらいいですかね",@192225 (2/2)なお、申し訳ございませんがTwitter上ではお客様のご注文を確認できず詳細なご案内ができないため、ご注文に関するご不明な点がございましたら、以下リンクよりカスタマーサービスへお問い合わせください。https://t.co/J6YEizo6qC　SM,2017-10-07 11:42:34+00:00,2017-10-07 11:54:00+00:00,77,138
2800424,2800422,2800421,"@AmazonHelp Que no se ve el prime video desde mi Fire Tv. No lo veo en los dispositivos compatibles, aunque no entiendo por que, si son ambos de amazon, pero mi pregunta es si ya sera compatible, puesto que estan promoviendo el fire tv?","@781265 Alberto, no contamos con la información solicitada en estos momentos, cualquier novedad será publicada en nuestra página. Te recomiendo estar atento, ¡Saludos! ^LC",2017-11-22 00:06:47+00:00,2017-11-22 00:19:26+00:00,236,171
2261690,2261699,2261700,"@AmazonHelp Je ne sais pas si j’en aurai toujours l’utilité. Livrez le quand même, si je n’en ai pas besoin je le renverrai.","@658487 D'accord, je vous remercie pour votre patience et votre compréhension!
Tenez-nous au courant.^FT",2017-10-19 19:56:49+00:00,2017-10-19 20:04:00+00:00,124,104
2298804,2298808,2298809,@AmazonHelp Plz tell me waiting time. One year or two year.,@283673 Sorry about the delay. Kindly fill in your details here: https://t.co/GIJyeYqKE0 and we'll look into it for you. ^PB,2017-11-12 16:10:53+00:00,2017-11-12 16:21:37+00:00,59,124
434430,434424,434421,@AmazonHelp Not sure - tracking number attached. the office is 24hours so clearly not trying very hard. 3 other people in the office w same problem https://t.co/EEW6onb7Bn,@218229 Were you given an updated delivery date? Missed deliveries are usually delivered the next business day. We'd like to help! ^ZW,2017-10-10 16:20:59+00:00,2017-10-10 16:29:01+00:00,171,134
2762715,2762712,2762714,@AmazonHelp Chrome and yes I've refreshed twice now.,"@772881 Hi, can you try using a different browser ? Very sorry for the inconvenience this is causing. ^CR",2017-11-21 07:48:27+00:00,2017-11-21 08:00:00+00:00,52,105
887895,887903,887904,@AmazonHelp Waiting for almost a month now for the same.  I would appreciate if you can re process the order and send the ordered item.,@330826 I get your disappointment. For further details about your order please reply back to the email sent to you by our team.^PJ,2017-10-15 19:06:16+00:00,2017-10-15 19:31:58+00:00,135,130
409310,409321,409322,@AmazonHelp It was a promo voucher so I won't.,@152461 Was the £5 promo voucher offered as a goodwill gesture for a poor experience? ^NV,2017-10-10 12:00:33+00:00,2017-10-10 12:15:26+00:00,46,89
72009,72008,72010,"@AmazonHelp Thank you for getting back. It's definitely not with a neighbour and it's definitely not been left outside anywhere, there's no note to say they tried to deliver or anything like that.",@132156 Please get in touch with us here: https://t.co/JzP7hlA23B so we can assist you further.^CN,2017-11-30 12:13:13+00:00,2017-11-30 12:16:00+00:00,196,98
671641,671636,671637,"@AmazonHelp I really don't feel like that will help, as I said in the first tweet, I have contacted support 4 TIMES now about this specific issue, across multiple products, getting 3 different answers as to why it was happening.",@280256 What were you advised when you contacted us?^PJ,2017-11-23 10:17:57+00:00,2017-11-23 10:33:58+00:00,228,55
2803276,2803275,2803277,"@AmazonHelp Desktop web. If you click the Cart button, you can indeed Save For Later. If you Proceed to Checkout, though, no such option. So on me for pressing the wrong button. Still makes no sense to take away an option on that screen, but the option is there if you go to the right place","@474476 Thanks for taking the time to share your thoughts about the ""Save for later"" button. This type of information helps us improve for the future. Hope you have a great rest of your night!

- Liz I",2017-11-22 01:58:46+00:00,2017-11-22 02:03:06+00:00,290,201
948511,948510,948512,"@AmazonHelp リプライありがとうございます。
返品は未開封､未使用のみですよね？
このフィルムが入っていた袋と箱は開封しましたし、クリーナーは使用したのでどうしようかと、、",@344938 今回は商品に損傷がありお客様にご迷惑をおかけしておりますので、返品・返金を承ることが可能です。商品が元々梱包されていた状態でご返送いただければと存じます。既に梱包を破棄された場合は、輸送に問題がない状態でご返送ください。 YM,2017-10-31 02:43:16+00:00,2017-10-31 02:53:38+00:00,91,121
889485,897633,897632,"@AmazonHelp ありがとうございます。
無事に文面が読めて、問題も解決致しました。
加えてEメールの設定も変更させていただきました。
この度はご丁寧な対応ありがとうございました。
今後とも利用させていただきますのでよろしくお願い致します。",@331170 先ほどのご案内がお役に立ったようで何よりでございます。こちらこそ今後ともどうぞよろしくお願いいたします。TN,2017-10-21 03:33:06+00:00,2017-10-21 03:36:00+00:00,123,62
2969547,2969545,2969542,@AmazonHelp No had a package suppose to be delivered yesterday nothing yet. Suppose to have one today but nothing yet. Might as well go back to using ebay,"@225404 I understand your frustration, Heath! When your packages are late do you see a trend in the carrier? If you're unsure who the carrier is, you can find the information under tracking info here: https://t.co/Y5jpI9gRhE ^AR",2017-11-30 00:01:58+00:00,2017-11-30 00:08:25+00:00,154,228
1408147,1408146,1408149,@AmazonHelp So now I have memorize the page number..thank you for helping me to improve my memory ..! Love ❤,"@447299 Well, that might be an interesting way to flex your brain muscles. :P On a serious note, we'll make sure that bookmarks 1/2 ^PR",2017-10-28 19:05:27+00:00,2017-10-28 19:34:29+00:00,108,135
307268,307266,307265,@AmazonHelp That did it. Thank you.,"@189380 Thanks for the update, Justin! We're always happy to help! ^ML",2017-10-07 00:03:34+00:00,2017-10-07 00:08:00+00:00,35,70
315741,315740,315742,"@AmazonHelp わざわざフォロー外からありがとうございます…！
一度も使ったことがないためまだ不安な点が多すぎるだけなので、ご利用させていただく際に不明点があれば質問させていただいてもよろしいでしょうか？","@191385 突然のリプライ失礼いたしました m(_ _)m
当サイトでは注文方法などをご案内しているヘルプページをご用意しておりますので、よろしければご参照ください https://t.co/XyJ3ecmSjX もしご不明点があればご遠慮なくお声がけくださいませ！HM",2017-10-07 08:03:09+00:00,2017-10-07 08:07:27+00:00,106,137
2824009,2824008,2824010,@AmazonHelp Placed an order today (all Prime items) but they aren't being delivered untill 29-30/11,@786833 One day delivery is from the time of dispatch.^PK,2017-11-27 09:36:30+00:00,2017-11-27 09:42:29+00:00,99,57
440270,440237,440236,@AmazonHelp Hw much more tym? Do u ppl need 2 consult @1840  on ds?,@140964 Our team is looking into your concern and will reach out to you soon with an update. Appreciate your understanding. ^MA,2017-10-24 11:47:26+00:00,2017-10-24 12:17:36+00:00,67,127
384520,384524,384525,@AmazonHelp Its pending since 9thOct17. Till now no refund. On reminding your team asked me to wait another 6 business days. My hopes and trust is (1/2),@207043 Please share your details from the link here: https://t.co/beaaDm0muc to assist you accordingly. (2/2)^HR,2017-11-05 04:52:58+00:00,2017-11-05 05:04:30+00:00,152,113
1240372,1240371,1240373,@AmazonHelp I have already written to you!!!! Endless times. And filled in your forms and everything else you asked. Please check the emails.,@132485 You should have received an email communication here: https://t.co/616k2XFVE7 ^RW,2017-11-13 08:54:44+00:00,2017-11-13 09:27:29+00:00,141,89
2510700,2510699,2510701,@AmazonHelp My order cancelled when I asked for a refund for missing item from earlier order. Is that what you do?,"@307929 Sorry about that. I'd like to take a closer look into this, please share your details here: https://t.co/GIJyeYqKE0 ^AG",2017-10-30 04:49:54+00:00,2017-10-30 05:02:00+00:00,114,127
2618121,2618118,2618116,"@AmazonHelp Bonjour, non je n'ai reçu que le mail 2 jours avant avec la date prévue à hier (cf pj) mais rien de plus, et dans le suivi du colis c'est écrit en transit estimé à aujourd’hui.... ;( https://t.co/faPpHeDVH6",@739896 D'accord. L'avez-vous signalé à notre SAV ? ^SM,2017-11-17 15:02:10+00:00,2017-11-17 15:06:32+00:00,218,55
368311,431603,431604,"@AmazonHelp Nossa, fala não, ô vontade viu kkkk 😍😍😍😍😍😍",@217609 Né! Abalaria em um nivel infinito meu coração poder fazer isso! 😍❤😅 ^DA,2017-10-10 16:21:59+00:00,2017-10-10 16:24:39+00:00,54,79
2940186,2940190,2940191,@AmazonHelp J'ai passé commande sur amazon.de et bien sur je ne parle pas allemand xD.,"@812610 Veuillez les contacter en anglais, via: https://t.co/0mbxXRuuDI",2017-11-29 13:55:06+00:00,2017-11-29 14:01:54+00:00,86,71
1304660,1304659,1304658,@AmazonHelp Sir its compulsory to send u screen shot of amazon pay contest pay balanc for entry?,@424871 You just need to tweet with #AmazonPayQuiz and you'll be eligible for the contest. ^SQ,2017-10-27 01:43:01+00:00,2017-10-27 01:54:01+00:00,96,94
210479,210459,210460,@AmazonHelp Then why you didn't decide the least prices prior.,@165812 We'll have your comments forwarded to our teams for internal review. ^VM,2017-10-05 04:53:34+00:00,2017-10-05 05:52:00+00:00,62,80
1816429,2092673,2092674,"@AmazonHelp ５分ほどしたらメールが来たので、荷物を受け取る事が出来ました
ありがとうございました",@545650 お待たせいたしましたm(__)m 無事商品をお受け取り頂けて安心いたしました。どうぞよろしくお願いいたします。 EK,2017-10-29 05:12:17+00:00,2017-10-29 05:17:30+00:00,54,66
2943130,2943125,2943126,@AmazonHelp I've sent an email now.,@222181 Thanks for the update. Please keep us posted on the reply. ^CO,2017-11-29 16:26:58+00:00,2017-11-29 16:28:32+00:00,35,70
134848,134843,134841,"@AmazonHelp Hiya, I can't see this option but I've definitely had them before... But I placed an order this morning to be told it's coming on Monday?",@146395 Can I ask if you are having your order delivered to a residential or commercial address? We only deliver to commercial addresses Monday - Friday.^TI,2017-11-24 09:04:32+00:00,2017-11-24 09:12:28+00:00,149,156
380148,380152,380153,@AmazonHelp OK! Happy! It's been already done. Looks like I'm going to get nothin! Thanks Amazon.,@206174 Did you happen to check with our response on your registered e-mail? ^CB,2017-10-10 08:43:39+00:00,2017-10-10 09:39:34+00:00,97,80
2378222,2378221,2378223,"@AmazonHelp I’m in Canada. It’s Battlefront 2 I preordered. Earlier today it said I’d have it on the 14th by 8pm. But when it shipped they are now saying the 15th. May have to do with the holiday, Remembrance Day.",@685866 Who is the carrier for the package? Does the tracking tool available on their website offer any additional insight to the delay? ^EA,2017-11-14 05:48:09+00:00,2017-11-14 06:20:55+00:00,213,140
1969329,1969328,1969330,@AmazonHelp My orders don’t even have orders numbers!!,@583426 Are you able to see the orders when you check here: https://t.co/Y5jpI9gRhE ? Please let us know! We'd like to help. ^FD,2017-10-31 16:15:11+00:00,2017-10-31 16:18:00+00:00,54,128
711619,711618,711621,"@AmazonHelp Das habe ich schon mehrfach getan. Telefonisch bekomme ich keine Hilfe. Es werde an einer Lösung gearbeitet. Was, wie, wann ist unbekannt.","@290183 Das würden wir, vom Social Media Team, uns gerne auch einmal ansehen. Meldest du dich bitte mal hier: https://t.co/br7bhrlJn8 ^DW",2017-10-10 22:14:20+00:00,2017-10-11 04:09:29+00:00,150,137
2459139,2459145,2459146,@AmazonHelp Pl. see the order no and check the status in ur system. Don’t u have track record? Customer cannot keep doing the same thing for one issue. Pls save everyone’s time.,@122363 I'd like to have a closer look at the issue. We can't gain access to your account details via Twitter. Please share your details in this link here: https://t.co/GIJyeYqKE0 and I'll reach out to you. ^KA,2017-11-15 06:49:55+00:00,2017-11-15 07:14:26+00:00,177,210
1079446,1079445,1079447,@AmazonHelp The carrier says AMZL US                 tracking number is TBA486991823000 it says our for delivery,@374618 We'd like to look into this further. Please send us the order details here: https://t.co/A8BOVnCpSy ^BH,2017-10-15 01:58:37+00:00,2017-10-15 02:07:30+00:00,112,111
1114851,1114849,1114848,"@AmazonHelp Done, but can't afford 12 business hour response 😐!!",@383093 Thank you for sharing your details. We've received them and will get back to you at the earliest. ^AU,2017-10-24 05:27:27+00:00,2017-10-24 05:53:00+00:00,64,109
279455,279321,279323,"@AmazonHelp Item ws returned on 30 Sep n today is 6th of Oct, yet I hav nt received my refund. NO updat aftr 1st oct, wht is wrong? Pls refund my money. https://t.co/HX6N4waL8g",@182606 Please revert to the email you've received from our specialist team so they could assist you further.(2/3)^RS,2017-10-06 08:40:32+00:00,2017-10-06 10:32:47+00:00,176,117
996711,996710,996712,"@AmazonHelp it's none of those, the courier is ""pass my parcel"". The corner store is dodgy, parcels just lying amongst the random food goods","@356018 That isn't ideal! Please, reach us via phone/chat so that we may leave carrier feedback here: https://t.co/JzP7hlA23B ^JE",2017-10-22 19:28:16+00:00,2017-10-22 19:35:31+00:00,140,129
637184,637179,637177,"@AmazonHelp no, dice que es AMZNMX supongo que es entrega directa de ud","@271093 Entiendo, Joaquín. Te recomendamos que contactes directamente con nuestro Servicio al Cliente en el siguiente enlace: https://t.co/beR78zMMYB para verificar con más detalle lo que ha sucedido con la entrega del pedido. ^AA",2017-11-22 19:47:50+00:00,2017-11-22 19:51:36+00:00,71,230
2710381,2710385,2710386,@AmazonHelp OK have done - will I be receiving a refund for the rest of my Prime membership that was paid in advance?,@761046 We'll look into what options are available. Thank you. ^DO,2017-11-27 00:19:25+00:00,2017-11-27 00:22:28+00:00,117,66
990781,1325895,1325897,"@AmazonHelp What miscommunication? Got 2 mails yesterday regarding the reschdl time, also in Amazon App asking to print the AWB. So altogether 3.","@354113 I'm sorry, if you're unable to locate a correspondence from us, please fill in form again here: https://t.co/GIJyeYqKE0. ^VN",2017-10-16 12:40:25+00:00,2017-10-16 13:07:04+00:00,145,132
590048,590052,590053,@AmazonHelp Comme je l'ai dit je les ai appelés. Ils m'ont dit que c'était vous qui leur imposiez ce système et qu'ils ne pouvaient rien faire.,"@259516 Comme indiqué sur notre page d'aide: https://t.co/yX0eIzwg5F: ""Si vous commandez plusieurs articles Marketplace, des frais de livraison vous seront facturés pour chacun d'eux"".",2017-12-03 17:08:37+00:00,2017-12-03 17:17:27+00:00,143,184
2507304,2507311,2507312,@AmazonHelp This not the 1st time that my parcel got rejected...so many times before this that happens with me.but still no improvement in the courier service and i m not the first person to complain about this..there are so many other peoples to. @AmazonHelp  please improve courier service,@714854 I understand how worrisome it would be. Let us take a closer look at this. Please call us here: https://t.co/vlvfJr4nN9 &amp; we'll help you. ^SF,2017-11-16 09:18:02+00:00,2017-11-16 09:52:00+00:00,291,153
2972803,2972801,2972800,@AmazonHelp The Walking Dead 001 que eu não achava nunca,"@819919 Opa, boa escolha! 😍 Tomara que você curta muito a leitura dos seus eBooks, Ana. Abraço! ^CR",2017-11-30 01:48:23+00:00,2017-11-30 01:52:31+00:00,56,99
130309,666159,666160,@AmazonHelp Me puedes ayudar si te paso el numero de guía y transportista?,"@143202 Jesus recomendamos no compartir información confidencial y través de este medio. Sin embargo, para realizar una revisión más detallada puedes contactar con Servicio al Cliente con el número de guía de tu pedido: https://t.co/beR78zMMYB   ^PC",2017-11-23 03:04:20+00:00,2017-11-23 03:08:39+00:00,74,249
2384152,2384156,2384157,"@AmazonHelp Yes, I want to return iPhone 6 which has delivered on 12 oct",@431100 the link provided earlier. We'll look into it right away. (2/2) ^ST,2017-10-20 10:10:31+00:00,2017-10-20 10:32:00+00:00,72,75
609430,609425,609426,@AmazonHelp Your agent said that they would try again to deliver today but it might not happen,@264868 Hi there! Deliveries can be made up until 21:00. Please keep us updated on your status! ^SP,2017-11-22 13:31:30+00:00,2017-11-22 14:02:36+00:00,94,99
1119606,1119605,1119607,@AmazonHelp Already connected twice. They assured me twice that delivery would be done within 24 hours. Not yet done.,@384154 I'm terribly sorry for this situation. Click here: https://t.co/GIJyeYqKE0 and do the needful so we can fix this for you.^MP,2017-10-24 09:27:54+00:00,2017-10-24 09:44:45+00:00,117,132
313222,313225,313226,"@AmazonHelp It's not incorrect, it's a blatant lie. Still waiting for my phone. Paid for Prime renewal but now regretting it.",@190804 I'm sorry for the trouble. Please get in touch with us through the link mentioned earlier and we'll check it for you. ^AU,2017-10-07 09:22:18+00:00,2017-10-07 11:27:31+00:00,125,129
1716716,1716715,1716717,@AmazonHelp Two items are supposed to be delivered tomorrow but only one is on its way. Why hasn't the other one shipped?,@519855 It's not unusual for items to ship the same day they're delivered. If the order doesn't arrive please let us know.  ^LR,2017-10-28 23:35:30+00:00,2017-10-28 23:59:26+00:00,121,127
330906,330905,330907,@AmazonHelp already mailed. you guys are offering me a refund so in a way my exchanged phone is gone and this phone too.,"@194782 We'd like to take a closer look, please drop in your details here: https://t.co/GIJyeYqKE0 and we'll reach out. ^MS",2017-10-07 18:13:45+00:00,2017-10-07 18:49:56+00:00,120,123
959297,959282,959283,@AmazonHelp I already contacted ur team and I'm not satisfied with your solutions. I can see in District Consumer Court.,@193706 delivery date for the delivery and I'm positive that the product will be delivered to you by the promised date. 2/2 ^NK,2017-10-26 12:51:29+00:00,2017-10-26 13:02:00+00:00,120,127
1305601,1305603,1305604,@AmazonHelp Yes. I tried to last night,@424633 Could you please verify the carrier for us. You can find that info here:  https://t.co/Y5jpI9gRhE ^BA,2017-10-27 03:01:55+00:00,2017-10-27 03:11:37+00:00,38,109
440464,440471,440474,@AmazonHelp oui plusieurs fois.,@162952 Quelle a été la réponse donnée par notre SAV s'il vous plaît? ^BR,2017-10-25 18:44:00+00:00,2017-10-25 19:04:45+00:00,31,73
2950862,2950864,2950865,"@AmazonHelp Ach dafür war der zweite Link... OK, danke!","@132139 Gerne :) Wir drücken dir die Daumen, dass noch alles klappt. ^AN",2017-11-29 18:01:30+00:00,2017-11-29 18:05:29+00:00,55,72
219589,219523,219525,@AmazonHelp @115851 there is no new comm. And please stop using predefined templates. I have replied to all your emails.,@168355 details here https://t.co/ivH6CioRrt so that we can get in touch with you. (2/2) ^VM,2017-10-05 03:42:08+00:00,2017-10-05 04:12:55+00:00,120,92
229757,229756,229758,"@AmazonHelp Hey, I'm a Prime customer so... the fastest!",@170756 Have you received any emails in relation to the order? ^JJ,2017-10-05 08:52:27+00:00,2017-10-05 08:59:37+00:00,56,66
2504802,2504796,2504795,@AmazonHelp Merci pour votre aide rapide!,@714302 Je vous en prie et nous restons à votre disposition en cas de besoin. ^SB,2017-11-15 21:34:15+00:00,2017-11-15 21:40:52+00:00,41,81
1545235,1545233,1545232,"@AmazonHelp Resolved now....think that was an technical glitch....!
Out for delivery now delivery 📦 
A2Z🔱","@478585 We're glad to know the issue is resolved. Feel free to write to us if you have other concerns, we'd be happy to assist you. ^RS",2017-11-04 05:28:46+00:00,2017-11-04 05:49:00+00:00,105,135
457745,457803,457804,@AmazonHelp Will they know I’ve talked to you guys? Cause I’ve already called and chatted and that’s what stemmed this awful experience,"@223703 I'm so sorry for the poor experience you've had with us! We want to make sure you're taken care of! When you called, did we provide you with and updated delivery date?  ^AR",2017-12-01 01:41:32+00:00,2017-12-01 01:56:00+00:00,135,180
323753,323750,323748,@AmazonHelp arriving on the 11th 😑 over 3 weeks from the initial order,@193110 Hmm..Was this a pre-ordered vinyl and what was the original delivery date given in the email confirmation? Keep us posted.^FR,2017-10-07 14:46:48+00:00,2017-10-07 14:52:53+00:00,70,133
2532230,2532233,2532234,@AmazonHelp I have already sent an email two hours back from my registered email idm,"@720664 We've not received your details via the link yet, Dhaval. Please fill in your details via the link. We will get back to you. ^KS",2017-10-30 12:16:34+00:00,2017-10-30 12:44:43+00:00,84,136
384149,384156,384157,@AmazonHelp The box is a bit battered but the card its self appears fine,"@206992 Good to hear! If you find it is not satisfactory, you can review return options here: https://t.co/YALyKfRQiE ^HM",2017-10-09 15:17:00+00:00,2017-10-09 15:52:04+00:00,72,121
121972,121970,121968,"@AmazonHelp Por Amazon Logistics, me dicen que ya mero pero no lo han reprogramado. No quiero trato preferente pero por algo pague prime para recibir mis pedidos al día siguiente o si no lo puedo recibir una reentrega al otro día   :(",@143182 ¿Has entrado en contacto con nuestro Servicio al Cliente para obtener más detalles? Lo puedes hacer a través del siguiente enlace: https://t.co/beR78zMMYB. ^JQ,2017-11-24 00:09:17+00:00,2017-11-24 00:12:00+00:00,234,167
635720,635719,635721,@AmazonHelp Ach wie süß seit ihr denn? :D,@131789 Süß zu zuckersüßen Menschen :D ^LN,2017-11-22 18:33:41+00:00,2017-11-22 18:54:00+00:00,41,42
1237595,1237592,1237594,@AmazonHelp Omg no - this was yesterday. I checked after 10 pm last night and now it's saying it'll be here Friday.,@410306 Thank you for the update. Please contact us directly so we can discuss options with you:  https://t.co/hApLpMlfHN ^MW,2017-10-26 16:30:54+00:00,2017-10-26 16:46:00+00:00,115,125
2431143,2431138,2431137,"@AmazonHelp Pues no sabría decirles, pero podría pasar el código del pedido por md, es que tampoco quiero que lleguen mañana por la mañana y no estar por tener que ir a clases","@697865 En este caso, recuerda que puedas verificar los datos de tu pedido ingresando a la página de Amazon &gt; Mi cuenta &gt; Mis pedidos, buscas el pedido en cuestión y revisas quién es el vendedor, de este forma podremos ayudarte mejor. 😊 ^ES",2017-11-14 20:46:34+00:00,2017-11-14 20:56:00+00:00,175,246
1394440,1394443,1394444,@AmazonHelp Did that couldn't figure out the url but sent you my number pls help,@444284 Thank you for filling in your details. Our team will work on the issue and get back to you with an update. ^PJ,2017-10-28 14:44:33+00:00,2017-10-28 14:59:52+00:00,80,118
1232860,1232864,1232865,"@AmazonHelp Non, ils ont juste dis que si ça arrivait pas avant le 27 je devais les rappeler",@409153 Quel est le transporteur de votre colis? ^MA,2017-10-25 18:31:45+00:00,2017-10-25 18:50:40+00:00,92,52
1477566,1477563,1477565,"@AmazonHelp いつも楽しませていただいております
こちらこそありがとうございました＾～＾","@463079 楽しんでいただけて嬉しい限りですヽ(喜´∀`)ﾉ
これからも末永くよろしくお願いします👍👍👍　MH",2017-11-02 23:07:06+00:00,2017-11-02 23:15:30+00:00,49,57
712035,712028,712030,@AmazonHelp One of your sellers,@290278 Thanks for confirming! Have you reached out to the seller using the guidance found here: https://t.co/sraP2KUZZg? ^ST,2017-10-10 22:13:06+00:00,2017-10-10 22:16:31+00:00,31,125
285629,285628,285631,@AmazonHelp I ordered it Tuesday. Said it would be here today. Now it says next Wednesday.,@184039 Let us know if it doesn't arrive by the new estimated delivery date! ^VB,2017-10-06 14:22:34+00:00,2017-10-06 14:47:35+00:00,90,80
2471672,2471671,2471673,"@AmazonHelp yes I can log in and see some info like addresses, but not orders or Prime membership. This is on desktop - seems fine on app","@706881 It's possible that you may have accidentally created two accounts with similar login information. In this case, please reach out to us by phone through this link so that we can view the account to rule this out: https://t.co/JzP7hlA23B ^GS",2017-11-15 15:38:18+00:00,2017-11-15 16:16:35+00:00,137,247
132372,132361,132362,@AmazonHelp I just did. In a nut shell you have said you don't know where the order is. Thanks for being a loyal customer but sorry we'll refund you. You have wasted my entire week and that's the best you guys can do. Pretty poor,"@145862 Could you fill some details here: https://t.co/tkLCr7DNil so that we can escalate and investigate this further for you, Joel? ^PJ",2017-11-24 08:59:16+00:00,2017-11-24 09:10:53+00:00,229,137
505016,505015,505017,"@AmazonHelp Not yet, no. Just a notice that it won't be here (yesterday) -- nor will the half of the order that was ordered at the same time but was scheduled originally to arrive today for some reason. Same Prime account order.",@235778 I definitely understand the frustration. Let's take a deeper look into available options via phone or chat here: https://t.co/3pBuw1SV0L ^ML,2017-12-01 20:48:42+00:00,2017-12-01 21:05:00+00:00,228,148
1258271,1258282,1258284,"@AmazonHelp What repeat , what about my loses? It’s more than ₹4000",@414841 I'm sorry for the unpleasant experience you have had so far. We'd like to help you. Please fill in the details 1/2 ^HS,2017-10-28 17:45:15+00:00,2017-10-28 18:14:38+00:00,67,126
232866,232869,232870,@AmazonHelp It's just an email asking for feedback on support quality.,"@171433 Please revert to the correspondence received from us for any assistance, we'll get back to you with an update shortly ^BS",2017-10-06 09:00:57+00:00,2017-10-06 11:00:00+00:00,70,129
235143,235142,235145,@AmazonHelp Cashback against ORDER # 402-3909699-4838731 .,@172000 I'm sorry we do not have access to your account details over Twitter. Please elaborate the concern here.(1/2)^GU,2017-10-05 13:53:29+00:00,2017-10-05 14:40:00+00:00,58,120
2130878,2130881,2130882,@AmazonHelp I'm in Australia. Should I use that same link?,@627162 Which website is your account associated with? .com or .co.uk? ^TR,2017-11-13 21:15:00+00:00,2017-11-13 21:19:01+00:00,58,74
1568798,1568797,1575427,"@AmazonHelp bunch of irresponsible people 
Because of your tech issue the product got delivered at wrong address.
I need full refund now","@483994 I get your disappointment, Alex. Please contact our support team here: https://t.co/vlvfJr4nN9, we'll be glad to help.^MP",2017-11-06 10:48:53+00:00,2017-11-06 11:19:28+00:00,136,129
204949,205004,205005,@AmazonHelp Ok ill will want a full refund and what about supervisor named Kenny A. Calling me a lier and refused to transfer me is that ok with Amazon?,@164544 Please fill out the survey sent to you after you contacted in. It will be sent to their direct leadership for review. ^CE,2017-10-05 15:38:45+00:00,2017-10-05 15:47:32+00:00,152,129
837488,837480,837482,@AmazonHelp And I challenge you to show me what in that review doesn't meet your guidelines,@319310 Sorry for the disappointment. Please share your details here: https://t.co/GIJyeYqKE0 and we'll reach out to you. ^KA,2017-10-13 10:15:16+00:00,2017-10-13 10:42:56+00:00,91,125
2773041,2773040,2773042,@AmazonHelp Un vendeur qui s'appelle Amazon et dont le bandeau publicitaire dit clairement en haut sur fond vert 'peut être livré en France et en Belgique'. Si ça c'est pas de la pub mensongère c'est quoi alors ? @4738,@775059 Pourriez-vous me communiquer le lien vers l'article s'il vous plaît?^FT,2017-11-21 14:26:29+00:00,2017-11-21 14:36:00+00:00,218,79
1706315,1706322,1706324,@AmazonHelp https://t.co/yq4tnBVymf,@517134 You can check more about the exchange offer here: https://t.co/99DLyONB3J  ^SM (2/2),2017-10-17 18:33:38+00:00,2017-10-17 19:12:00+00:00,35,92
686679,686676,686674,@AmazonHelp Que ponía que mi paquete llegaba antes de las 9 de la mañana y no ha llegado aún :(,"@283958 Entiendo, ¿nos podrías indicar cuál es la fecha de entrega estimada que has recibido en el correo electrónico? ^KA",2017-11-23 13:48:40+00:00,2017-11-23 13:53:23+00:00,95,122
318761,318769,318770,@AmazonHelp I have shared details but no response..poor service ..,@164814 You might have received an email from our team. Please check here: https://t.co/8DAc10S7ww. ^HA,2017-10-10 15:45:08+00:00,2017-10-10 16:13:29+00:00,66,103
366920,366928,366929,"@AmazonHelp but is against all regulation, Amazon did not deliver to my designated address as no one was home CONSUMER RIGHTS ACT",@202910 The police department must register your complaint like come customers have done before. ^HM,2017-10-11 19:20:48+00:00,2017-10-11 19:29:33+00:00,129,100
91430,91429,91428,@AmazonHelp Thanks -- different device works. Must be internal firewall issues.,@135818 Glad to see you got on our website! If you need any help in the future please don't hesitate to contact us! ^HS,2017-11-30 15:04:24+00:00,2017-11-30 15:13:26+00:00,79,119
1262923,1262925,1262926,@AmazonHelp @115850 The worst customer service.. need telephonic support on 9782077700,"@415784 (option 1: English, option 2: Hindi) &gt; provide us your number &gt; choose from 'call now' or 'call me in 5 minutes'. (3/3) ^VM",2017-10-16 07:42:39+00:00,2017-10-16 08:10:32+00:00,86,137
1880183,1880188,1880195,@AmazonHelp You to link cards if it won't let you choose which one to pay with! You didn't even give me the option to pay via another method. Just,"@561154 Hi, do you see an option to update the payment card: https://t.co/FxCqVN9ZWI ^TS",2017-10-18 11:28:23+00:00,2017-10-18 11:39:42+00:00,146,88
1410366,1410365,1410367,@AmazonHelp @115821 I’ve gone through it countless times....,"@222540 Hi, sorry for the back and forth. An email was sent to you this morning from us regarding this issue. Have you seen this? ^PJ",2017-11-08 13:58:42+00:00,2017-11-08 14:23:52+00:00,60,133
141929,141931,141932,@AmazonHelp Shared the details. Please look into it ASAP.,@148036 Thank you for sharing the details. We'll check with it and get back to you at the earliest. Appreciate your patience. ^KH,2017-11-24 13:14:46+00:00,2017-11-24 13:23:24+00:00,57,129
283979,283978,283980,@AmazonHelp No it doesn't help I want a returns label and my printer doesn't work.,"@183446 If you don't have a printer, we can e-mail you a link so you can have someone print your label for you. ^LB",2017-10-06 13:32:37+00:00,2017-10-06 13:39:00+00:00,82,115
1205416,1205411,1205409,@AmazonHelp They said they won't help me any further after I confirmed I own both my twitch account and the linked Amazon account,"@403120 When you spoke with us earlier, what information or options were we able to provide for you? ^QJ",2017-11-02 05:30:59+00:00,2017-11-02 05:51:52+00:00,129,104
1100561,1100560,1100562,"@AmazonHelp I think it said AMZL US. 

Thankfully, I talked to someone on the chat and they're sending another one. The carriers still need to learn how to deliver stuff properly. Never had this issue with USPS, UPS, or FedEx.",@379657 Glad another is on the way to you! Let us know if you need further assistance. We'd love to help. ^AP,2017-11-25 18:20:28+00:00,2017-11-25 18:33:38+00:00,226,109
2910361,2910363,2910364,@AmazonHelp Great thanks. Have emailed them.,"@137390 You're welcome! If you have further questions or concerns, please be sure to let us know! We're here to help. ^TG",2017-11-29 16:31:08+00:00,2017-11-29 16:33:00+00:00,44,121
752385,752383,752381,@AmazonHelp I've been in touch with your chat team from yesterday.... Empty promises and emails and no resolution.,"@299823 Let us investigate this further, please share your details here: https://t.co/cQVomR1pWz. ^HA",2017-10-11 14:06:13+00:00,2017-10-11 14:21:01+00:00,114,101
282739,438791,438793,"@AmazonHelp Amazon- Have the Netboon order &amp; Refusal to help. If tempered glass falls off on its own, is a quality issue. I did not buy from Netboon. I bought Netboon product from Amazon. Please resolve my concern. @115937 @118702 https://t.co/G6PkbmqPTF","@183363 Further, we'll not be able to assist you with returns until we have a service denial letter from the manufacturer. 2/2 ^MJ",2017-10-11 10:42:19+00:00,2017-10-11 11:01:24+00:00,258,130
641751,641753,641755,@AmazonHelp Now saying this https://t.co/SWaioy3Tzx,"@272303 If you haven't already, please try another device or if on the same device another browser. This could very well be a cache/cookie error causing you to just loop. If still nothing, please contact us here: https://t.co/J5cVftJLZO for further review. ^TM",2017-11-22 21:03:48+00:00,2017-11-22 21:09:01+00:00,51,260
384520,384519,384521,"@AmazonHelp This is ridiculous, I want my money back, I do not wish to make any purchase on Amazon.😞😞😞",@207043 that we can assist you accordingly. (2/2) ^MO,2017-11-04 16:07:41+00:00,2017-11-04 16:53:30+00:00,102,53
258801,258793,258792,"@AmazonHelp the only problem with the review is: its not ""Sweet"" as you want. 
Please think of your customers and do not support unethical practices.",@177530 mentioned here: https://t.co/NL0u2rPBfv the review is posted on the website. (2/2) ^AG,2017-08-18 14:55:24+00:00,2017-08-18 15:27:32+00:00,149,94
1087645,1087634,1087635,@AmazonHelp This is the commitment /correspondnse. I asked delivery should not attempt and you sent me this - https://t.co/ZoqRxP5cqN,@376578 If the product is out for delivery we would be sending a request to our shipping teams for stop and return. (1/2) ^VM,2017-10-20 03:47:57+00:00,2017-10-20 04:06:51+00:00,133,125
757795,757789,757791,@AmazonHelp There is no option to have it delivered on release day. What should i do?,"@301086 For more information on Release Day Delivery, please see here: https://t.co/5Sak1xJQI4 ^CO",2017-10-11 19:09:31+00:00,2017-10-11 19:15:00+00:00,85,98
464357,464359,464360,@AmazonHelp Thanks please treat this as urgent and reply as soon as possible,@225415 Thanks for submitting the details. We'll reach out to you soon. ^GK,2017-12-01 06:02:03+00:00,2017-12-01 06:22:00+00:00,76,75
1389987,1390022,1390023,@AmazonHelp From last 3 days I have been providing my details only.What u guys did? Nothing poor and worst service ever,@442795 In this case we request you to please respond to the email correspondence here: https://t.co/8DAc10S7ww. ^SI,2017-10-29 06:31:05+00:00,2017-10-29 06:35:00+00:00,119,116
2530704,2530703,2530737,@AmazonHelp Pues solo me sale una centralita donde me dicen q está almacenado y nada más. Asi no puedo ir a recogerlo ni me dejan aviso de hora ni nada... es de correos express...,@453787 ¿Has intentado contactar con nuestro Equipo de Servicio al Cliente? ^VL,2017-10-30 16:54:37+00:00,2017-10-30 16:56:32+00:00,179,79
707360,707358,707357,@AmazonHelp Pretty sure it’s not gonna arrive within the next 7 minutes :(((((,@289106 Please keep us posted! ^JZ,2017-10-10 19:53:04+00:00,2017-10-10 19:54:15+00:00,78,34
1953607,1953605,1953604,"@AmazonHelp ありがとうございます。
届いた物を実際に確認してみてから必要な時にはご連絡させていただきたいと思います。",@579977 お手数をおかけいたしますが、よろしくお願いいたします。 RI,2017-11-16 12:16:04+00:00,2017-11-16 12:23:34+00:00,64,38
2391271,2391276,2391277,@AmazonHelp Either implement omnichannel customer service or forget it.,"@688731 That's quite a remark. Please drop your details through the link provided earlier, we will have this checked for you. ^NK",2017-11-14 13:13:35+00:00,2017-11-14 13:26:00+00:00,71,129
796480,796486,796487,"@AmazonHelp Replied , waiting for resolution ASAP",@309923 Thanks for sharing the details. We'll check and revert accordingly. ^AB,2017-10-14 04:49:42+00:00,2017-10-14 05:14:51+00:00,49,79
91439,91437,91436,@AmazonHelp This is what you all sent me. https://t.co/LgVpUHHxsy,"@135820 Sorry to hear that, Kierra. Please let us know if your order does not arrive by your revised delivery date. ^TI",2017-11-30 15:04:09+00:00,2017-11-30 15:12:31+00:00,65,119
324422,324421,324423,@AmazonHelp Plus i have already called customer care and they are not authorised to solve it i,@193281 We'd like to take a closer look and help. Please drop your details here: https://t.co/GIJyeYqKE0. We'll reach out to you. ^VN,2017-10-07 16:23:34+00:00,2017-10-07 18:12:00+00:00,94,133
2498224,2498219,2498217,@AmazonHelp Yes! I am trying to return a product but it is only giving me replacement option. If I knew it earlier I wouldn’t have ordered it!,@285155 Replacements are followed as per our return policy. Please refer here: https://t.co/S4eX6UOjIb for more info. ^RW,2017-10-30 03:37:09+00:00,2017-10-30 03:43:00+00:00,142,121
1130237,1130219,1130222,@AmazonHelp Dann müssen wir jns schritt für schritt anfreunden :)9,@386377 Dann heißt es jeder Schritt einer für's gemeinsame Ziel ;) 👦👬^AS,2017-10-15 15:41:03+00:00,2017-10-15 15:45:00+00:00,66,72
2311177,2311175,2311174,@AmazonHelp 楽しみにしてたので嬉しいです( ･ㅂ･)و ̑̑,@670289 ぜひお楽しみくださいませ😆🎮✨ HM,2017-11-13 05:19:45+00:00,2017-11-13 05:25:00+00:00,36,26
348045,439699,439700,@AmazonHelp I have reverted on that email but email failed. Means share correct email address where i need to share card statement,@215662 Please try replying to that email. They'll get back to you. 2/2 ^OS,2017-10-11 12:22:34+00:00,2017-10-11 12:49:00+00:00,130,75
439299,439288,439289,"@AmazonHelp It asks for pwd to file a complaint, which it doesn't send 2 my email. What it will take for amazon to call. Pathetic customer exp @115850",@219328 Please allow us to look into this issue by sharing your details here: https://t.co/GIJyeYqKE0 and I'll contact you. ^GS,2017-10-11 10:28:32+00:00,2017-10-11 10:41:00+00:00,150,127
740407,740406,740408,@AmazonHelp Whatever carrier works out of Grays essex. Lied about delivery. very angry.,@297071 Would you mind confirming the courier listed for this order here: https://t.co/aaDyEz1VgE Thanks in advance. ^LB,2017-10-11 15:03:21+00:00,2017-10-11 15:08:21+00:00,87,120
2537428,2537427,2537429,@AmazonHelp In my pincode cod is available everytime but coz of ur issues this is happening with the customers,"@272832 I understand your concern, Utkarsh. Please be assured that I'll share your comments on this as feedback with our team internally for a review and improve our services further. ^SF",2017-11-16 09:23:17+00:00,2017-11-16 09:55:00+00:00,110,187
2319760,2319762,2319763,@AmazonHelp I didn't get any email.,"@284942 That's strange, Jimmy. Could you let us know when you've shared your details? ^NK",2017-11-14 12:48:25+00:00,2017-11-14 13:04:25+00:00,35,89
2560163,2560177,2560178,"@AmazonHelp est ce que , en vous mettant a la place du client , vous trouvez ca normal qu’on vous réponde «  peut être «  pour une commande ?  Juste ca ? 
Est ce que le fait que j’ai annulé après cela est il compréhensible ou pas ?","@725572 Je comprends parfaitement votre réaction. Cependant, nous vous invitons à contacter notre SAV.
^MD",2017-11-16 19:48:05+00:00,2017-11-16 20:04:36+00:00,231,106
287909,287874,287903,"@AmazonHelp @115850 team, pls stop buying more time and resolve the issue ASAP. I followed each n every step you said. Order# 406-0631092-6233928","@183542 Sandeep, we've sent you an email. You can check your inbox here: https://t.co/deS2TU9Xfp and revert for updates. ^MS",2017-10-06 15:16:07+00:00,2017-10-06 15:27:00+00:00,145,124
652079,652078,652080,@AmazonHelp Issues plural. More promises not delivered upon. Said they were processing a refund did not. Now cs has left me twisting on a hook not answering for over 15 min,"@275061 What additional insight were we able to provide you so far? When was the refund initially requested? Typically, refunds may take between 3-5 business days to process. ^WM",2017-11-22 22:06:40+00:00,2017-11-22 22:16:00+00:00,172,178
348176,348182,348184,@AmazonHelp @118702 @133462 is far far better than @AmazonHelp @115850,@198902 Kindly place a new order. Appreciate your understanding. 2/2 ^PS,2017-10-08 07:34:28+00:00,2017-10-08 07:50:30+00:00,70,72
814234,814231,814229,"@AmazonHelp If you are getting a parcel delivered to a commercial building Vs home, how does it differ? Will delivery happen e.g between 9-5 if at work?","@313937 I'm sorry, we don't offer timed deliveries. Your parcel may be delivered up to 21:00. More info here: https://t.co/8SL9KjFCPc ^JS",2017-10-20 16:56:53+00:00,2017-10-20 17:09:16+00:00,152,137
231940,231907,231909,@AmazonHelp toujours pas de réponse. C'est vraiment du foutage de gueule,@171222 Vous n'avez pas reçu d'e-mail à ce propos ? ^SN,2017-10-06 08:07:16+00:00,2017-10-06 08:18:47+00:00,72,55
1191351,1191350,1191352,@AmazonHelp Done. I await a swift response.,@400022 We have received your details. We are working on it and will get back to you with an update at the earliest. ^HR,2017-10-25 07:39:16+00:00,2017-10-25 08:02:02+00:00,43,120
1430069,1430068,1430070,"@AmazonHelp I have, it’s been taken, my account is credited","@452124 Hi. I'm sorry to hear that. If you get in touch: https://t.co/hApLpMlfHN, we'll be happy to investigate. ^DC",2017-11-02 07:31:36+00:00,2017-11-02 07:35:00+00:00,59,116
850093,850097,850098,@AmazonHelp Status pls almost 2 days already over ??????,@321983 Our apologies. We request you to share your details again here: https://t.co/GIJyeYqKE0. We'll get back. ^KC,2017-10-16 12:00:51+00:00,2017-10-16 12:36:00+00:00,56,116
472358,472367,472369,@AmazonHelp You guys sorted me out. Thank you 😊,@227492 Thanks for keeping us posted! Let us know if you need anything else. We hope you enjoy the rest of the day! ^EP,2017-12-01 21:02:08+00:00,2017-12-01 21:04:28+00:00,47,119
505788,505783,505781,"@AmazonHelp Ese es realmente el problema ,q no sabemos nada del transportista,ni se ha comunicado con nosotros ni notificación en el buzón ni nada,llamamos a At.al cl y la única solución q nos da es q llegará el lunes,con lo q tendría q faltar a trabajar d nuevo y x supuesto sin saber hora",@236022 Clemente ¿Podrías indicarnos si el producto  es vendido directamente por Amazon o si ha sido vendido por un vendedor externo? ^ PC,2017-12-01 21:21:29+00:00,2017-12-01 21:23:32+00:00,290,138
1772277,1772275,1772278,"@AmazonHelp So I pay yall, talk on the phone and I'm even further inconvenienced trying to figure out how I can get what I need. A problem and I'm prime. PUT IT ON MY STEP 🤦🏾🤦🏾","@532682 I'm so sorry for the inconvenience! Just to confirm, which carrier was used? You can check here: https://t.co/Y5jpI9gRhE ^BH",2017-11-08 01:59:19+00:00,2017-11-08 02:10:27+00:00,176,132
1603809,1603808,1603810,"@AmazonHelp うわー＼(^o^)／
楽しみます♪
コメントいただいて超びっくりです
( ≧ᗜ≦)੭ु⁾⁾バンバン","@492161 いきなりのリプライ、驚かせてしまって申し訳ありません！
プライム・ビデオをご利用いただき、ありがとうございますm(*-ω-)m RI",2017-11-05 08:22:18+00:00,2017-11-05 08:31:00+00:00,61,74
586829,586827,586826,@AmazonHelp https://t.co/sHYPf1qgmX but I am eu,@258577 Thanks for letting us know. You can unlink the accounts by going to Your Account: https://t.co/UN0jPkx3Ag I've included some instructions here: https://t.co/Wv734ayp1g ^TI,2017-12-03 15:20:16+00:00,2017-12-03 15:24:03+00:00,47,179
49913,49910,49909,"@AmazonHelp What should i do with this link , i want my cashback, really insane by @1107",@127178 I get your concern about the cash back. Please reply to the correspondence sent to your registered email from us. (1/2) ^SV,2017-11-01 17:27:58+00:00,2017-11-01 17:33:37+00:00,88,131
105072,105065,105067,@AmazonHelp So far this isn’t going well. After trying to explain to a woman what has happened I was put on hold for 20 minutes before being transferred to a supervisor. After 10 minutes of explaining again he says he’ll phone me back. I just want my package.,@139211 I know how frustrating this can be. Please keep us updated on the phone call back. We are here to help. ^BA,2017-11-30 20:37:54+00:00,2017-11-30 20:45:33+00:00,259,115
425389,425387,425391,@AmazonHelp How come I never faced issues regarding deliveries from Amazon before signing up to Prime. Please refund my Rs 499.,@164241 Apologies for the unpleasant experience. Kindly share your details here: https://t.co/GIJyeYqKE0 and I'll contact you. ^GS,2017-10-10 13:02:57+00:00,2017-10-10 13:33:31+00:00,127,130
1868848,1868852,1868855,@AmazonHelp __email__ account details,"@169834 I'm sorry for the trouble. However, we'll not be able to check your information over Twitter. Request you (1/2) ^GK",2017-10-18 09:00:57+00:00,2017-10-18 09:33:56+00:00,37,123
2551034,2551033,2551035,"@AmazonHelp Peguei meu livro favorito "" Viagem ao centro da terra"" e a Trilogia ""Dragões de Éter"" do @724741. Estou ❤️pelo meu Kindle",@724740 Oiiiii Tata_tammy! Bom te ver por aqui de novo! Que beleza que chegaram! Você já começou a leitura? Qual deles você vai ler de primeiro? 😍📚👏 ^JJ,2017-11-29 02:32:05+00:00,2017-11-29 02:35:56+00:00,133,152
2848977,2848975,2848974,"@AmazonHelp transporteur Lp collect, avez vous besoin d'autre chose?","@792271 Votre colis est acheminé par La Poste, je vous prie de joindre notre service client via https://t.co/hgIrz98cdI afin de vérifier l'état de cette livraison. ^KD",2017-11-27 19:06:58+00:00,2017-11-27 19:09:27+00:00,68,167
279455,279373,279375,"@AmazonHelp Last email which I recvd. Bt I recvd call frm 074079 33775 n sed tht amazon nid 2 verify the Acct  detail n asked the card info, bt I denied https://t.co/aSDeEztplN",@182606 I request you to reply to the same email sent from the specialist team. ^NR 4/4,2017-10-09 23:10:27+00:00,2017-10-09 23:15:04+00:00,176,87
2337755,2337754,2337756,@AmazonHelp Yes and robo customer service told me to check back tomorrow if my package is still not delivered,@676350 Thanks for confirming. Please let us know if it doesn't arrive tomorrow and we'd be happy to review available options. ^EZ,2017-10-20 05:48:12+00:00,2017-10-20 05:49:54+00:00,109,130
879997,986885,986886,"@AmazonHelp Really worst service @115850 @AmazonHelp  .. u guys can not give a singel invoice related to my order ... really worst site where u can not call and u can not email problem , no call back from amazon",@328920 We'd like to help. Could you please confirm sharing your details in the link provided here: https://t.co/aCth2QjpGu? ^ VN,2017-10-23 16:33:05+00:00,2017-10-23 16:56:35+00:00,211,129
1808114,1808118,1808119,@AmazonHelp So what should i do? Your own reps denying offering any refund in amazon pay balance? Infact i have the email.,@315596 I get your concern. Please share your details on the link above and we'll look into it. ^PS,2017-10-29 02:19:01+00:00,2017-10-29 02:47:00+00:00,122,99
422952,422951,422953,"@AmazonHelp why exactly has my order been delayed by up to 7 days?? i pre-ordered it for a reason, i wanted it on release day ...",@215715 I'm so sorry for the delay! Please contact us by phone or chat so we can look into this closer: https://t.co/JzP7hlA23B. ^SD,2017-10-10 21:39:10+00:00,2017-10-10 21:47:00+00:00,129,132
430027,430026,430028,"@AmazonHelp It's not about winning, but whenever I find product it's redirect me to login page, And No login page if I try late",@170102 Request you to connect with our support team using this link : https://t.co/vlvfJr4nN9 and it'll be sorted. ^SK,2017-10-10 14:37:41+00:00,2017-10-10 15:01:00+00:00,127,119
2254628,2254617,2254618,@AmazonHelp I filled out that form yesterday then got an email saying I had gone past the 90 day deadline when I bought the item fewer than 90 days ago. I just want a refund for damaged item. It's not hard.,"@530477 The form will allow us to move forward with the research this order needs. Thanks, ^EM",2017-11-11 12:36:03+00:00,2017-11-11 12:45:33+00:00,206,94
2931313,2931312,2931314,"@AmazonHelp Oui, on m'a dit ce que je savais déjà : mon colis n'a pas pu être livré hier, et il doit être livré aujourd'hui.",@390747 Que dit le suivi de votre colis s'il vous plaît ? ^SN,2017-11-29 08:42:10+00:00,2017-11-29 09:09:27+00:00,124,61
1632477,1632475,1632478,@AmazonHelp Customer service was not sure that it would be and I'm responsible for follow up,@499531 Who's the carrier assigned to the delivery: https://t.co/Y5jpI9gRhE? ^AB,2017-11-05 20:44:09+00:00,2017-11-05 20:46:00+00:00,92,80
1121626,1123588,1123589,"@AmazonHelp Got the message thank you cheers.... Actually o was unable to dm amazonIN but message from you is a gud help,",@383009 You're welcome. Do keep us posted. ^SG,2017-10-15 14:21:19+00:00,2017-10-15 14:51:30+00:00,121,46
2628814,2628816,2628817,@AmazonHelp am on the UK site - Prime account currently active.,@175064 We'd like to troubleshoot this in real-time with you. Please reach out to us by phone here: https://t.co/qy3J24VGxb ^GR,2017-11-17 17:48:57+00:00,2017-11-17 17:56:30+00:00,63,127
898764,898738,898736,@AmazonHelp Getting multiple emails from Amazon to add email id in account but it is showing error. I always login with mobile no. which I DM u already.,"@333405 You should have received an email from us, please check and revert. ^HN",2017-10-16 16:14:42+00:00,2017-10-16 16:32:00+00:00,152,79
459952,459945,459947,@AmazonHelp I appreciate that but all it tells me is tomorrow or potentially Saturday. How can I find out what time to expect it? It’s a TV so I’m guessing I need to be here to receive it.,"@224294 Just to clarify, did you contact us with the link below? It has you choose and order and then below that select an issue. After that, it will give you the contact options. ^AJ",2017-12-01 01:59:30+00:00,2017-12-01 02:14:54+00:00,188,183
641858,641848,641846,@AmazonHelp This link doesn't find any of my orders... Can't i just drop you an email?,"@272318 With the link provided, you should be able to choose any combination of options to reach us by phone, chat, or e-mail. ^KJ",2017-11-22 20:01:12+00:00,2017-11-22 20:43:31+00:00,86,130
973492,973484,973483,@AmazonHelp Urs is the worst service of all the e-commerce websites. Very disappointed.,@350871 Apologies for the unpleasant experience. Kindly fill in your details here: https://t.co/GIJyeYqKE0 and I'll contact you. ^GS,2017-09-28 08:22:13+00:00,2017-09-28 08:54:04+00:00,87,132
917971,917973,917974,@AmazonHelp Et combien de temps?,"@337928 Nous n'avons pas de date pour le moment, vous serez informé par mail une fois que le stock est approvisionné. ^ASZ",2017-11-25 17:13:22+00:00,2017-11-25 17:25:00+00:00,32,122
1229721,1229715,1229713,@AmazonHelp Unfortunately not. Just links to the edition I initially ordered and what the order was later upgraded to. I'm not annoyed. Just a little,"@408415 Where we aren't able to see your account, we would like to check on this with you in real-time!  https://t.co/JzP7hlA23B ^LS",2017-10-25 20:22:56+00:00,2017-10-25 20:32:09+00:00,149,132
549507,549505,549504,@AmazonHelp Where is the list???????? Ya this was scam only? https://t.co/G4ZDzqwpHG,"@247948 This is a genuine quiz, results will be officially released soon, kindly stay tuned to our social platforms. ^MJ",2017-12-02 18:15:54+00:00,2017-12-02 18:30:03+00:00,84,120
651623,1586759,1586760,@AmazonHelp haven’t received any yet,@274956 post submitting the form here: https://t.co/GIJyeYqKE0 with requested details.  2/2 ^MJ,2017-11-05 06:18:38+00:00,2017-11-05 06:37:52+00:00,36,95
626885,626883,626882,@AmazonHelp Just did.I welcomed dissatisfaction ordering from @115850.This was supposed 2 be a Bhai beej gift &amp; you guys perfectly ruined the occasion,"@268454 Apologies Vishant, please fill out this form: https://t.co/GIJyeYqKE0 and we'll contact you shortly regarding your order. ^MP",2017-10-21 16:22:56+00:00,2017-10-21 17:18:01+00:00,154,133
2311182,2311179,2311183,@AmazonHelp  https://t.co/BSVlWpKVa6,"@670290 We'd like to look into this for you, Tony. Please reach out to us via phone or chat here: https://t.co/eON0ANw55R for real-time assistance ^BE",2017-11-13 05:26:54+00:00,2017-11-13 05:31:02+00:00,36,150
164952,164950,164949,@AmazonHelp Thank you for your tweet! I’ve contacted customer service &amp; they’re sending directions to the courier. I wish there was a way to include directions when we order. #wishlist,"@154233 Glad to hear that you've managed to get everything sorted, Shelly. Let me know if you have any other issues!^TI",2017-11-23 15:48:08+00:00,2017-11-23 15:55:00+00:00,188,119
1376039,1376042,1376043,@AmazonHelp Can one of those additional options get the order here on time or guarantee no future orders will come by Amazon Logistics?,@439726 It will allow us to escalate the issues you've experienced directly to Amazon Logistics for investigation. ^AM,2017-10-28 02:54:01+00:00,2017-10-28 03:00:27+00:00,135,118
510304,510303,510305,@AmazonHelp OK - It's back working - Thanks,@237240 You're welcome! Please let us know if you need anything else! ^BH,2017-12-01 23:01:06+00:00,2017-12-01 23:05:22+00:00,43,73
2406910,2406914,2406915,"@AmazonHelp I feel like im wasting time
I will blindly go ahead im eligible for Cashback
As out of 8 agents 5 said im eligible and i will get Cashback as per offer

Because u r just giving irrelevant n time waste replies",@692195 I apologies for the miscommunication. Kindly fill in your details using the link provided earlier so that we can assist you accordingly. ^MN,2017-11-14 16:36:35+00:00,2017-11-14 16:42:00+00:00,220,148
176402,176386,176388,"@AmazonHelp No,after I changed the password I didn’t find any email from amazon account specialist.","@157501 That's odd! Let take a look into this in real-time. When you have a free moment, please reach out to us here: https://t.co/hApLpMlfHN ^HM",2017-11-25 00:47:44+00:00,2017-11-25 00:51:00+00:00,99,145
261723,261721,261724,@AmazonHelp En este momento cancelo la subscripción a Prime. No sirve de nada,"@178322 Además, te recomiendo eliminar la imagen dado que contiene información sensible como la dirección. Saludos. (2/2) ^AV",2017-10-06 05:15:30+00:00,2017-10-06 05:19:00+00:00,77,125
2720050,2720052,2720053,@AmazonHelp No don’t want to use amazon anymore,@763267 Sorry to hear that Jane. We would like to help you resolve your account issue but have no access to your account through twitter. Please reach out to us from the link provided by ^TI and an account specialist can look into this for you. ^ES,2017-11-20 10:09:07+00:00,2017-11-20 10:34:29+00:00,47,248
354014,354012,354011,@AmazonHelp Et depuis quand cette condition existe t elle ?,"@200163 Pour avoir une idée générale sur cela , je vous prie de cliquer sur le lien suivant: https://t.co/HDk368kOh4 ^FT",2017-10-08 13:45:28+00:00,2017-10-08 14:01:00+00:00,59,120
2490620,2490616,2490615,@AmazonHelp vendredi c'est tard ça serait bien demain à la place ça me gêne pas franchement,"@711142 Quel est le mode de livraison que vous avez choisi lors du passage de votre commande? 
Amal",2017-11-15 17:26:37+00:00,2017-11-15 17:34:00+00:00,91,99
155108,155105,155104,@AmazonHelp I sent an email to them about it and I am waiting on it but now it won’t even show as an item on your site.,"@151573 If 48 business hours pass and you haven't received a response or they aren't able to resolve your issue, please file an A-to-z Guarantee claim by following these steps: https://t.co/5LBaEzfhEu ^AN",2017-11-24 17:01:27+00:00,2017-11-24 17:06:55+00:00,119,204
2418984,2450550,2450551,@AmazonHelp I’ll wait till the time you reply the resolution of matter at this place. I’ll not allow you to exploit me with your dirty tactics @115850,@546610 Please write back to the email you received from our team. We'll check the details and get back to you. ^SQ,2017-10-29 17:38:40+00:00,2017-10-29 18:04:00+00:00,150,115
2309717,2309740,2309741,@AmazonHelp Please check your inbox for my response to the Apology email from Amazon recvd at 1.15 AM today,"@669901 As informed earlier, we'd not be able to check the details here. Hence, respond to the email and we'll reach out to you soon. ^EM",2017-11-14 04:56:29+00:00,2017-11-14 05:07:29+00:00,107,137
1290374,1290368,1290367,@AmazonHelp #AINT = #AmazonIsNOTTrustworthy (RE: ~200 email messages FROM #Amazon over a YEAR'S time + Money deducted!!!) @115821 @AmazonHelp @115851,"@421762 Hi Vincent, what happened? Please tell us more without sharing account or order info. ^AT",2017-07-03 13:37:04+00:00,2017-07-03 13:48:00+00:00,149,97
2644968,2644967,2644971,@AmazonHelp This is order number.u didnt give me product for which I paid 1 month before. Give me with interest of month https://t.co/8LZ5eaVxYW,"@746266 I'm sorry about the bad experience you've had. We've sent you a link via DM, please check and fill the required details. ^HA",2017-10-31 10:42:29+00:00,2017-10-31 11:10:29+00:00,144,132
1860195,1860205,1860206,@AmazonHelp You go and check with order number ending with 0304. #MentalAgony #WorstService #AmazonSucks #AmazonFreeIndia,@340473 your details here: https://t.co/beaaDm0muc and we'll assist you with your concern.(2/2)^SF,2017-10-18 12:10:32+00:00,2017-10-18 12:31:00+00:00,121,98
2544898,2544897,2544899,"@AmazonHelp I did and once again nothing was resolved, I then requested to speak to a member of management this request was declined. cc: @115851",@723378 Were these items shipped and sold by Amazon or Marketplace sellers: https://t.co/aaDyEz1VgE ^DO,2017-11-26 21:13:19+00:00,2017-11-26 21:18:32+00:00,145,103
2845556,2845547,2845550,@AmazonHelp Et donc vous me confirmez que si j'annule mon abonnement Premium je ne serai plus jamais livré par Chronopost ?,"@791494 L'adhésion à l'abonnement Prime n'impacte en rien le choix de désignation des transporteurs qui se fait au niveau de nos entrepôts, lors de l'expédition des colis.",2017-11-27 18:00:03+00:00,2017-11-27 18:27:24+00:00,123,171
1041201,1331899,1331900,@AmazonHelp Item not received yet..,"@280821 I'm sorry, have we missed the estimated delivery date of your order, Anil? You may check here: https://t.co/nhhUcAbkBt ^JC",2017-11-07 09:28:51+00:00,2017-11-07 09:50:56+00:00,35,130
240130,240145,240146,@AmazonHelp That was responded already. Can you be serious?,@173036 We're working on it and will get back to you at the earliest. ^PB,2017-10-09 11:37:21+00:00,2017-10-09 12:03:00+00:00,59,73
907049,907047,907046,"@AmazonHelp 早々にご連絡ありがとうございました^^
アマゾンで買い物等をする事もあり不安になってました💦
安心しました😌

ありがとうございました✨","@335369 とんでもございません☺
これからもお気づきの点やご不明な点などがございましたらご遠慮なくお知らせください。MH",2017-10-21 01:41:23+00:00,2017-10-21 02:04:53+00:00,80,63
77584,77583,77585,@AmazonHelp Done long time back. Almost a month back. No status change,"@133288 We're still sending out invitations, so you don't need to apply again if you already requested for an invitation, stay tuned! ^YP",2017-11-30 13:45:51+00:00,2017-11-30 14:19:34+00:00,70,137
676969,676968,676970,@AmazonHelp Mi è stato hackerato l'account. Il servizio clienti non ha potuto farci gran che,@281490 Mi spiace! Ti è stata indicata una tempistica di attesa per il completamento delle verifiche? ^VE,2017-11-23 06:45:13+00:00,2017-11-23 06:51:24+00:00,92,105
2105758,2105762,2105763,@AmazonHelp I can’t leave seller feedback as you’re the seller not market place,"@229445 Hi, Martin! Are you wanting to leave feedback about the product you ordered or the service you received? ^MW",2017-11-08 13:52:38+00:00,2017-11-08 13:57:00+00:00,79,116
1615547,1615545,1615548,@AmazonHelp See I am not able to fill this form!without even giving a reason you hav not delivered my order and now  not returning my money!,@164808 I understand your concern. Could you confirm if you have submitted your details using the link shared earlier? ^GD,2017-11-05 13:43:40+00:00,2017-11-05 13:58:55+00:00,140,122
846845,846841,846840,"@AmazonHelp The parcel had been delivered this morning, but had arrived damaged and empty with just loads of wrapping paper. This is why I am contacting","@321266 I understand. In this case, please contact using the following link: https://t.co/OjvUxwnzPe. ^LG",2017-10-20 14:38:01+00:00,2017-10-20 14:42:02+00:00,152,105
756315,756314,756316,"@AmazonHelp Non, mais vu votre rapidité, je vais m'y mettre!",@300774 Rapide comme l'éclair 😉 ^SM,2017-10-12 06:13:46+00:00,2017-10-12 06:17:00+00:00,60,35
2704961,2704954,2704956,@AmazonHelp Yes I have spoken on call with you guys. But didn't really receive much help from there.,@759707 What options or insights were provided to you when you called us? ^CH,2017-11-19 22:58:22+00:00,2017-11-19 23:06:00+00:00,100,77
1686803,1686805,1686807,@AmazonHelp Just send you detailed sequence of events. Please go through it.,@244623 Our team will reach out to you soon with an update. You could check for latest correspondence (1/2) ^VM,2017-11-07 06:38:35+00:00,2017-11-07 07:06:49+00:00,76,111
931601,931598,931597,"@AmazonHelp I have ordered bean bag
But it came without beans.
Once it is accepted, but it repeated.
Give me good explanation nd my refund back","@340992 Omkar, we'd like a closer look at the details, please share them via the link provided earlier and we'll reach out. ^MS",2017-10-28 12:17:22+00:00,2017-10-28 12:21:00+00:00,143,127
2396368,2396367,2396369,@AmazonHelp No tengo esa información para llevarla a cabo,"@689767 Do, en este caso, te recomiendo entrar en contacto con nuestro Servicio al Cliente, para que verifiquen lo ocurrido. Por favor, ingresa a este enlace: https://t.co/beR78zMMYB ^CR",2017-11-26 19:05:56+00:00,2017-11-26 19:11:00+00:00,57,186
136886,136884,136883,@AmazonHelp It was expected this week between the 23rd-25th. It was delivered by Amazon Shipping. Thanks,@146874 Thanks for that information. Have a look at this link as it may help locate the parcel:https://t.co/4txtw2cv6U ^CR,2017-11-24 09:59:26+00:00,2017-11-24 10:09:28+00:00,104,122
64128,64130,64131,@AmazonHelp Yes I have already dropped the details,"@130719 If you have shared your details with us, you should find our response here : https://t.co/DTSNmGldJf. Do keep us posted. ^CB",2017-12-01 15:55:36+00:00,2017-12-01 16:21:00+00:00,50,132
1730679,1730681,1730683,@AmazonHelp Quiero una tele compatible no cheques regalo ya que no puedo comprar otra de esas caracteristicas x ese precio en amazon,"@522961 Roberto, te recomiendo verificar la información disponible en el siguiente enlace: https://t.co/d5cEyZXAK0. ^AZ",2017-11-07 12:09:29+00:00,2017-11-07 12:18:12+00:00,132,119
1258967,1258974,1258977,@AmazonHelp There is nothing in the mail and I need my product or replacement since it is your fault/Please call me 9910415115,@414991 Being a social platform we'll not be able to arrange any call from Twitter. A correspondence will be sent 1/2 ^MJ,2017-10-27 04:50:58+00:00,2017-10-27 05:04:00+00:00,126,121
764768,764765,764763,@AmazonHelp it was Amazong Prime biught Sat. Del Sun. Never arrived but says delivered in mail slot in orders :(,@302784 Oh no! Have you checked on available refund/replacement options in your orders here:https://t.co/aaDyEz1VgE? ^SA,2017-10-11 21:46:42+00:00,2017-10-11 21:58:00+00:00,112,120
2266887,2266889,2266891,@AmazonHelp Si vous avez la possibilité de m’éviter @120535 a l’avenir j’en serais vraiment heureux,"@659795 Merci pour votre commentaire, tant que vous avez contacté notre SAV donc ce problème est remonté au département ""transporteur"", en espérant que tout rentrera dans l'ordre le plus rapidement possible ^SN",2017-11-11 08:03:12+00:00,2017-11-11 08:25:04+00:00,99,210
2102461,2102447,2102445,"@AmazonHelp That I paid overnight shipping for on SUNDAY. That still hasn’t shipped. Crappy, crappy customer service.",@620867 It's not unusual to ship out the day of delivery. Please let us know if we miss the delivery date.  ^AG,2017-10-19 04:07:10+00:00,2017-10-19 04:12:56+00:00,117,111
1190157,1190156,1190158,@AmazonHelp You missed by  lot. Today's the delivery date. Package hasn't  shown any movement in ~36 hrs.,@399737 I'm sorry you haven't received your package yet! We can make deliveries as late as 9pm. Let us know if you haven't gotten it by then! We're here for you! ^TK,2017-11-25 20:12:04+00:00,2017-11-25 20:18:00+00:00,105,165
2602891,2602885,2602887,@AmazonHelp Yeah I've tried that. Interestingly it's just started working again on its own.,"@736608 That's great to hear, Colin! Let us know if you run into any further issues. ^BE",2017-11-26 21:30:54+00:00,2017-11-26 21:33:00+00:00,91,88
1279828,1279837,1279900,@AmazonHelp Since last night I have been filling forms and replying to your tweets. It's time you guys get responsible and deliver the order as promised,@366269 Since Facebook is a Social Media platform we'd not be able to check/access your account. Kindly reply 1/2 ^EM,2017-10-27 06:24:57+00:00,2017-10-27 06:40:52+00:00,152,117
2265570,2265569,2265572,"@AmazonHelp @115850 see attached image, which exposes your lies on the price and discount your claim to provide, when the MRP is 9900.#amazoncheats https://t.co/NELrBT60TK","@659469 Pricing and offers are decision of the sellers. The constantly changing marketplace and our efforts to offer you the lowest price, may result in fluctuations in our prices over time. ^SU",2017-11-11 14:25:34+00:00,2017-11-11 14:41:00+00:00,171,194
737067,737063,737066,@AmazonHelp ORDER # 402-4432500-6199512 Refunded by myself by DTDC. but your employee refused to accept. Shame on you. #chorAmazon.,@296300 Sorry for the hassle. I’d like to assist you. Please fill this form: https://t.co/beaaDm0muc and I’ll contact you soon. 1/2 ^NK,2017-10-11 12:08:15+00:00,2017-10-11 12:18:42+00:00,131,135
947285,947284,947286,@AmazonHelp I want others to see how you can refuse a mail and how others should not believe your mails anymore.,@344644 Please share your details in the link provided earlier and we'll look into it.,2017-11-25 17:18:02+00:00,2017-11-25 17:48:00+00:00,112,86
354421,743328,743329,"@AmazonHelp What is the definition of faster in your terms? Hours? Days? Weeks?
 Months?",@200255 Sorry for the trouble. Please be assured we'll sort this out at the earliest. ^PB,2017-10-12 10:25:24+00:00,2017-10-12 10:44:54+00:00,88,89
1672038,1672040,1672041,"@AmazonHelp Di aspettare fino alle 16 e poi vedremo, ma se in questo momento la merce mi da’ in consegna oggi ma in preparazione, arriverà con un drone?",@508918 Ricontatta il nostro Servizio Clienti: da qui non posso vedere il tuo ordine ma i miei colleghi potranno darti assistenza. ^EA,2017-11-06 13:54:12+00:00,2017-11-06 14:11:00+00:00,152,134
832907,832916,832917,@AmazonHelp  https://t.co/4DXjo6C6pR,@297942 Merci de nous joindre via https://t.co/hgIrz98cdI Notre SAV veillera à trouver la solution adaptée. ^MA,2017-10-13 09:23:26+00:00,2017-10-13 09:48:51+00:00,36,111
1749457,1749449,1749451,@AmazonHelp I've been on the phone with customer service for an hour and they can't tell me why this issue is occurring. It's VERY frustrating,@527291 Sorry for any inconvenience that may have been caused! What is the issue that is occurring? ^JE,2017-11-07 17:54:14+00:00,2017-11-07 18:00:25+00:00,142,103
1673019,1673034,1673035,@AmazonHelp Already shared 2 times.,@392653 We've received your details and shall reach out to you with an update soon. ^GS,2017-10-18 05:30:13+00:00,2017-10-18 05:42:00+00:00,35,87
1586210,1586209,1586211,@AmazonHelp Problem still not resolved. Not getting items delivered even after they are out for delivery,@488005 here: https://t.co/vlvfJr4nN9 and we'll sort this for you. 2/2 ^KH,2017-11-08 16:07:53+00:00,2017-11-08 16:35:26+00:00,104,74
757692,757705,757706,@AmazonHelp If I place a new order then i have to pay Rs. 5000/- extra which is 50% of the total amount. I need my order in the previous price.,@300935 As already mentioned canceled order can not be reinstated. Thank you for understanding. (2/2) ^SI,2017-10-12 11:19:52+00:00,2017-10-12 11:38:26+00:00,143,105
2671815,2671819,2671821,@AmazonHelp Vendido e entregue pela Amazon.,"@373701 Certo. No caso ainda está dentro do prazo. Caso pro final do dia não receber, contata com o nosso SAC para conferirmos as 1/2",2017-10-31 10:57:57+00:00,2017-10-31 10:59:44+00:00,43,133
2288173,2288172,2288174,@AmazonHelp Amazon. Com  y la fecha de entegra  fue para el 18 de sep,@576393 ¿El producto fue vendido y gestionado por Amazon o vendido por un vendedor externo? ^JJ,2017-11-12 03:41:48+00:00,2017-11-12 04:00:00+00:00,69,95
2425981,2426006,2426008,"@AmazonHelp @696639 @696640 Danke für die Info! Aber ich frage mich ob man nicht dagegen vorgehen kann. Domain Name: https://t.co/CRwAmXjg8i
Registrar WHOIS Server: https://t.co/A6Xe1z4zgJ
Registrar Abuse Contact Email: __email__
Registrar Abuse Contact Phone: +1.6613102107",@696638 Wir geben das gerne mal weiter. Gruß ^AN,2017-11-14 20:56:24+00:00,2017-11-14 20:59:00+00:00,274,48
1111334,1111333,1111335,"@AmazonHelp わざわざご連絡ありがとうございます😭
気をつけます！！",@382304 とんでもないことでございます。今後も万が一ご不安なことがございましたら、ご遠慮なくお知らせください！ YM,2017-10-24 02:14:51+00:00,2017-10-24 02:17:28+00:00,39,61
1214474,1214470,1214469,@AmazonHelp I have. I've requested replacement.,@203021 Please keep us posted on the replacement! ^LB,2017-10-25 14:42:37+00:00,2017-10-25 14:58:49+00:00,47,53
994394,994392,994391,@AmazonHelp Redmi 4 16 gb is not available to buy directly. Will it be available for sale again?,@355546 Currently we don't have the requested info from the supplier yet. Please stay tuned to the website for updates. ^HA,2017-10-22 15:39:24+00:00,2017-10-22 16:03:00+00:00,96,123
149259,149263,149264,@AmazonHelp Thanks for reinstating my Account. Going to shop somewhere else though so my account doesn’t get locked again. Have a good rest of your day.,"@150000 Thank you for keeping us in the loop, Thomas. Please let us know if you have further questions or concerns. We hope you have a good rest of your day too! ^TG",2017-11-24 19:17:01+00:00,2017-11-24 19:26:00+00:00,152,165
382823,382814,382812,@AmazonHelp My package still hasn’t arrived. This is now past a joke. Next day delivery? I’m going away and needed my parcel today. Not impressed at all,@146819 Deliveries occur until 21:00. Please keep us updated! ^AB,2017-10-21 14:16:58+00:00,2017-10-21 14:23:29+00:00,152,65
317279,317278,317280,@AmazonHelp It was Marketplace seller,@191717 Have you tried contacting the Seller: https://t.co/IOCssC43ur about the delivery? ^JJ,2017-10-07 08:50:51+00:00,2017-10-07 09:11:39+00:00,37,93
1528636,1528638,1528639,@AmazonHelp Just delivered in an enterprise van!,@474591 Thanks for keeping us updated! Let us know if you have any further questions or need any more assistance. ^DW,2017-11-03 20:53:10+00:00,2017-11-03 20:59:00+00:00,48,117
2391307,2391303,2391302,@AmazonHelp Più terra terra si 😉,@233015 😂😂.^BC,2017-11-14 09:49:33+00:00,2017-11-14 09:55:27+00:00,32,14
1756476,1756474,1756477,"@AmazonHelp Why shouldn't I??? I HAVE ALREADY CANCELLED IT, NEED A FAVOUR TO INITIATE THE REFUND AT THE EARLIEST 😡","@528894 Please connect with our support team here: https://t.co/vlvfJr4nN9, and we'll assist you regarding this. ^NR",2017-11-07 19:44:25+00:00,2017-11-07 19:52:01+00:00,114,116
1191696,1191700,1191701,@AmazonHelp what is the update eta? atleast tell me if the product was delivered or status falsely updated?,@400090 We're working on this. We'll reach out to you soon with an update. ^HK,2017-10-25 10:22:31+00:00,2017-10-25 10:32:31+00:00,107,78
2484027,2484025,2484028,@AmazonHelp 936128__credit_card__,"@709643 To clarify, have you received a confirmation e-mail for a replacement: https://t.co/MAvpj2Q8ya? What's the estimated delivery date? ^SJ",2017-11-16 01:36:36+00:00,2017-11-16 01:49:29+00:00,33,143
1405328,1405334,1405335,@AmazonHelp non car je n'ai pas trouvé le lien vers votre sav,"@446711 Vous pouvez contacter notre SAV en cliquant sur le lien suivant : https://t.co/qzuu0dgDXz
^MD",2017-10-28 19:18:09+00:00,2017-10-28 19:21:27+00:00,61,101
2836944,2836942,2836941,"@AmazonHelp Pues de los últimos 10, ninguno menos de 3 días laborables. Empieza a compensarme la compra local :/.","@137593 Rafa, sentimos las molestias. Recuerda que puedes reportar lo que indicas con nuestros compañeros de Soporte al Cliente. ^DA",2017-11-27 15:27:33+00:00,2017-11-27 15:35:37+00:00,113,132
325845,325844,325846,@AmazonHelp  https://t.co/jpSftIdWZV,"@193629 Some items need additional processing time. Once shipped, they'll arrive in two business days: https://t.co/rlRTVvrCGl ^RA",2017-10-07 16:13:30+00:00,2017-10-07 16:22:29+00:00,36,130
1225667,1225663,1225662,@AmazonHelp Liefertermin wäre heute gewesen.,@407550 Bitte melde dich bei meinen Kollegen im Kundenservice: https://t.co/ohyvGrpvrY Wir haben über Twitter keinen Einblick. ^Bl,2017-10-25 19:18:41+00:00,2017-10-25 19:28:38+00:00,44,130
409658,409657,409660,@AmazonHelp It's supposed to be here today but ever since you guys switch delivery systems my packages come later and later...,"@212688 Just to confirm, is it the order out for deliver? Packages can be delivered up until 8pm. ^HC",2017-10-09 23:26:34+00:00,2017-10-09 23:46:00+00:00,126,101
343805,343802,343800,@AmazonHelp Get it tomorrow? Never. Get it monday? Never. What should I tell your customer service that I cannot have my any of package on time?,"@197811 Make a complaint for each one which is not delivered on the guaranteed date. That's it. Otherwise, how could we follow up? ^AS",2017-11-07 15:30:24+00:00,2017-11-07 15:54:28+00:00,144,134
777211,777229,777231,"@AmazonHelp Are guys making fun of me, I have already put the request on mail, Satish from ur team  has replied on it. Please put me a call on 9664655274",@305548 We have received your details. We are working on it and will get back to you with an update at the earliest.^HR,2017-10-17 09:37:31+00:00,2017-10-17 10:09:28+00:00,153,119
859628,865708,865709,"@AmazonHelp I hv filled d form , u HV my order id n I already mentioned my order has showing delivered but I hv nt received what else info u need?!",@324104 I've checked and I see that we haven't received the details yet. Kindly share the details via the link. ^SG,2017-10-13 15:21:16+00:00,2017-10-13 15:46:32+00:00,147,115
865815,1330191,1330189,"@AmazonHelp I am sure you did not take the pain of getting in touch with your Ms. Hanan from executive customer relationship team as Amazon being a fraud company nobody is bothered 2 look into customer problems. Amazon sells fake products I have proved it, so request everyone to AVOID Amazon","@270757 I'm sorry for the trail with your concern, please reply to the correspondence sent by our specialist team you have mentioned for further assistance. ^MJ",2017-11-11 06:40:26+00:00,2017-11-11 07:10:33+00:00,292,160
1024196,1109441,1109443,@AmazonHelp Yes and they did only escalations..and false commitments finally I cancelled order.,@324789 Apologies for the disappointing experience you've had. 1/2 ^MM,2017-10-15 11:15:39+00:00,2017-10-15 11:53:32+00:00,95,70
977808,977807,977809,@AmazonHelp Ha ha ha 😎 I m not happy with Ur product ... So no worries,@351906 the best team to help you further. You can refer to our returns policy here:https://t.co/gYYDFKUNPY. 3/3 ^EM,2017-10-22 05:02:38+00:00,2017-10-22 05:28:30+00:00,70,116
141937,141935,141939,"@AmazonHelp But it says it can provide traffic conditions on the help page. If it can't, why am I prompted to ask, ""what's the traffic like right now""","@148037 I'm sorry you were given the incorrect information! Did you set up your commute, as the help page describes? We'd like to help! ^ZW",2017-11-24 13:05:32+00:00,2017-11-24 13:14:27+00:00,150,139
294789,294798,294799,@AmazonHelp kindly contact and process a refund asap plz,"@186217 We'll get to you with an update soon, do keep an eye on your mailbox. ^HT",2017-10-07 13:56:37+00:00,2017-10-07 14:24:31+00:00,56,81
2208501,2208500,2208504,"@AmazonHelp I'm guessing you did not get my last message to #amazon -- the seller was not a third party, it was #Amazon",@645643 I'm so sorry for the wait! Please let us know if your order does not arrive by Friday. We want to ensure it arrives. ^GM,2017-10-20 02:02:37+00:00,2017-10-20 02:20:00+00:00,119,128
2375362,2375361,2375363,"@AmazonHelp went to try out the free 30 day trial and had 2 packages and it now says estimated time to show now, to the 15",@685178 What was the provided delivery date in your confirmation e-mail? You can view this in your Message Center here: https://t.co/kmqAgybwiF. ^DG,2017-11-14 02:38:46+00:00,2017-11-14 02:46:00+00:00,122,148
2470153,2470159,2470160,@AmazonHelp I can DM you the screen grabs of both deliveries if you want,"@706563 If you would like to send us screen grabs, can I ask for you to remove the sensitive information please? You can find the info through this link: https://t.co/Y5jpI9gRhE. Thanks. ^GA",2017-11-15 12:22:50+00:00,2017-11-15 12:34:00+00:00,72,190
914143,914154,914155,@AmazonHelp 48 hrs passed but nothing happened such pathetic service 1 month passed #whenitwillbedone #unhappinessguaranteed,@337086 You might have received an email from us with update. Please check and reply if needed. ^HA,2017-10-23 10:35:14+00:00,2017-10-23 10:55:29+00:00,124,99
1136260,1136259,1136261,@AmazonHelp I want to buy another mobile.,"@387682 Sahil, I'm afraid we don't accept remorse returns for mobile phones. We have a 10 day replacement only policy for damaged 1/2^MS",2017-10-15 16:28:37+00:00,2017-10-15 16:44:27+00:00,41,136
206158,206152,206154,@AmazonHelp I have done about a dozen times! It's on my wife's account.  __email__,@164811 Hi Nigel. Very sorry for the poor experience. Please forward your details - https://t.co/tkLCr7DNil we'd like to investigate^TP,2017-11-06 13:44:36+00:00,2017-11-06 14:03:39+00:00,82,135
2192368,2192366,2192365,@AmazonHelp Tracking number 205-3768541-9941926. Last 2 days attempted delivery. Been in both days,"@641705 We do not have access to your order/account information through Twitter; using the link JS provided, you will be able to review the latest information regarding this order. ^WM",2017-11-09 20:47:08+00:00,2017-11-09 20:50:02+00:00,98,184
2884824,2884823,2884825,"@AmazonHelp Hi, I've read this but not found it helpful","@800206 Hi there, can you tell us what part you're having problems with?

- Hal S",2017-11-28 11:44:10+00:00,2017-11-28 11:56:55+00:00,55,81
1786177,1786176,1786178,"@AmazonHelp そうなんですね！
わざわざありがとうございました。",@536639 とんでもないことでございます。その他ご不明な点がございましたら、お知らせください。TN,2017-11-26 07:00:56+00:00,2017-11-26 07:03:56+00:00,37,51
327014,327051,327053,@AmazonHelp We had to buy another present your Prime Service is a disgrace and your frankly pathetic delivery service is a joke now cost me another £30,@193932 We'd like to review your options and document your experience here: https://t.co/qy3J24VGxb ^AF,2017-10-07 17:05:58+00:00,2017-10-07 17:14:45+00:00,151,103
1205455,1205454,1205456,@AmazonHelp 承知いたしました、連絡ありがとうございます。,@403129 とんでもないことでございます。Amazonのご利用についてご不明な点がございましたら、ご遠慮なくお知らせください。 YM,2017-11-02 06:20:28+00:00,2017-11-02 06:28:00+00:00,34,68
2571921,2571919,2571916,@AmazonHelp Not being received and I’ve requested it from both mobile and computer to see if that makes a difference. I’ve check my junk folder too.,@729317 Thanks for confirming! We'd like to help sort this here: https://t.co/zYVX1Qi29G ^RA,2017-11-16 19:55:10+00:00,2017-11-16 20:00:48+00:00,148,92
1266468,1266470,1266472,@AmazonHelp Caked multiple times but I'm not able to connect to a cust. care exec. There's no section on your app to address such technical issues!,"@416537 Login to your Amazon.in account using the link provided earlier &gt; Under 'Tell us more about your issue', select (2/3) ^KA",2017-10-27 05:21:35+00:00,2017-10-27 05:32:00+00:00,147,132
889429,889411,889412,"@AmazonHelp Looks like my account was closed, and we have NO idea why.",@331160 What insight is the member from our support team able to provide for your account status? ^WM,2017-10-21 23:23:53+00:00,2017-10-21 23:27:26+00:00,70,101
779509,779508,779510,@AmazonHelp still no progress on the order :(,@125400 Did you report this using the link shared previously? ^HK,2017-10-12 12:52:53+00:00,2017-10-12 13:15:33+00:00,45,65
643721,643716,643715,"@AmazonHelp No! You do not understand! Just now I called customer care, they say wait another 24 hrs, it will be delivered! I,m tired of empty words!!","@272834 I understand your concern. Just to confirm, have you dropped your details in the link provided earlier? ^SQ",2017-10-12 15:23:12+00:00,2017-10-12 15:53:00+00:00,150,115
2319413,2319415,2319416,@AmazonHelp I have shared the details,"@659481 Thanks for sharing the details, Atul. We'll check and get back to you with an update soon. Appreciate your patience. ^HS",2017-11-14 02:06:16+00:00,2017-11-14 02:13:27+00:00,37,128
2850712,2850707,2850709,"@AmazonHelp Using the mobile app, pointing to the German store. I now know where I can get my package, but I didn’t expect it to be so cumbersome to find out.",@792662 Thank you for that feedback - I will forward it. If you have any further questions according to your delivery our customer service can have a closer look: https://t.co/ohyvGrpvrY Lieben Gruß ^NW,2017-11-27 19:41:41+00:00,2017-11-27 20:02:10+00:00,158,202
787636,787634,787638,@AmazonHelp the product has not yet been picked up and now because I'm going out of town for diwali pick up won't be possible for another 10-12 days.,"@307868 That's certainly not the kind of experience we want you to have, Kirtipal. We'd like to get an insight on this. 1/2^MS",2017-10-12 10:28:43+00:00,2017-10-12 10:34:00+00:00,149,126
941415,941414,941416,@AmazonHelp Gracias. No quedaba claro que hiciese falta seleccionar el artículo en el pedido de un artículo. Esta vez lo miré con más cuidado.,@343178 Cualquier consulta adicional no dudes en contactarnos nuevamente. ^VL,2017-10-21 15:58:23+00:00,2017-10-21 16:00:01+00:00,142,77
2741832,2741831,2741833,@AmazonHelp What do i have to do when i ring,"@358628 When you ring in, the agent on the line will be able to bring up your account and offer real-time assistance with the best options for resolution. ^SW",2017-11-20 18:29:58+00:00,2017-11-20 18:44:27+00:00,44,158
1254171,1254169,1254168,"@AmazonHelp ご丁寧にありがとうございます！
プライムナウの正規メッセージた同じアカウントからの表示だったのでびっくりしました
最近の詐欺は怖いですね😱",@414182 とんでもないです！当サイトからSMSでご請求のご案内を差し上げることはございません。どうぞ引き続きご注意ください。ご不安に思われる際には、いつでもお知らせくださいませ。ET,2017-10-26 06:34:50+00:00,2017-10-26 06:39:29+00:00,81,94
2308629,2308628,2308630,"@AmazonHelp Iphone 6plus, also via safari","@669637 Hey Yigit, I'm so sorry for the mix up. We currently do not support Sold by Amazon filters. We will certainly be passing your feedback onward. You can filter for Prime only options in the top right hand corner where it says ""filter"" ^BE",2017-11-13 02:29:23+00:00,2017-11-13 02:51:00+00:00,41,244
1352214,1352213,1352215,@AmazonHelp Why can it not be done online like list of your services,@435338 Sorry for any inconvenience. Contacting us via the link provided by HC will ensure you're provided the quickest response. ^BG,2017-10-27 18:08:52+00:00,2017-10-27 18:45:35+00:00,68,133
420978,420977,420979,@AmazonHelp So I need an replacement for the same product.,"@215330 I'm afraid we can't replace the device, please connect with the manufacturer for warranty claim. ^HA",2017-10-10 08:57:38+00:00,2017-10-10 10:20:31+00:00,58,108
697869,697868,697871,@AmazonHelp though I hv responded but I hv no faith on you and your organization. #bycottamazon #shameonamazon,"@286498 I understand your concern. However, we do not have access to your account over Twitter. Please fill in the details as 1/2 ^MK",2017-10-10 19:19:41+00:00,2017-10-10 19:54:08+00:00,110,133
1261217,1261215,1261214,@AmazonHelp I paid for it to come yesterday,@415454 What delivery date was given at checkout? One-day Shipping is the time it takes the order to arrive after it's shipped. ^KJ,2017-10-26 15:05:26+00:00,2017-10-26 15:09:43+00:00,43,131
2636897,2636895,2636893,"@AmazonHelp Ohh ok, so for example, it wouldn't apply to these items in my cart bc they're not sold by Amazon? That's mostly why I was confused. https://t.co/t3apnHSouf","@473713 Yes. Notice under quantity, the company these particular items are sold by is listed. The item must be sold and shipped by us in order for promotional certificates to apply. ^AP",2017-11-17 20:03:08+00:00,2017-11-17 20:30:41+00:00,168,185
2983665,2983658,2983660,@AmazonHelp i need to know location nearer to me so that i can place the order with exchange,"@822766 We will not be able to help with the exact location. Please put in pin codes/location close to you, &amp; try again. ^RW",2017-11-30 05:55:52+00:00,2017-11-30 06:10:00+00:00,92,128
915405,915407,915408,@AmazonHelp Thanks. Much appreciated 👍,@337355 Enjoy the weekend! ^BM,2017-10-21 09:18:59+00:00,2017-10-21 09:26:34+00:00,38,30
1433634,1433631,1433632,"@AmazonHelp I have my order detail in my first tweet, kindly help yourself because I am tired of contacting and waiting for replies. Thank you!","@452865 Would appreciate your cooperation, as we don't have access to your order details over Twitter. 2/2 ^AB",2017-11-02 12:19:51+00:00,2017-11-02 12:37:28+00:00,143,110
1844470,1844469,1844472,"@AmazonHelp I have received dispatched confirmation but am unable to track it. 
Order #407-1177635-8872351",@552582 we consider them to be personal information. Our Twitter page is visible to public. 3/3 ^SB,2017-11-08 05:31:54+00:00,2017-11-08 05:40:00+00:00,106,99
1735474,1735473,1735475,@AmazonHelp I understand you cant re ship the phone. Please help me get in touch with/locate the delivery person and ill check the data myself. Please!,"@524021 I get your concern, Ankita. Unfortunately, we wouldn't be able to do that. Appreciate your understanding. ^SV",2017-10-17 20:12:17+00:00,2017-10-17 20:50:03+00:00,151,117
1666514,1666513,1666515,@AmazonHelp Getting the following error while trying to get to the URL. https://t.co/RGEjkbxQg8,@161011 I've checked and seen the link is working fine. Kindly try accessing it here:  https://t.co/2t6DQoUmNZ again. ^AP,2017-11-06 11:33:13+00:00,2017-11-06 12:01:00+00:00,95,121
1731598,1731597,1731600,@AmazonHelp Je trouve déplorable que de plus en plus d'articles soient inaccessibles pour les clients non prime. Autant commander à la concurrence... https://t.co/NJRXC8vVUE,"@523174 Bjr, certes certains articles sont réservés exclusivement aux membres Prime, mais je vous assure qu'il ne s'agit pas 1/2",2017-10-17 21:11:58+00:00,2017-10-17 21:25:00+00:00,173,128
644873,644871,644870,"@AmazonHelp Hab gerade gesehen, dass es bei Büchern, dass jetzt endlich gibt. Wollte fragen seit wann?",@273055 Das kann ich dir leider nicht beantworten. Auf unserer Webseite werden regelmäßig zahlreiche Änderungen vorgenommen. Gruß ^MI,2017-11-22 17:58:28+00:00,2017-11-22 18:04:31+00:00,102,133
1311532,1311527,1311529,@AmazonHelp Still awaiting revert!!,"@426475 As you have filled the details, you will receive an email correspondence here: https://t.co/UzOeTZyrYU ^RW",2017-10-30 05:38:46+00:00,2017-10-30 05:48:28+00:00,35,114
77631,77630,77632,"@AmazonHelp J'espere oui 😅
Merci 👌",@133294 😄😄,2017-11-30 12:01:28+00:00,2017-11-30 12:30:34+00:00,34,10
2135539,2135536,2135535,@AmazonHelp @115821  This item purchased in US from https://t.co/R51XAeDkb5.,"@628279 Oh, I see. We can look further into it with you via the link ^OS provided. ^WJ",2017-11-08 17:52:46+00:00,2017-11-08 18:01:01+00:00,76,86
382911,382896,382899,"@AmazonHelp Sincerely waiting pst 96hrs to get delivry,no updates on web app email sms twitterPathetic service u seem to enjng fesitivl n custmr suffers",@206736 I'm sorry you've not received the order yet. You should've received a correspondence from our team 1/2 ^AP,2017-10-22 06:39:08+00:00,2017-10-22 06:58:06+00:00,152,114
2852202,2852200,2852199,@AmazonHelp J'viens d'envoyer a votre support :),@792996 Entendu :),2017-11-27 19:50:59+00:00,2017-11-27 20:00:50+00:00,48,18
460038,460037,460041,@AmazonHelp I just wish it was spelled out better when I ordered.  It's the second issue I've had this week and it's a little frustrating.,@224311 I'm sorry for the trouble! I understand your frustration.  Was your shipping e-mail confirmation updated? You can check here: https://t.co/Y5jpI9gRhE ^MO Please let us know.,2017-12-01 01:48:34+00:00,2017-12-01 02:03:00+00:00,138,181
2273182,2273184,2273185,@AmazonHelp なんかすみません！！楽しみにしてます😁いつもありがとうございます！,"@661253 とんでもないことです！
こちらこそ、いつもAmazonをご愛顧いただき、ありがとうございます✨ これからもどうか末永くよろしくお願いいたします🙇✨ RI",2017-11-11 13:53:41+00:00,2017-11-11 13:58:30+00:00,45,84
2721664,2721666,2721667,@AmazonHelp Thanks !! For Helping,@763617 You're welcome! :-) Do keep us posted for any further concern. ^PR,2017-11-20 12:43:11+00:00,2017-11-20 12:46:00+00:00,33,74
2385487,2385485,2385484,@AmazonHelp あ！わざわざありがとうございますっ🙇‍♀️,@687526 とんでもないです。ご確認いただいて、ご不明な点などございましたら、お知らせくださいね。ET,2017-10-20 09:31:38+00:00,2017-10-20 09:35:01+00:00,33,53
304031,304030,304029,@AmazonHelp Is there a UK customer helpline I can call? Thank you,@188456 I'm sorry for the trouble! Please use this link: https://t.co/zYVX1Qi29G or at 08081453760. ^EZ,2017-10-06 22:31:13+00:00,2017-10-06 22:35:36+00:00,65,103
2418699,2418698,2418700,@AmazonHelp I have already reported to them many times. There is no reply. Can you people tell why amazon agents don’t provide acknowledgment slips?,@442054 I'm sorry about the situation. Kindly share your details here: https://t.co/GIJyeYqKE0 and I'll look into this. ^SG,2017-10-29 12:00:04+00:00,2017-10-29 12:14:26+00:00,148,123
2205251,2205247,2205246,"@AmazonHelp C10046347293
J'ai reçu un mail de confirmation a l'expédition mais aucun pour confirmer la réception du colis",@644797 Je remonte cela de suite au service concerné. Je vous invite à contacter notre SAV via ce lien : https://t.co/qzuu0dgDXz afin de vous proposer la solution apporpriée. ^MH,2017-11-09 22:53:48+00:00,2017-11-09 23:00:01+00:00,121,178
707885,707889,707890,"@AmazonHelp i followed the instructions on that link, when i went to the seller it just automatically pulled up the search was it amazon not third party https://t.co/yL0sx0eVOn","@289228 From your order history, you should see the option ""Get help with order."" This will allow you to contact the seller. ^KH https://t.co/BnAezQtY0j",2017-10-10 20:39:12+00:00,2017-10-10 20:45:00+00:00,176,152
2929571,2929570,2929572,"@AmazonHelp Il est indiqué 4-5 novembre, mais au passage de la commande on m'indique aussi livraison en 2/3 jours alors qu'en réalité il en faudra 6... forcement si l'expédition 
tarde !",@810430 S'agit-il d'un article expédié par un vendeur tiers ? ^SN,2017-11-29 07:14:06+00:00,2017-11-29 07:19:00+00:00,186,65
1557690,1602389,1602390,@AmazonHelp Depuis jeudi il est en cours de livraison... j’ai contacter le service clients et ils vont me recontacter mardi 😞 https://t.co/VhEwpkEydL,@481484 J’espère que tout rentrera dans l'ordre le plus rapidement possible ^SN,2017-11-05 14:16:06+00:00,2017-11-05 14:34:29+00:00,149,79
2946852,2946851,2946853,"@AmazonHelp It says it arrived 8 days ago. 😔
The address on all three of my packages is correct. I think it's safe to say my mailman gave all of my Christmas presents to some other people. All week.","@813928 Ugh, hate to hear that! Have you already talked to our customer support team to see what our next steps are? We want to get you your packages! ^DY",2017-11-29 18:09:50+00:00,2017-11-29 18:16:40+00:00,198,154
289601,291334,291335,"@AmazonHelp I did it in the app when I saw it was damaged, asked for replacement but unsure as to when I'll get one?","@185012 Thanks for confirming, Christopher! Let's check on the status of your replacement here: https://t.co/aaDyEz1VgE ^FD",2017-10-06 16:56:05+00:00,2017-10-06 17:03:01+00:00,116,123
412303,412302,412304,@AmazonHelp I've tried all of the above already. Still doesn't work.,@213376 We'd like to look into this some more with you. Please reach us by phone or chat via this link here: https://t.co/hApLpM3Ejd ^DW,2017-10-10 01:01:55+00:00,2017-10-10 01:28:00+00:00,68,136
272184,272183,272185,"@AmazonHelp Bloquean mi cuenta,se les manda la info Multiples llamadas a soporte y 3 dias despues me Mandan un correo pidiendo lo mismo.Pesimo servicio",@180960 2/2 investigación entrará en contacto contigo vía email tan pronto como tengan una actualización de tu caso. ^VM,2017-10-06 03:35:47+00:00,2017-10-06 03:48:29+00:00,151,120
1716701,1716700,1716702,@AmazonHelp That's about titles in Prime video though. I need to know if I can watch purchased titles abroad.,@179936 You can download titles for offline playback while traveling. For more info: https://t.co/D3V1vdegIe ^NN,2017-11-07 00:21:19+00:00,2017-11-07 00:35:29+00:00,109,112
485422,485420,485419,@AmazonHelp @130687 Gracias muchachos. Vosotros no me falláis nunca pero SEUR falla más que una escopeta de feria.,@230486 Es un placer ayudarte. Estaremos pendientes del caso. ^ES,2017-12-01 15:04:05+00:00,2017-12-01 15:08:58+00:00,114,65
218097,218096,218098,@AmazonHelp No. All of the reply’s I’ve read have all said that nothing would be done from amazon of the people that contacted. Very disheartening,"@167997 I understand your concern. We'd like to look into this, I hope you'll give us a chance to investigate: https://t.co/CYqkdUakWJ  ^GM",2017-10-05 03:26:40+00:00,2017-10-05 04:36:00+00:00,146,139
2761258,2761255,2761256,"@AmazonHelp Ok, merci, bonne journée.",@772566 Excellente journée à vous aussi. ^ARC,2017-11-21 06:44:53+00:00,2017-11-21 06:48:28+00:00,37,45
972641,972621,972625,"@AmazonHelp Not only am I not getting my Air Purifier on Sunday (when I needed it), I now have this crap to deal with. Thanks for that, BTW.",@350706 A bank won't tell us why a card has declined. Have you tried another card? ^PK,2017-10-14 06:49:06+00:00,2017-10-14 06:57:00+00:00,140,86
77617,77613,77612,"@AmazonHelp There are just few people  who act like a robot.. If I suffer, I can claim compensation..

You just updated its delivered for creating your Database perfect..

and I have to wait for 5 more days.

Now, world will see, what you doing.

@115851 @115821 @115850","@133290 I understand your disappointment, please share your details through the link provided to you earlier so we can help you accordingly. ^MD",2017-11-29 13:26:54+00:00,2017-11-29 13:59:00+00:00,270,144
665208,665241,665242,"Listen @AmazonHelp, your reply in email was pointless! 
Filing a CASE against #Amazon #AmazonIndia #fail #AmazonFail",@278535 Please reply back to the email you received from our specialist team with the concern and we will assist accordingly. ^HR,2017-10-31 08:03:58+00:00,2017-10-31 08:37:52+00:00,116,129
1601019,1601017,1601016,"@AmazonHelp Ok je viens de voir le truc, visitez la même page avec un compte authentifié je pense que vous avez un petit bug :).",@491535 Entendu :) Nous allons vérifier cela. Merci énormément de votre commentaire Jordan.  ^SA,2017-10-17 09:34:39+00:00,2017-10-17 09:46:25+00:00,128,96
368753,368750,368751,"@AmazonHelp Perfeito, vou tentar e qqr coisa volto a entrar em contato. Obrigada!","@203360 De nada, Diny! Por favor, nos mantenha informados. (: ^CR",2017-10-08 22:01:06+00:00,2017-10-08 22:10:00+00:00,81,65
355324,355321,355323,"@AmazonHelp Thanks, I sent an email.",@200426 Thank you. You can expect a reply shortly. ^MG,2017-10-08 16:59:21+00:00,2017-10-08 17:03:56+00:00,36,54
156704,156699,156697,"@AmazonHelp Já excluí todos os cartões da conta e cadastrei dnv sem problema algum

Só o da elo q diz estar errado","@151990 Neste caso, sugiro para você entrar em contato com o nosso SAC para mais informações, acessando o seguinte link: https://t.co/qGpkDwGRhX. ^NB",2017-11-24 17:31:22+00:00,2017-11-24 17:39:00+00:00,114,149
1410357,2033183,2033184,@AmazonHelp #amazonindia sorry sir. i fedup by filling forms. better you fill form on my behalf. as nobody listens there. i will only spoil your image at public platform untill you responds to my problem and provide solution. this is first phase. on next i will tag news agency for help.,@447822 Request you to wait. 2/2 ^NK,2017-11-08 12:28:43+00:00,2017-11-08 12:38:47+00:00,287,36
1332706,1332701,1332703,@AmazonHelp Please share the email address where I can forward the details.,@430892 Kindly write to us via https://t.co/vlvfJr4nN9 we'll get this sorted. ^SG,2017-10-27 15:24:16+00:00,2017-10-27 15:34:00+00:00,75,81
2718514,2718519,2718520,"@AmazonHelp Hope you are aware about Consumer goods act , 2006.
@118341 Global brand is not following Indian standard.","@762941 of the product delivered is different from the M.R.P. given on the website due to various reasons including time lag in updating prices post changes in M.R.P., product belonging to different M.R.P.s being used by manufacturers in different regions. (2/2) ^SD",2017-11-20 20:58:45+00:00,2017-11-20 21:15:00+00:00,118,266
75849,75848,75850,"@AmazonHelp I did, nobody looked into yet! @115851 @115850 @AmazonHelp","@132982 If you've shared the required details on the link provided earlier you must've received a correspondence from us, here: https://t.co/NTkrxpsbHJ. Feel free to revert on it for any concerns. ^YP",2017-12-02 13:27:29+00:00,2017-12-02 13:37:29+00:00,70,200
657897,657899,657900,@AmazonHelp nose como hacer eso 😖@AmazonHelp,@276618 Por favor accesa el siguiente enlace con la información de contacto de las compañías de transporte jaume: https://t.co/NxY9OQanmE   ^JJ,2017-11-22 23:58:18+00:00,2017-11-23 00:05:24+00:00,44,143
2102461,2102446,2102448,@AmazonHelp I live in rural Alabama. And was told tonight by CS that the item is out of stock and they don’t know when it will return.,"@620867 Since the item is out of stock, were we able to offer any other options for you? ^CL",2017-10-19 04:14:27+00:00,2017-10-19 04:19:30+00:00,134,92
2398206,2398205,2398207,@AmazonHelp  https://t.co/9oW2ZqTXfV,@690192 J'en suis sincèrement navré. Le mieux serait de contacter notre SAV afin qu'un suivi puisse être fait auprès du transporteur. ^ARC,2017-11-14 13:43:45+00:00,2017-11-14 13:54:27+00:00,36,138
2558578,2628802,2628803,"@AmazonHelp Ja, danke der Nachfrage. Der unbekannte Nachbar war so freundlich und ehrlich es  heute in der Früh auszuhändigen.",@726337 Dann auf jeden Fall ein Hoch auf deinen netten Nachbarn :) ^AN,2017-11-17 17:42:22+00:00,2017-11-17 17:46:28+00:00,126,70
2724477,2724476,2724482,"@AmazonHelp As on you tube &amp; the internet the item I bought last December is now known to be fake sold by a 3rd party,as a company you should make sure no fake item s are sold,so I want a genuine replacement ASAP &amp; was promised call backs but still haven’t received any",@740597 Was this item purchased via a 3rd party seller on Amazon? If so have you emailed them to report this? ^SM,2017-11-20 12:28:05+00:00,2017-11-20 12:39:00+00:00,277,113
2971886,2971885,2971887,@AmazonHelp It’s supposed to be delivered by UPS.  🤷🏼‍♀️,"@132894 Thanks for this info. Without giving account specific details, was this shipped by Amazon or a Third-Party Seller? Also, did you have two different tracking numbers for these or were they on the same order? You can find that here: https://t.co/Y5jpI9gRhE ^HS",2017-11-30 01:36:59+00:00,2017-11-30 01:41:30+00:00,56,266
680353,680355,680356,"@AmazonHelp Je vous le signalerai sans fautes ! 
Bien du courage à vos employés partout qui aide à rendre la livraison toujours plus rapide !",@282334 🙂 Je vous remercie.,2017-11-25 07:52:33+00:00,2017-11-25 08:09:26+00:00,141,27
1320554,1320553,1320555,@AmazonHelp Leider bei allen (Prime und Geliehen),@375280 Hast du dich denn schon bei unseren Spezialisten gemeldet? Diese erreichst du hier: https://t.co/gVFWpjj4Ms ^SK,2017-10-16 12:39:13+00:00,2017-10-16 12:42:29+00:00,49,119
2349463,2349461,2349460,@AmazonHelp Voilà une nouvelle qui va ravir des gens,@140863 Avec plaisir 😀. ^BR,2017-11-13 17:19:18+00:00,2017-11-13 17:27:51+00:00,52,27
2600826,2600822,2600823,@AmazonHelp C'est fait. Encore ce fabuleux formulaire 😊,@736188 Merci,2017-11-17 08:11:51+00:00,2017-11-17 08:13:27+00:00,55,13
606202,606200,606198,"@AmazonHelp I found 2 of my items in a local shop! money is refunded, I didn't see the refund yet but I didn't get my presents! you are missing the point of ""buying via amazon prime""! you are losing the ""ball"" in this game, like ebay did! someone will replace you, too!",@176629 I'm glad to hear you managed to locate 2 of the orders. Have you contacted us about the other issues you have experienced? ^MI,2017-11-22 11:03:51+00:00,2017-11-22 11:09:55+00:00,269,134
142128,142127,142129,"@AmazonHelp Vuestros chicos se están encargando de ello fantásticamente, gracias. Es sólo que los de @80 nos ayudan poco a vosotros y a mí. Tengo un pedido que ellos os dicen que me han entregado y no es así, pero entre vosotros y yo estamos lidiando con ello. Gracias por vuestra atención.","@148074 De acuerdo, no dudes en contactarnos si tuvieras alguna duda. Por favor mantennos al tanto de tu pedido. ^KA",2017-11-24 12:56:36+00:00,2017-11-24 13:22:12+00:00,290,116
126803,126805,126806,"@AmazonHelp não, só não apareceu a página de login para fazer o pagamento","@144463 Débora, neste caso sugiro entrar em contato com o nosso SAC, acessando o seguinte link: https://t.co/qGpkDwGRhX. ^NB",2017-11-24 03:47:33+00:00,2017-11-24 03:50:30+00:00,73,124
608050,608052,608053,@AmazonHelp The link you provided yesterday. https://t.co/ND0u0dYW63,"@150006 Hey, Chris! I can see that we responded to this contact via e-mail on Tuesday, November 21, 2017. As you've stated you did not receive the item, you should not be required to return it. Please let us know if there are any additional concerns we could assist with! ^SD",2017-11-22 12:36:50+00:00,2017-11-22 12:54:00+00:00,68,275
942512,942511,942513,"@AmazonHelp Vou tentar, mas da última vez que precisei usar o sac de vcs, não recebi resposta até agora...",@343434 Sempre que precisar da gente por favor não hesite em nos contatar de novo ignatia! Um feliz final de semana para você! ^JJ,2017-10-14 00:18:50+00:00,2017-10-14 02:47:00+00:00,106,130
2261672,2261671,2261673,"@AmazonHelp Non aucune trace de livraison, livraison en cours... À priori @120534 à très mauvaise réputation.","@576818 N'ayant pas accès à votre compte sur Twitter, merci de contacter notre SAV via le lien suivant : https://t.co/qzuu0dgDXz  ^MD",2017-10-19 18:16:18+00:00,2017-10-19 18:22:01+00:00,109,133
2069779,2069783,2069784,@AmazonHelp Mrs has spent two entire evenings &amp; nearly FIVE hours on phone with @118197 tech support. We're done. DONE. It's YOUR seller. Make it happen.,@296934 Have you advised the seller that you contacted Dell already? ^PK,2017-10-19 10:44:17+00:00,2017-10-19 10:49:50+00:00,157,72
2664091,2664085,2664083,@AmazonHelp Sheared the details yesterday. Still no response. What to say ???,@723291 If you've filled in your details you should have received an email correspondence from our team. Kindly check the same. ^MM,2017-10-31 07:47:09+00:00,2017-10-31 08:02:57+00:00,77,131
973138,973134,973136,@AmazonHelp The order has been not shipped yet. But at least i've got an ETA of Oct 24rd - Nov 7th. Btw it's amazon.de,@350795 We don't have it in stock yet. But estimate new stock within the next 2 to 4 weeks. ^AN,2017-10-22 15:32:08+00:00,2017-10-22 15:37:47+00:00,118,95
1717565,1717563,1717566,"@AmazonHelp Says date is pending, but when I used chat with customer care it says Dec 8th",@332329 I'm sorry the delivery date is unavailable! Please keep an eye out for an update as we get closer to the release date. ^JN,2017-10-28 23:25:43+00:00,2017-10-28 23:35:00+00:00,89,130
1222594,1222589,1222592,"@AmazonHelp No, por eso mismo me preocupa. Mañana debería ser enviado para llegar el viernes, pero todavía no hay información sobre el transportista.","@406882 (2/2) sea enviado, recibirás más detalles sobre el transportista encargado. ^LG",2017-10-25 16:17:16+00:00,2017-10-25 16:26:51+00:00,149,87
1560615,1560614,1560616,@AmazonHelp Pourquoi inscrire sur votre site que je serai livrer en temps et en heure alors que déjà pour Infinité Warfare c’était la même galère ?,@133857 Je vous réitère mes excuses pour cela. Comme expliqué précédemment vous aurez un email dès que votre commende est expédiée. ^ARC,2017-11-04 08:46:55+00:00,2017-11-04 09:07:26+00:00,147,136
2132814,2132812,2132810,@AmazonHelp Thanks yeah the delivery date has passed,"@627578 We'd like to look into this further. When you have time, please contact us by phone or chat here: https://t.co/qy3J24VGxb ^AC",2017-11-08 20:15:19+00:00,2017-11-08 20:21:32+00:00,52,133
2922617,2922616,2922618,"@AmazonHelp No, not yet. I was just wondering if there were a reason it was taking so long to ship.","@808809 I understand your concern, Megan! Please let us know if we miss the delivery date provided! ^VB",2017-11-29 02:34:17+00:00,2017-11-29 02:41:27+00:00,99,103
163560,163557,163555,"@AmazonHelp that's what i tried to do, i use my passport but it ask for more numbers than my european passport has! Isn't there a direct support contact i can speak to, to solve this issue?",@153830 You can get in touch with my colleagues from our customer service via this link: https://t.co/ohyvGrpvrY They are pleased to assist you. :) ^SI,2017-11-24 19:25:06+00:00,2017-11-24 19:35:00+00:00,189,151
2465140,2465139,2465142,@AmazonHelp Por fortuna no ha sufrido daño alguno... pero encontrarmelo en el buzon... podria haber acabado en cualquier otro sitio.,"@705461 Entiendo, te reitero nuestras disculpas por esta situación, en este caso te recomiendo que puedas realizar el reporte con nuestro departamento de Servicio al Cliente, puedes ingresar al siguiente enlace: https://t.co/HEGyG95r3g ^KA",2017-11-15 12:41:28+00:00,2017-11-15 12:55:36+00:00,132,239
2710877,2710863,2710862,@AmazonHelp I now I hope today morning I got a call from you guys . Who should be senior.,"@743843 I get your concern. For any further assistance, please reply to correspondence we've sent to your registered email id. We'll be glad to assist you. ^SV",2017-11-18 21:29:14+00:00,2017-11-18 21:47:34+00:00,89,159
957569,957565,957564,"@AmazonHelp @AmazonHelp Sent my reply,refund my money asap.",@347203 We have received your details. We would work on it and respond to you at the earliest. ^SB,2017-10-20 07:33:33+00:00,2017-10-20 07:57:57+00:00,59,98
1073731,1073744,1073745,@AmazonHelp There is no update. It seems amazon is a biggest cheat company.. its a fraud company ...,"@371737 If you're unable to find any update from Social Media team, please fill in the form again here: https://t.co/GIJyeYqKE0. ^VN",2017-10-25 15:54:14+00:00,2017-10-25 16:19:59+00:00,100,132
467392,467384,467386,"@AmazonHelp As per your commitment you should have updated me within 48 hours, but now its been 72 hours and no update besides you are asking me for details.

PS you should work from home, I mean you can sleep at home too.😂","@226258 I'm sorry about the stretch, Kishan. However, please be advised that our team is working on your concern and shall get back to you as soon as possible with an update. ^SF",2017-12-01 05:55:30+00:00,2017-12-01 06:10:29+00:00,223,178
77406,77431,77433,"@AmazonHelp I reply two time this email ,
As usual there is no response @115850 
#UNINSTALLAMAZON","@133250 I'm sorry, Twitter being a public platform we do not have access to your order details. The resolution provided over the email is the best we can offer. For further insight please wait for an update. Thank you for understanding. ^SI",2017-12-01 07:01:11+00:00,2017-12-01 07:05:28+00:00,97,240
2889250,2889249,2889251,@AmazonHelp I was charged for a video game gift card that I did not purchase after my account was hacked.,"@231115 I'm sorry to hear about this unauthorized charge, Gina! Have you been able to get through to our customer service? If you have, what was advised by our agent regarding the charge? ^TH",2017-11-28 14:12:02+00:00,2017-11-28 14:19:28+00:00,105,191
2969454,2969448,2969447,"@AmazonHelp HAHAHWHSHAHQHHW vcs são o melhor suporte online, sério hshshahqhshsh",@819078 Sua felicidade é nossa felicidade Alessandra! ^JJ https://t.co/3MHBgoVadT,2017-11-30 00:19:22+00:00,2017-11-30 00:23:01+00:00,80,81
346232,346236,346238,@AmazonHelp I have shared my details with customer service on phn and it was told i'll get a msg of dlvry in the mrng on 9th oct. But still no result,"@198407 I'm sorry for the trail, did you happen to receive any correspondence from our team regarding this delay? 1/2 ^MJ",2017-10-09 05:28:58+00:00,2017-10-09 06:14:30+00:00,149,121
176402,176387,176385,"@AmazonHelp As I checked,my account has been signed out on all devices,but I still can’t login and keep getting the ‘password is not correct’ message.",@157501 Thanks for the information. Have you received an e-mail from our Account Specialists regarding the status of your account? Please be sure to check your spam/junk folders as they may be routed there sometimes. ^GG,2017-11-25 00:34:51+00:00,2017-11-25 00:39:28+00:00,150,220
1905480,1905523,1905525,@AmazonHelp Call me now +918884963995,@567805 You can reach out to us here: https://t.co/vlvfJr4nN9 and get a call back Pavan. ^HN,2017-10-18 14:15:12+00:00,2017-10-18 15:12:00+00:00,37,92
2766250,2766247,2766248,"@AmazonHelp I presume so - does this mean you wash your hands of any assistance here, even though the delivery time wasn't clear on your website?","@773624 No, not at all! We're here to help! We aim to meet the delivery date given in checkout/confirmation e-mail. If you have questions for the seller, you can find info  for contacting here: https://t.co/8k0BHkncsI You can also contact us here: https://t.co/JzP7hlA23B ^DY",2017-11-21 11:03:15+00:00,2017-11-21 12:05:50+00:00,145,275
136847,136845,136844,@AmazonHelp I was supposed to get my shipment ordered through prime today. The number you gave was invalid and i couldn't reach the agent in the 15 times I've called. The delivery hasnt happened finally,@146867 I'm sorry to hear about delay in the delivery. Please reach out to our support team here: https://t.co/vlvfJr4nN9 and we'll help you with your concern. ^HS,2017-11-23 17:00:01+00:00,2017-11-23 17:30:31+00:00,202,163
152060,152058,152057,"@AmazonHelp Ok thanks, so I think I'll order both sizes then in case the small is too small. Presume then it will be ok to return the one that's not best?",@150746 Always check the seller's return policies for the most accurate information on returning the item. ^FR,2017-11-24 15:58:30+00:00,2017-11-24 16:04:00+00:00,154,110
1311424,1311420,1311418,@AmazonHelp Just says that it shipped from the Amazon facility on Tuesday and nothing else 😥 any suggestions?,"@426443 I am very sorry to hear this Angie, can I ask for you to contact our customer service team through the following link please: https://t.co/hApLpMlfHN. Thanks. ^GA",2017-11-10 14:42:10+00:00,2017-11-10 15:01:29+00:00,109,170
2544981,2544980,2544982,@AmazonHelp I called and was told it should arrive by 9pm but still no luck 😭 https://t.co/ILjmTBsYi6,"@481554 Most late packages arrive the next day. If not received by then, please give us another chance to look into available options with you via phone or chat. ^CS",2017-11-26 21:00:29+00:00,2017-11-26 21:08:27+00:00,101,165
281338,281355,281356,@AmazonHelp The update that u're talking about is of yesterday. Wht do you want me to do? Spoil my day waiting for ur goddamn agent whose number is off,@183036 end of the day and I'm positive your order will be delivered. 2/2 ^SH,2017-10-07 05:44:21+00:00,2017-10-07 06:12:29+00:00,151,77
2539008,2539011,2539012,"@AmazonHelp Now you have all the details to trace the issue. What else you needed from my side??

Kindly do the need at earliest as I am suffering from last 2 months.","@722090 Once we receive your details, we will get back with an update soon. Appreciate your patience. ^BS",2017-11-16 10:18:57+00:00,2017-11-16 10:28:49+00:00,166,105
2126226,2126225,2126227,"@AmazonHelp Naja, nachdem das Paket ja bereits bei Hermes liegt, vermute ich das Problem eher dort als bei euch. :) Aber einen Versuch ists wert ...","@626122 Wir haben die Möglichkeit, deine Lieferung weiter nachzuverfolgen oder ggf. mit Hermes in Kontakt zu treten. :) ^TA",2017-10-19 07:15:15+00:00,2017-10-19 07:18:04+00:00,148,123
2881913,2881907,2881905,@AmazonHelp Thanks. Didn't see it anywhere under My Account. will just bookmark it I suppose. Thanks,@799632 You're very welcome. You have a lovely day:)^GA,2017-11-28 09:35:11+00:00,2017-11-28 09:36:24+00:00,100,55
2457849,2457853,2457855,"@AmazonHelp Hi dude, texts are in German, log in website is https://t.co/LbxII2o2k3. If I change .com to .de, nothing happens. https://t.co/udc19wZti1","@703967 Hallo, hast du dich schon im Kundenservice gemeldet? Konnten die Kollegen weiterhelfen? Gruß ^TA",2017-11-16 09:51:30+00:00,2017-11-17 10:06:00+00:00,150,104
1889423,1889438,1889439,@AmazonHelp Thank you but please deliver it on or before 20 as that day is my mother's birthday,"@563465 Saurabh, I get the urgency. As mentioned earlier, we ship the items to meet the estimates. Appreciate your understanding. ^MS",2017-10-18 11:59:25+00:00,2017-10-18 12:08:38+00:00,95,133
2477443,2477442,2477444,@AmazonHelp Yes I have provided all details...i have done everything from my part... Why is Amazon being so helpless and hopeless at the same time..?,@685624 We have sent a correspondence to your registered email id. Request you to check and reply for further assistance. ^SB,2017-11-16 05:51:22+00:00,2017-11-16 05:58:24+00:00,149,125
321175,321177,321178,"@AmazonHelp Jap, genau😸 ich merke schon, ihr lasst euch nicht darauf ein. Dann muss ich Frauchen doch weiter umgarnen, damit sie regelmäßig bestellt.😺😼 https://t.co/qD3jKjsmuL","@192515 Aus eigener Erfahrung weiß ich, dass ihr wisst, wie ihr uns Menschen überzeugt! 😻 ^MI",2017-10-07 13:18:37+00:00,2017-10-07 13:39:30+00:00,175,93
500870,500848,500847,@AmazonHelp Finally got the refund I have been asking after for months. Amazon customer services have been disgusting throughout and completely unhelpful. By stealing from me they have also incurred interest on my credit card which I am yet to see paid back. Your move Amazon...,@234636 Sorry to hear Luke. What was the charge in relation to? Please do not post any personal / personal info here. ^TP,2017-11-25 13:36:10+00:00,2017-11-25 13:44:53+00:00,278,121
1203382,1203385,1203387,@AmazonHelp Only that it shows delivered and I'm out of luck,@402702 We want to escalate this further. Please send us the order details here: https://t.co/FSmSuiFdic ^BH,2017-10-15 23:07:48+00:00,2017-10-15 23:15:26+00:00,60,108
343034,343032,343031,"@AmazonHelp Mein Handy = nicht telefonieren da mikrofon kaputt.
E-Mail = zu schwer das dann zu beschreiben da es mal wieder das gleiche ist.","@197664 Hast du vielleicht die Möglichkeit ein Festnetz zu benutzen? Wenn nicht, kannst du dich in deiner E-Mail gerne auf das letzte Problem beziehen, die Kollegen können die Historie einsehen. ^SI",2017-11-19 18:17:15+00:00,2017-11-19 18:23:00+00:00,140,198
26920,26914,26912,@AmazonHelp Just now! I gave you the benefit of the doubt but I have now cancelled the order.,"@121893 Hi, what info did we give about the dispatch issue? Were any options provided? ^TS",2017-11-01 09:54:00+00:00,2017-11-01 10:05:35+00:00,93,90
321128,321127,321129,"@AmazonHelp Yes, I have checked. I am now seriously worried about my account as I have no access to it at all.",@192509 Please reach out to us here: https://t.co/zYVX1Qi29G (No login required) and we can take a look into this. ^PK,2017-10-07 12:59:43+00:00,2017-10-07 13:16:46+00:00,110,118
2279451,2279450,2279452,@AmazonHelp We had access to each other’s wish lists but they’ve disappeared. If we exchange links we can still see them via link but next time it’s not visible again on the list of wish lists. Search doesn’t bring them up either.,"@260116 Hey Jaana, let's try the steps given on our Help pages here: https://t.co/icfsFmLQn3 Please let us know how it works out! ^PF",2017-11-11 19:49:06+00:00,2017-11-11 20:23:00+00:00,230,133
779881,779867,779865,"@AmazonHelp Yes. Got this reply: Your message has been sent. We will contact you within 12 business hours, 7 days a week 10:00 to 19:00 IST. Wait more?",@306221 We have got your details and working towards it. We'll ensure to close the issue at the earliest. ^CB,2017-10-12 12:26:06+00:00,2017-10-12 12:30:00+00:00,151,109
2775892,2775891,2775893,@AmazonHelp Shared the details as requested.,"@775643 Thank you for confirming. If you've shared your details, we'll reach out to you soon. Keep an eye on your mailbox. ^AS",2017-11-21 15:23:10+00:00,2017-11-21 15:51:30+00:00,44,126
382784,382774,382775,@AmazonHelp Do you know how long to get back to me? I have still heard nothing. Thanks.,"@206722 Just to clarify, no one has called you back after your request for a call back? ^JF",2017-10-21 15:45:32+00:00,2017-10-21 16:30:42+00:00,87,91
2682654,2682658,2682659,"@AmazonHelp I'm expecting a reply within one hour because you are making fool of mine from last one week...
Your executive kaushal, vishal

Your manager Mr. Vikas told me yesterday that will get my product by today morning

Your other Mnager Jaya informed that they can't do anythng before 20","@754624 I get your concern. Sorry for all the hassle. As mentioned, we'll work on the issue and get in touch with you at the earliest. ^RI",2017-11-18 13:18:27+00:00,2017-11-18 13:35:25+00:00,292,138
155228,155226,155225,@AmazonHelp So it’s not a promise fulfilled by amazon but by the supplier? That seems a bit false advertising. I’ll accept it tho,"@151599 Hi, was the item your ordered sold by Amazon or was it sold by a seller? ^BZ",2017-11-23 09:14:22+00:00,2017-11-23 09:36:31+00:00,129,84
1718118,1718115,1718119,"@AmazonHelp Spoke to ur custmr srvc team on ph nd sent mny emails,dey cant prvd even Ref# or SR# or intrction id for that call, Spoke 2 guy named Mitesh",@520225 Sorry for the experience. Kindly share your details here: https://t.co/beaaDm0muc and we'll have this checked. ^GK,2017-10-18 08:46:11+00:00,2017-10-18 09:14:56+00:00,152,122
260809,260807,260810,@AmazonHelp It's not a quiet area. It's ridiculous that I got home my parcel is soaking wet and there was bloody slugs on it. # epicfail,@178092 We'd like to take a look at this with you. Please call or chat with us here: https://t.co/JzP7hlA23B ^MH,2017-10-05 21:28:35+00:00,2017-10-05 21:31:00+00:00,136,112
1129867,1129866,1129868,"@AmazonHelp Uf... Geht da nur ein telefonischer Rückruf? Bin lieber der Schreib-Mensch, daher hab ich ja auch den Chat benutzt...","@385946 Wenn du das reinschreibst, schreiben wir dir. :) Aber telefonisch ist es einfacher. Lieben Gruß ^VM",2017-10-24 11:45:39+00:00,2017-10-24 11:48:26+00:00,129,107
1392933,1392941,1392942,"@AmazonHelp No, it’s finding where I can see who the courier is","@443968 From that link, do you have the option to view ""Order Details"" &gt; Track Package button &gt; ""Shipment details""? ^MG",2017-10-28 17:49:41+00:00,2017-10-28 18:00:01+00:00,63,125
387142,398759,398760,"@AmazonHelp I don't  understand the response which you have provided,  I want a replacement of the faulty product, which you guys have provided.",@210304 Please share your details from the link here: https://t.co/VNUITkunAc and we will assist you accordingly. (2/2)^HR,2017-10-10 10:16:46+00:00,2017-10-10 10:32:00+00:00,144,122
1067672,1067674,1067675,@AmazonHelp It's an Amazon item covered by a 2 year warranty which we are still well within.,@371958 Please give us another chance to assist you! Reach out here: https://t.co/JzP7hlA23B so we can take another look at this. ^AH,2017-10-23 15:33:18+00:00,2017-10-23 15:59:05+00:00,92,133
802285,802288,802289,"@AmazonHelp I spent extra money to get the game earlier - and I don’t believe it will, and that makes me waste money",@300928 Please let us have a look into this with you so we can go over options:  https://t.co/JzP7hlA23B ^DO,2017-10-12 17:40:22+00:00,2017-10-12 17:46:01+00:00,116,108
1313356,1313353,1313354,"@AmazonHelp Submitted, https://t.co/eybrpvoILn",@416677 Thank you for providing your details. Our team will get in touch with you soon. ^GU,2017-10-27 07:44:09+00:00,2017-10-27 08:03:24+00:00,46,91
272657,272667,272669,"@AmazonHelp If you are not able to even check the details, why you are here at twitter? Only for Tweeting?",@181097 I'm sorry we haven't received your details yet. Please share them through the link mentioned by my colleague 'HR' (1/2)^AU,2017-10-06 05:16:49+00:00,2017-10-06 05:52:26+00:00,106,130
2508012,2508014,2508017,@AmazonHelp Spoke to sagari. Explained her the problem. I need the substitute speakers today itself. Please look into this immediately.,"@715026 Sorry Sameer, I am afraid, we haven't received your details yet. Please share your details using the link provided earlier by my colleague 'VM' so that we could assist you right away.^AR",2017-11-16 05:24:37+00:00,2017-11-16 05:39:00+00:00,135,194
697919,697918,697920,"@AmazonHelp You apparently tried to deliver !
You did not! Rather you didn’t lie considering we had one delivered in the morning","@286510 Have you had a chance to contact us at the link ^EM provided? If so, did we arrange a new delivery date? ^RA",2017-10-10 19:11:57+00:00,2017-10-10 19:24:06+00:00,128,116
407057,407055,407054,@AmazonHelp You just keep taking money out my account when I cancelled my account with you,@212019 I understand the frustration! Please contact us by phone or chat so we can figure this out: https://t.co/zYVX1Qi29G ^SD,2017-10-09 21:06:41+00:00,2017-10-09 21:52:05+00:00,90,127
1380493,1380490,1380491,@AmazonHelp I don’t have a smart tv. Could you please let me know why there’s no chrome cast compatible prime video app?,"@441344 You can watch Prime Video on 2015 and 2016 smart TVs from Samsung, Sony, and LG. 1/2 ^MJ",2017-10-28 05:22:47+00:00,2017-10-28 05:26:07+00:00,120,96
2979652,2979648,2979646,@AmazonHelp They are unable to solve the problem! This is unacceptable!,"@131812 I understand you're concerned regarding the replacement. We'd like to help you, please reply to the correspondence and we will look into it. ^AH",2017-11-30 04:07:26+00:00,2017-11-30 04:14:52+00:00,71,152
372182,372181,372183,@AmazonHelp None! Poor customer service and the rep even sighed “oh my god” clearly showing his dissatisfaction with my “complaint”!,"@204174 I'm so sorry. Please give us another chance to look into things, take feedback and go over options: https://t.co/fS5QvabZuJ ^DO",2017-10-09 00:25:38+00:00,2017-10-09 00:47:45+00:00,132,135
2518036,2518035,2518037,"@AmazonHelp Sí, aún hay disponible, y el estatus es pendiente de envío, pero hoy realicé otro pedido y ese si lo cobraron hoy mismo, entonces esperaré, gracias",@717274 ¡Con gusto Javier!  ^JJ,2017-11-16 00:42:53+00:00,2017-11-16 00:45:26+00:00,159,31
1590593,1590595,1590596,@AmazonHelp They initially thought it was a product glitch that could be solved through reordering.  Turned out the dog food is suddenly “fragile”,@489036 May you link us to the item on the website? We'd like to look into this a bit more closely. ^GG,2017-11-05 00:22:33+00:00,2017-11-05 00:36:33+00:00,146,103
644721,644720,644722,@AmazonHelp I’m in Maryland and my package is in Kentucky. I was supposed to receive it today but @115817 is a shitty delivery service. Don’t know how you could help me.,"@273026 Since we're unable to access accounts on Twitter, contacting us using the link ^WB will allow us to look into available options. ^LI",2017-11-22 18:41:59+00:00,2017-11-22 18:47:36+00:00,169,140
856047,856045,856044,@AmazonHelp Yeah ive tried both. This issue is even happening on my secondary device.,@323282 Have you checked your connection? If it is happening on both devices? ^NV,2017-10-19 07:26:25+00:00,2017-10-19 07:28:27+00:00,85,81
2915860,2915856,2915855,"@AmazonHelp Com certeza vou curtir, demais.
Uma pequena obs: trabalho com logística e sei o quanto é difícil aqui no Br, mas vocês superam demais. Continuem assim! ❤️",@146889 Obrigado de novo pelo carinho Fernando! Uma excelente leitura pra você! 😃📚☕️💙 ^JJ,2017-11-28 23:23:56+00:00,2017-11-28 23:27:00+00:00,166,89
994196,994186,994188,"@AmazonHelp To contact UK associates chat, but as I pointed out, the link to uk chat goes to US chat, who advise they can't help and to contact UK chat",@178186 Are you based in the UK or the US? ^KM,2017-10-14 12:56:17+00:00,2017-10-14 13:26:00+00:00,151,46
234205,927493,927494,@AmazonHelp Is this some kind of a joke that you guys keep playing? https://t.co/FyTnIABcwP,@171760 We request to kindly contact our support team here: https://t.co/vlvfJr4nN9. We'll get it resolved. 2/2 ^KC,2017-10-22 02:19:26+00:00,2017-10-22 03:02:36+00:00,91,115
444334,444330,444329,@AmazonHelp Yes. I have done this. Kindly provide me invoice. Thank you,"@220256 Thank you for sharing your details, we'll get back to you soon. ^SU",2017-11-21 10:40:46+00:00,2017-11-21 10:46:00+00:00,71,75
1511916,1511914,1511917,@AmazonHelp This is from the app https://t.co/5PXJVEe6ET,"@470926 If after clearing the cache/cookies, it's still doing that, please contact us via phone/chat here: https://t.co/hApLpMlfHN ^AJ",2017-11-03 18:04:39+00:00,2017-11-03 18:07:34+00:00,56,134
1553854,1553850,1553851,@AmazonHelp no option for live chat.  gives phone number or email option only.,"@480675 For this situation, I recommend a phone conversation. Email tends to have longer response times. ^DA",2017-11-04 11:56:31+00:00,2017-11-04 12:01:00+00:00,78,108
1107911,1107917,1107920,@AmazonHelp wake up Amazon!!!! https://t.co/34BEeqCZYP,"@381489 Apologies for the trouble with the shipping of your order, Eijaz. (1/3) ^HD",2017-10-17 15:09:20+00:00,2017-10-17 16:20:31+00:00,54,83
842375,842365,842363,@AmazonHelp But shipping is still not free,"@320350 Most Amazon shipped items ship free, some sellers will still charge shipping. Here's more info: https://t.co/iPmY8wH3Ys ^BE",2017-10-20 13:14:10+00:00,2017-10-20 13:45:14+00:00,42,131
2291001,2291003,2291004,@AmazonHelp If there is no guts in you people to contact then why you waste our time in such kind of formalities its been 24 hrs. and no one contacted since I droped the details.,"@665440 If you've shared the details using the secured link provided, you should have received an email from our team. Please check it here: https://t.co/DTSNmGldJf . ^RI",2017-11-13 13:12:21+00:00,2017-11-13 13:53:00+00:00,178,170
317926,317932,317933,"@AmazonHelp It's been 3 weeks now, Amazon lost my products and they still haven't reimbursed me after they lost my products during delivery process.","@191865 We'd like to help sort this out, please contact us by phone or chat here: https://t.co/JzP7hlA23B ^CO",2017-10-08 14:50:51+00:00,2017-10-08 15:00:00+00:00,148,109
133789,133787,133790,@AmazonHelp She said fulfilled by Amazon prime,@146136 We would ask that you don't share personal information such as order numbers via Twitter as it is public.  Can I ask what your mum was advised when she contacted us?^TI,2017-11-24 08:35:07+00:00,2017-11-24 08:44:00+00:00,46,176
574984,575312,575314,@AmazonHelp i want a call back i reply on mail but you didn't call me what is it mean i already provided  you screen short,"@231112 Since you've already responded to our correspondence, you'd receive an update anytime soon. Appreciate your patience and understanding. ^EM",2017-12-03 08:40:03+00:00,2017-12-03 08:57:30+00:00,122,147
224754,224759,224762,@AmazonHelp How to use the chat feature?,@169701 Reach us via: https://t.co/vlvfJr4nN9 &gt; login to your amazon.in account or select Skip Signin &gt; select issue codes &gt; (1/3) ^VM,2017-10-05 07:24:00+00:00,2017-10-05 07:47:01+00:00,40,143
44499,44505,44506,@AmazonHelp Die letzte Packung ist so gut wie leer... X.x https://t.co/GFc8xWKovA,"@125875 Nein! Ich habe es fast geahnt. 😱 Vielleicht können wir, vom Amazon.de Social Media Team, dir aushelfen: https://t.co/cUDnC8mjd7 ^SI",2017-11-01 17:02:02+00:00,2017-11-01 17:18:36+00:00,81,139
930223,930211,930210,"@AmazonHelp Aún creo que son los mejores en lo que hacen y ciertamente su atención al cliente es excepcional (sencillamente me han hecho en poquísimo tiempo ""un fan"") pero si no entregan en la fecha que indican descontrolan nuestras agendas incómodamente por favor no me decepcionen. https://t.co/Crlgwm9Lgk","@221665 Hola Miguel. Te agradecemos tu comentario. 👏 Seguimos esforzándonos por ser los mejores y brindarte el servicio que mereces.
Recuerda que cualquier consulta estamos para asistirte. ^DB",2017-11-20 18:53:38+00:00,2017-11-20 20:50:45+00:00,307,192
2688783,2688782,2688784,@AmazonHelp Where? How? What option do I chose? I see nothing about individual seller accounts?,"@383783 In the interest of getting you over to the right department, in section 2, select 'More order issues,' 'Other order question or issue.' You'll then be able to freeform your inquiry and select a contact method. ^AN",2017-11-19 15:24:28+00:00,2017-11-19 15:29:27+00:00,95,221
1288881,1929380,1929382,"@AmazonHelp @137605 esto es lo que me han respondido, NADA !!!! poca vergüenza se gastan esta gente de @135806 despues de pedirme datos los doy y nada","@421448 Entiendo tu molestia, Arturo. ¿Qué opciones te brindaron en Soporte al Cliente? ¿Te indicaron una nueva fecha de entrega? ^LG",2017-10-18 21:44:46+00:00,2017-10-18 21:48:27+00:00,150,133
2418490,2418486,2418488,"@AmazonHelp Can I just cancel my order?  It’ll cost the same and faster for me to walk across the street and pick it today. When I preordered, pretty sure it said I would get the game early for pre-ordering. And you’ve already started shipping out the PS4 version.","@694895 If it hasn't shipped or prepared for shipping, you can cancel the order from that page.https://t.co/XjPMyC0Tgy ^AF",2017-11-14 18:09:40+00:00,2017-11-14 18:21:32+00:00,264,122
293343,293342,293344,"@AmazonHelp Of course, I'll definitely shop before festival of Diwali.","@185872 Woohoo! That's awesome, Nimish! Happy Shopping! ^KA",2017-10-07 02:02:20+00:00,2017-10-07 03:01:00+00:00,70,59
2265455,2265454,2265453,"@AmazonHelp No i dont need my money back .... Coz i know i ll never get my money back ... Distribute each n every penny among you people 
... Donations from a frustrated buyer...","@659448 Kindly understand we can't gain access to your account details via Twitter and help you with a resolution here, please share your details in the link provided above and we'll contact you. ^KA",2017-11-10 03:26:46+00:00,2017-11-10 03:54:29+00:00,178,199
1338697,1338695,1338698,@AmazonHelp Je remercie mon impatience pour une fois qui m’a fait acheter le jeu hier soir en dematerialisé pour en profiter desuite,"@432250 Quel est le transporteur en charge de la livraison?
^MD",2017-10-27 16:39:10+00:00,2017-10-27 16:46:32+00:00,132,63
2311455,2311465,2311466,"@AmazonHelp mh ich hab jetzt das gemacht was der Kundenservice sagte, Guthaben gekauft und Konto aufgeladen, darf nach wie vor nix bestellen... ich blick da langsam nicht mehr durch Gutschein geht nicht Bankverbindung auch nicht :/","@265712 OK, dann kannst du dich gerne direkt bei uns im Social Media Team melden. Hier der Link: https://t.co/br7bhrlJn8. Wir sehen uns das an. ^AS",2017-11-16 18:42:38+00:00,2017-11-16 18:49:00+00:00,231,147
2750406,2750404,2750403,@AmazonHelp ¡Por supuesto! Eso me hizo amarlos aún más.,"@142683 Nos alegra mucho saberlo, Oscar. 😊 Esperamos que disfrutes mucho de tu pedido. 💞 ^JQ",2017-11-20 23:06:43+00:00,2017-11-21 00:09:37+00:00,55,92
561662,561656,561657,@AmazonHelp It was amazon. AMZL US,@251434 We want to investigate this further with you. Please reach out to us using this secure link: https://t.co/Qzpl2PoJVc ^GR,2017-12-02 23:18:54+00:00,2017-12-02 23:21:25+00:00,34,128
879997,986887,986888,@AmazonHelp I done before also .. u send me link i fill all details still u guyz cant reslove the issue. I m not even getting single call from amazon,@328920 and send us the details using the link provided by 'MS' and I will look into the issue right away.(2/2)^SF,2017-10-24 10:01:48+00:00,2017-10-24 10:33:29+00:00,149,114
1980958,1980945,1980944,@AmazonHelp Help me out then. I completed your form and immediately got this email in response saying I've written to an old email address https://t.co/I4whaboA5A,@586390 I'm sorry for the trouble. Please send us more information here: https://t.co/WeUJAKOiTy Keep us posted. ^CO,2017-10-31 21:43:32+00:00,2017-10-31 21:52:29+00:00,162,116
2523359,2523355,2523353,@AmazonHelp Thank you for your quick reply! I have a first gen.,"@718604 No problem, Jess! Try these troubleshooting steps and see if that helps! https://t.co/cR4sUnoanU ^LS",2017-11-16 02:30:37+00:00,2017-11-16 02:35:00+00:00,63,108
1557227,1557229,1557230,@AmazonHelp 全てが解決しました。楽天さんで買った荷物がAmazonから発送された形になったみたいです。カスタマーサービスで配達中止をお願いしたのですがそれを撤回してもらいたく電話ご連絡しようと思いましたが繋がらずメールで報告しました。お騒がせし申し訳ありません。,"@481375 さようでございましたか。大変お手数をおかけいたしました。
カスタマーサービスからのご連絡をお待ちいただければと思います。
これからもご不明点などがございましたらご遠慮なくお知らせください。　MH",2017-11-04 14:31:32+00:00,2017-11-04 22:53:27+00:00,137,105
2397205,2397204,2397206,"@AmazonHelp No one is helping !! Have now written to @115851 in exasperation &amp; frustration #releaseourstrandedinventory We’re manufacturer, distributor &amp; copyright owners of our record label Past Perfect",@131826 I can see our Seller Support team have emailed you 16 November 2017 at 09:58. Have you received this email? You may need to check your spam/junk folder. ^MI,2017-11-16 10:50:40+00:00,2017-11-16 11:06:28+00:00,211,164
808152,808154,808156,@AmazonHelp I ordered below product and it was duplicate product as fabric@inside does not have branding. Amazon did the replacement but same issue with https://t.co/YOJAsY6ajQ,"@226965 Please don't provide your order details, we consider it personal information. Our Twitter page is visible to public. ^VN (2/2)",2017-10-12 18:42:16+00:00,2017-10-12 19:09:00+00:00,176,134
362423,362427,362428,"@AmazonHelp i have everyday for the last 5 days now. Any every CS rep is lost as to where it is, how come it has taken so long etc. unable to help","@201838 When you contacted in, did we give you a date to wait until before action could be taken?  ^KB",2017-10-08 22:59:58+00:00,2017-10-08 23:37:01+00:00,146,102
1097353,1097355,1097356,@AmazonHelp Three people have already investigated. This is one order in a long string of screw ups since your new delivery carriers. I’m done.,"@378931 Ok, really sorry about this. ^KM",2017-10-15 06:06:33+00:00,2017-10-15 06:13:00+00:00,143,40
420218,420212,420214,@AmazonHelp Ohk Any update on this?,@215174 Have you reported this to our support team using the link shared previously? ^HK,2017-10-10 06:25:58+00:00,2017-10-10 06:47:31+00:00,35,88
746036,746035,746037,"@AmazonHelp I have shared the details with your associates multiple times, kindly contact them.If you want i can share their name also here",@298346 We'll not be able to access your account over Twitter. Please share your details in the secure link above. ^HN,2017-10-11 16:32:37+00:00,2017-10-11 16:46:00+00:00,139,118
126115,126087,126088,@AmazonHelp I'm not giving any order details I'm just informing you that I can't really respond back to an email saying it'll take 2-3 business days to resolve my issue that you have been promising to resolve within 24 hours from the past 16 days now!,"@144294 I get your concern, apologize for the ordeal. Please reply back to the email and we'll get back to you at the earliest. ^PS",2017-11-26 10:57:19+00:00,2017-11-26 11:34:00+00:00,251,131
1123346,1123359,1123360,@AmazonHelp Fantastic! Another email for an order for a saree. Great job,"@384925 Sorry to know that, Pritimaya. Please revert to the email you've received from us and we'll check this out. ^MS",2017-10-27 15:16:10+00:00,2017-10-27 15:39:29+00:00,72,119
2287080,2287079,2287081,"@AmazonHelp I just got a text about a delivery attempt but I’m home, no note on door, nothing. It was belong delivered by @118706. They could’ve put it in my mailbox or at my door! Now I have to wait and I’m mad!","@144337 This is not the experience that we want you to have. So that a team member can further assist you, please click here:  https://t.co/hApLpMlfHN and allow us to help you further. ^TL",2017-11-12 02:20:01+00:00,2017-11-12 02:27:00+00:00,212,188
2758926,2758925,2758927,@AmazonHelp I got in contact with someone at amazon to say that I do not want any of my shipments to be on intel courier. I just notice that one of my shipment is being shipped with them.,@772017 I understand your frustration. Currently we don't have the ability to request specific couriers. Please keep us posted upon your current order's arrival as we want to make ensure you get it. ^GM,2017-11-21 04:28:10+00:00,2017-11-21 04:47:30+00:00,187,202
2408675,2408677,2408678,@AmazonHelp En el enlace me pide a fuerza el email para iniciar sesión lo cual es lo que quiero recuperar. Me pueden dar su número telefónico por favor,"@143739 Al no poder ingresar, puedes reportar lo que nos comentas y entrar en contacto con Servicio al Cliente aquí: https://t.co/k7r4sLbMKX. ^KS",2017-11-14 17:37:33+00:00,2017-11-14 17:39:33+00:00,151,145
1563863,1563843,1563845,@AmazonHelp How many times have you sent this link to you 4 to 5 times and repeatedly you are saying that will solve the problem or not,"@450218 Apologies for delay. However, we've not received the details yet. Please share it so that we could assist you further. ^RS",2017-10-17 07:22:37+00:00,2017-10-17 07:49:00+00:00,135,130
924456,924458,924459,"@AmazonHelp Sure has  it’s happened with ups, USPS and whatever carrier you use that drives their own car.","@203264 We'd like to look into this with you, if you'll please provide as much addt'l info as possible, here: https://t.co/kosuZJrJdC ^LB",2017-10-21 14:07:06+00:00,2017-10-21 14:11:35+00:00,106,137
330163,330162,330164,@AmazonHelp Here a screen shot https://t.co/e84eahl1Ft,"@194604 What device are you currently using? For more info about profile restrictions, please review this: https://t.co/Iwo3N2kbRQ ^WM",2017-10-07 18:44:50+00:00,2017-10-07 18:56:00+00:00,54,134
2944245,2944247,2944248,@AmazonHelp en el detalle del pedido sale Vendido por: Amazon EU S.a.r.L. entiendo que es gestionado el envío por Amazon,"@813350 Correcto Dani. Te recuerdo que puedes reportar esto con nuestros compañeros de Soporte al Cliente por medio del siguiente enlace: https://t.co/OjvUxwnzPe
^DB",2017-11-29 15:25:14+00:00,2017-11-29 15:27:29+00:00,120,165
264723,264693,264695,"@AmazonHelp we already replay day by day with new POA
but till now account is not reinstated.
please look in to matter,
we are waiting for revert.",@165815 best position to help you in this case. (3/3) ^GK,2017-10-12 06:03:20+00:00,2017-10-12 06:31:26+00:00,146,57
999153,999152,999154,"@AmazonHelp El tranportista, AM2MX, nunca se presentó en mi domicilio ni trató de contactarme.",@356584 Lamento lo ocurrido. ¿El pedido fue gestionado por Amazon o por un vendedor desde nuestro sitio? ^CR,2017-10-22 20:05:48+00:00,2017-10-22 20:10:33+00:00,94,108
934303,934300,942720,@AmazonHelp A receipt of the gift card,@341636 Was the gift card a physical gift card or an electronic gift card that was emailed to you? ^JF,2017-10-21 16:41:41+00:00,2017-10-21 16:53:36+00:00,38,102
880946,880949,880950,@AmazonHelp No action taken till now it has been more than 20 days poor response,@329181 We've sent a correspondence to your registered email ID here: https://t.co/NTkrxpsbHJ. Kindly check and reply. ^PS,2017-11-03 07:19:30+00:00,2017-11-03 07:31:00+00:00,80,122
2525403,2525400,2525402,@AmazonHelp Where is the link????🤔🤔,"@478941 Please share your details here: https://t.co/WXMSKbGBr5, we'll reach out to you soon. ^AP",2017-11-16 08:14:03+00:00,2017-11-16 08:31:01+00:00,35,97
1774531,1774522,1774524,"@AmazonHelp Do u what 'shutup' means??
Plz shutup @AmazonHelp

__email__ check ur sent box for this...
Now every now and then expect my #amazonfail twit","@507816 We've sent a correspondence, Ashish. Kindly check it through the link provided earlier. 1/2 ^AP",2017-11-08 06:51:09+00:00,2017-11-08 07:14:29+00:00,152,103
385048,385052,385053,@AmazonHelp No there was no clause of placing the order. It was supposed to be shipped by you. Here is the screenshot of the message . https://t.co/VtbG7SMgei,@207160 As mentioned earlier you need to place an order for the item you found which would be Rs.00 2/2^MS,2017-10-09 12:00:55+00:00,2017-10-09 12:33:00+00:00,158,106
616921,616917,616915,"@AmazonHelp Ok, 1 of the items is out for delivery. The other 3, as I suspected, have two diff delivery dates...a date range (22-24) &amp; arriving by tonight. On chat, the person guaranteed that all items will be delivered today. No updates on the other 3 items since yesterday.",@266377 I understand your concern! Could you please confirm the estimated delivery date originally provided in your order confirmation e-mail for these 4 items? Were they all schedule to arrive on the same day? Please keep us posted! We want to help! ^SD,2017-11-22 14:16:06+00:00,2017-11-22 14:25:31+00:00,279,254
343113,526511,526510,@AmazonHelp @241844 Ordered honor bee phone but received salt packet from amazon India https://t.co/XAF8OVsvLp,@241843 That's strange. Kindly reach out to our support team here: https://t.co/vlvfJrlYEH and we'll assist you accordingly. ^AU,2017-12-02 07:05:28+00:00,2017-12-02 07:26:01+00:00,110,128
695918,695917,695919,"@AmazonHelp Non, car je ne sais pas ce que je SAV peut faire, c'est Taxipost qui est en cause, et c'est habituel avec eux :/",@245817 Notre SAV prendra en charge votre demande et fera le nécessaire auprès de taxipost ! ^AR,2017-11-23 16:51:34+00:00,2017-11-23 16:55:31+00:00,124,96
392593,392591,392594,@AmazonHelp 2/2 y me dan diferentes versiones de lo sucedido. Quiero poner una reclamación formal. Muchas gracias,@208976 Te sugerimos contactar a Servicio al cliente (https://t.co/OjvUxwnzPe) para verificar tu caso y presentar tu reclamación. ^HC,2017-10-09 16:59:24+00:00,2017-10-09 17:20:00+00:00,113,133
2061456,2061458,2061459,@AmazonHelp muchísimas gracias 😉👌,"@609673 Claro, Ariel, con mucho gusto. Estamos aquí para ayudarte. ^VM",2017-10-29 03:38:39+00:00,2017-10-29 03:41:28+00:00,33,70
795160,795193,795195,@AmazonHelp ...simple issue. Its requested to escalate the matter to some senior personnel. U may share the email id of the apellete authrty for d same,@309587 Kindly reply to the email sent by us and we'll get in touch with you soon. ^AK,2017-10-16 07:07:47+00:00,2017-10-16 07:27:25+00:00,151,86
1119210,1119206,1119208,@AmazonHelp I have phoned and emailed each time and keep getting advised it will be raised with the carrier ...,@384073 Is it the same carrier each time Nicole? ^KM,2017-10-15 13:05:47+00:00,2017-10-15 13:10:02+00:00,111,52
1774541,1774784,1774786,@AmazonHelp I already called and no one was of any help. Said they don’t know where the driver is.,@532250 I completely understand your frustration! Which carrier was scheduled to deliver your package? ^TN,2017-11-08 04:35:39+00:00,2017-11-08 04:55:00+00:00,98,106
1072103,1072101,1072104,"@AmazonHelp 丁寧にありがとうございます！
すぐにやります！",@372991 とんでもないことでございます。どうぞよろしくお願いいたします。TN,2017-10-15 04:41:33+00:00,2017-10-15 04:42:51+00:00,35,41
13165,13144,13145,@AmazonHelp Sorry to have to say this. But you all are idiots. Once more email completely ignoring my query and giving template reply,@118701 That's unusual. Could you please revert to the email with further queries on this? I'll like to have a look into it. ^AB,2017-11-01 05:19:11+00:00,2017-11-01 05:27:00+00:00,133,128
1380624,1380626,1380627,@AmazonHelp supposed to be delivered Nov 3 12:15. always 'in transit' Now cancelled.  wary buying high ticket items from Amazon. Am a prime customer,"@441369 Sorry to hear that, were you given a reason why it was canceled?^AS",2017-11-07 08:49:15+00:00,2017-11-07 09:07:00+00:00,148,75
1157279,1157278,1157280,@AmazonHelp Done but 😐 https://t.co/Ym6cg8Zeom,@392235 That's odd. We'd like to check this. Please report this to our support team here: https://t.co/TdDksLo6Mf. ^HD,2017-10-15 18:31:22+00:00,2017-10-15 18:54:31+00:00,46,118
1461541,1461535,1461533,"@AmazonHelp Order guaranteed delivery today but hasn’t turned up, yet all of a sudden it’s now marked as delivered, which it clearly ain’t.","@459213 Yikes! That isn't the order those things normally go, Craig! Could you let us know the carrier?  https://t.co/Y5jpI9gRhE ^JD",2017-11-02 18:22:54+00:00,2017-11-02 18:25:26+00:00,139,132
328032,328037,328038,"@AmazonHelp I did check my spam folder, yes. There's no notification from Amazon about this review having been removed.",@194205 We would like to take a closer look with you here: https://t.co/hApLpMlfHN ^JZ,2017-10-08 21:41:04+00:00,2017-10-08 21:43:30+00:00,119,86
2379713,2379712,2379714,"@AmazonHelp Even though the order has been delivered a month back, the delivery status has not been updated. I am looking for the order to complete so I get the invoice copy and my cashback as it was ordered under an offer.",@686212 I understand that you want the tracking of your order to be updated. Please report this to our support team here: https://t.co/rS49hgaADF so that they can assist you with the tracking update and the steps to download your invoice as well. ^BV,2017-11-26 17:40:13+00:00,2017-11-26 17:56:17+00:00,223,250
1258200,1258199,1258201,@AmazonHelp That it’s on it’s way.,@414826 Shows as out for delivery? ^AT,2017-10-16 05:11:16+00:00,2017-10-16 05:20:30+00:00,34,38
946601,946600,946602,@AmazonHelp I updated my issue on this link but no one reply me and it's long time to raise the issue . Issue is not resolved plz help me directly,"@344469 If you have submitted details through the link, you must've received an email from  us. Please refer the same. ^HK",2017-10-22 08:03:01+00:00,2017-10-22 08:27:32+00:00,146,122
2801398,2801397,2801399,@AmazonHelp Yeah none of that really helps me. Please provide me with carrier info bc I cannot find any online...Or maybe a proof of delivery?,"@781499 You can find your tracking and carrier info in your account information under 
Your Orders here: https://t.co/Y5jpI9ys9c ^BT",2017-11-22 00:55:42+00:00,2017-11-22 01:15:52+00:00,142,132
1258551,1258561,1258563,"@AmazonHelp I've waited a month, it has become a wild goose chase",@414894 Request you to write us from the order associated account. We will not be able to offer any insight here. ^RW,2017-10-31 04:15:57+00:00,2017-10-31 04:32:27+00:00,65,117
138130,138132,138133,@AmazonHelp お返事を頂いたのですが、表示されません。この場合はどこで確認出来ますか？ https://t.co/ixAMYeHaIT,@147115 重ねてご迷惑をおかけしております。アカウントサービス＞メッセージセンターにてお送りした内容をご覧いただけます。なお、お手数ですがアカウントサービス＞情報配信サービス＞Eメールの設定よりテキスト形式に変更をお試しください。今後お送りするメールはテキスト形式となります HM,2017-11-24 12:23:25+00:00,2017-11-24 12:31:55+00:00,72,143
134855,134854,134856,@AmazonHelp I'm not sure is it UK. Here's the link: https://t.co/qwmzl3TbRN,"@146398 Hi, this item is not able to be shipped to Singapore from https://t.co/nUUp5MLhYl. Here is info on Shipping Restrictions: https://t.co/4KDQGN0T2s ^ES",2017-11-24 09:35:33+00:00,2017-11-24 09:50:31+00:00,75,157
1044264,1044258,1044260,@AmazonHelp Oh. No... how would I figure that out?,@366919 The label on the package typically displays who the carrier is. Let us know if you are able to find this! ^KJ,2017-10-14 19:29:42+00:00,2017-10-14 19:38:25+00:00,50,117
2885731,2929603,2929604,@AmazonHelp Ça ne m'aide pas vraiment,@800375 L'avez-vous signalé à notre SAV ?,2017-11-29 06:35:02+00:00,2017-11-29 06:51:29+00:00,37,41
470129,470128,470130,"@AmazonHelp you won't &amp; you know what you doing , your team is good for nothing , i paid for the service u call it prime ill reach the consumer court , u ppl r no less then frauds #NeverShopFromAmazon #amazonfraud",@226929 We can't gain access to your account details via Twitter. Please reply to the last email you've received from our team and we'll get back to you. ^KA,2017-12-01 09:03:18+00:00,2017-12-01 09:23:00+00:00,217,157
622459,622456,622455,"@AmazonHelp I paid for 1day shipping with 1 item...and i pay $99 a year for prime to get 2 day shipping eith the other items....none of which happened. Why should I bother continuing? Everytime AMZL handles my pkgs, there is a problem.",@267743 We'd like to look into this for you. Please send us your information and any additional details about the order here: https://t.co/Nqp4ro9u3u ^LI,2017-11-22 17:39:06+00:00,2017-11-22 17:45:28+00:00,235,153
2604876,2604868,2604870,@AmazonHelp Your customer service person said that your courier would ring me up to address my query. That hasn't happened. Please could you have them call me?,"@737039 Sorry for the stretch, Suhit. We'll certainly look into this and help you. Kindly share your details here: https://t.co/beaaDm0muc and we'll contact you soon. ^SY",2017-11-17 11:25:00+00:00,2017-11-17 11:44:48+00:00,159,170
663716,663715,663717,@AmazonHelp 思ってたより早くて助かりました！(*´꒳`*),@278185 またのご利用をお待ちしております。リプライありがとうございました。(◍•ᴗ•◍)  ET,2017-11-23 02:51:09+00:00,2017-11-23 03:02:32+00:00,35,52
1506309,1506307,1506306,@AmazonHelp Thanks for getting back. It is a UK acc.,@469576 Thank you for providing that information. We'd like to assist you more with this. Please contact us here: https://t.co/JzP7hlA23B via phone or chat. ^AY,2017-11-20 06:12:27+00:00,2017-11-20 06:19:00+00:00,52,160
695924,695926,695927,"@AmazonHelp Ok, danke. Eine letzte Frage noch. Bekommt Sie noch eine Mail ab wann  es gilt? Bis jetzt nur eine in der Stand, dass die Angaben geprüft werden","@286034 Der Vorgang ist abgeschlossen, wenn sie auf ""Jetzt verifizieren – kostenlos!"" klickt. Sie soll bitte einfach mal in ihrem Kundenkonto nachsehen. ^BL",2017-11-23 17:01:18+00:00,2017-11-23 17:11:24+00:00,156,156
1710808,1710807,1710809,"@AmazonHelp Not at all. They said it was out on delivery, then pushed back delivery. I checked tracking, apparently it was still in facility.",@518271 I'm sorry for the delay! Late orders usually arrive within 1-2 business days. Let us know if you don't receive it soon! ^SB,2017-11-07 02:58:30+00:00,2017-11-07 03:00:21+00:00,141,131
2896030,2896029,2896031,"@AmazonHelp No understood that I may for whatever reason not be able to post feedback but find it silly that when I am re-directed, there are no options to inform you of the very poor manner in which my parcel was delivered (left out in the rain and soaked through).","@802510 I'm sorry your items were left out in the rain! This isn't the expectation we've set. If you'd like to provide carrier feedback regarding the way your parcel was delivered, please contact us by phone or chat here: https://t.co/qy3J24VGxb  ^AC",2017-11-28 20:50:19+00:00,2017-11-28 20:58:00+00:00,266,250
238149,238135,238134,@AmazonHelp Guys! There are no changes and it is still the same. Weekend woes understand :(,"@172659 Our team is actively working on this, please stay tuned to the website for further updates. Appreciate your understanding. ^MS",2017-09-16 14:13:19+00:00,2017-09-16 15:39:51+00:00,91,134
440386,440378,440380,@AmazonHelp Yes checked but no reply as such,@219487 Sorry about the unpleasant experience. I would like to work on the issue right away. 1/2 ^OS,2017-10-26 11:41:59+00:00,2017-10-26 12:01:26+00:00,44,100
2449699,2449702,2449704,@AmazonHelp Now you guys want me to return everything and then I get my money back ?,@702097 Please contact us here: https://t.co/Q7Ftz6nj80 so we can look into the issue with you in real-time. We are here to help! ^AD,2017-10-29 16:57:17+00:00,2017-10-29 17:06:30+00:00,84,133
2170807,2170806,2170808,@AmazonHelp Lo he intentado así y nada,"@636786 Miguel, en este caso te sugiero entrar en contacto con nuestro Servicio al Cliente, accesando en el siguiente enlace: https://t.co/beR78zMMYB. ^NB",2017-11-17 22:20:16+00:00,2017-11-17 22:28:00+00:00,38,154
279900,279898,279897,"@AmazonHelp Product stopeed working , service center saying this is fake product so they will not consider for warranty.pl help","@182716 Sorry to know that, Sanghpriya. Please connect with us here: https://t.co/HQhpS2qeEd and we'll get this sorted. ^MS",2017-09-29 10:04:36+00:00,2017-09-29 15:16:00+00:00,127,123
2141984,2141977,2141979,@AmazonHelp Que está a pocos kilómetros desde el lunes,@629831 ¿Te indicaron en Servicio al cliente una fecha máxima hasta la cuál esperar? Si no fue así puedes pedir la info contactando ^AR,2017-10-19 09:44:32+00:00,2017-10-19 09:48:34+00:00,54,135
927590,927583,927582,@AmazonHelp What should I do after login again the same login page appears .. no point of sharing the link,@340075 Login with your credentials &amp; the website redirects to call back facility. Hope you understand. ^MJ,2017-10-19 07:00:34+00:00,2017-10-19 07:32:02+00:00,106,111
64004,64007,64011,@AmazonHelp Thanks for your kind support. Item reached the destination,@130697 You're most welcome. We're glad to know that the package was rightly delivered. Appreciate your cooperation while we worked on this for you. ^EM,2017-12-01 09:40:48+00:00,2017-12-01 09:51:00+00:00,70,152
22152,22154,22155,@AmazonHelp Hoooorrrayyy! Not showing up on website yet as an option though?,"@120834 Hi Helen, please check back as it should go live soon. ^TS",2017-11-01 09:08:12+00:00,2017-11-01 09:18:00+00:00,76,66
1577262,1577261,1577263,@AmazonHelp The product was supposed to launch on 14th..the product got launched yesterday.. Why i need to wait till 16th whn i made pre order?,@485839 and I'm positive that you will receive it soon. (2/2) ^SS,2017-11-04 19:02:50+00:00,2017-11-04 19:24:30+00:00,143,65
2004726,2004723,2004724,@AmazonHelp Called and got it squared away.,"@592820 I'm glad we were able to help! If you need additional assistance please, let us know! ^EB",2017-10-19 21:58:54+00:00,2017-10-19 22:04:47+00:00,43,97
2386654,2386656,2386657,@AmazonHelp Thank you for your help 🙂  Should all be sorted now i hope,@687783 That's good to hear - let us know if you have any further issues :-) ^TD,2017-10-20 11:11:32+00:00,2017-10-20 11:28:30+00:00,70,80
1157933,1157932,1157934,@AmazonHelp I had a verified counterfeit product and I HAD to explain your A-Z guarantee policy. They were NOT going to issue refund.,@392389 Please be sure to reply to the survey sent after you called. Responses are seen by the rep and their supervisor. ^AN,2017-10-24 16:51:50+00:00,2017-10-24 17:01:01+00:00,133,124
1155174,1155160,1155158,@AmazonHelp Plz Provide your mail id,@391747 Kindly use the link shared earlier to contact us via email. We'll be glad to help. ^MP.,2017-10-24 17:17:49+00:00,2017-10-24 17:45:01+00:00,36,95
1855882,1855874,1855872,@AmazonHelp Ya ha llegado el paquete!! Muchas gracias 💜💜,"@555131 Nos alegra que ya hayas recibido tu pedido y ahora a disfrutarlo ☺️ De nuestra parte te obsequiamos esto, ¿Qué te parece? ^AV https://t.co/OZSYHFiPnm",2017-10-19 10:09:12+00:00,2017-10-19 10:14:30+00:00,56,157
2628885,2628891,2628892,@AmazonHelp Déjà fait DEUX fois,"@742468 N'ayant pas accès à votre compte depuis Twitter, pour avoir une réponse immédiate, merci de joindre notre SAV par téléphone ou chat. ^MA",2017-11-17 18:11:51+00:00,2017-11-17 18:24:00+00:00,31,144
155064,155061,155059,"@AmazonHelp Non, mais la livraison est prévue pour le 4 décembre, je voulais juste savoir si c'était possible d'accelerer les delais","@146150 C'est à la date indiquée que le colis est souvent livré. À moins que le transporteur décide d'anticiper, ce qui arrive dans de rares cas.
^MD",2017-11-24 16:59:01+00:00,2017-11-24 17:10:26+00:00,132,149
1313042,1313044,1313046,"@AmazonHelp Amazon Pay Order ID: #P04-4623191-6843149
Look into this","@426783 I’d like to take a closer look into this, please fill this form: https://t.co/beaaDm0muc and I’ll contact you soon.  1/2 ^SY",2017-10-28 05:48:33+00:00,2017-10-28 06:06:54+00:00,68,132
1531288,1531287,1531289,@AmazonHelp muchas gracias. Los amo! 😀😍,@475054 Con gusto Leonardo. Nosotros también te amamos. 😀💟 ^JJ,2017-11-03 20:16:35+00:00,2017-11-03 20:37:34+00:00,39,62
2652335,2652333,2652332,@AmazonHelp わざわざありがとうございます(&gt;_&lt;),@748030 とんでもないことです！今後ともご利用の際に何かお困りのことやご不明点があれば、いつでもご遠慮なくお問い合わせください。 RI,2017-11-19 07:43:32+00:00,2017-11-19 07:46:57+00:00,37,70
448749,448745,448743,"@AmazonHelp Colocaram no sistema a retificação do endereço, DUAS VEZES,e a transportadora não vê... Aliás, transportadora essa que não tem como entrar em contato... Que legal não?","@221318 Andrëw, você pode conferir as informações de contato das nossas transportadoras aqui: https://t.co/8eUcWyqW1U ^CR",2017-11-30 20:38:18+00:00,2017-11-30 20:41:28+00:00,179,121
789039,789041,789042,@AmazonHelp Card issuer i.e. @12131 @8180 redirects me to you ....,@308157 Allow our support team to look into this. You can connect with us here: https://t.co/R3EfhzgU8B ^CB.,2017-10-12 11:30:54+00:00,2017-10-12 11:34:00+00:00,66,108
382301,382298,382299,@AmazonHelp but what if the prices increase. Then???,@171246 As it is already announced that introductory price of ₹ 499/year offer ends on October 30. If your subscription ends 1/2 ^SC,2017-10-27 10:47:22+00:00,2017-10-27 11:05:00+00:00,52,132
1456425,1456420,1456419,"@AmazonHelp The issue is that it doesn't even show up there anymore, I never canceled the order it has literally just disappeared.",@458035 Did you receive an order confirmation e-mail from us after you placed the order? Be sure to check the spam/junk folder. ^SK,2017-11-02 19:53:29+00:00,2017-11-02 20:00:01+00:00,130,131
1520434,1520436,1520437,"@AmazonHelp Woke up today with Amazon's Delivery ringing my bell. Awesome job, guys! Thanks for getting things done, @117795! :)",@467165 Thanks for the update and for the feedback! ^FA 😀,2017-11-04 14:17:27+00:00,2017-11-04 14:39:58+00:00,128,57
934385,934375,934374,"@AmazonHelp I was told “within the hour” at 2:30, so nearly 3 hours overdue. Here’s the screenshot of my 40 minute call with @115821 this morning https://t.co/Dbq3JQSgK7",@341646 I'm sorry for the wait! I want to make sure you receive assistance in a timely manner. Please call us using the previous link. ^BH,2017-10-21 17:13:06+00:00,2017-10-21 17:35:47+00:00,169,138
1726335,1726334,1726336,@AmazonHelp わ！有難うございます！もっと早く入れば良かったです😍💖テレビで観ても画質も綺麗だし楽しみが広がりました✨,@522104 嬉しいお言葉ありがとうございます。その他にもPrime Readingやプライム会員限定先行タイムセールなど色々な特典をご用意しておりますので、ぜひ、お試しくださいませ。https://t.co/XavqKLPvN6 ET https://t.co/dPb3vzLoeo,2017-11-07 05:41:10+00:00,2017-11-07 05:48:29+00:00,64,143
1441435,1441437,1441438,@AmazonHelp I received refund. Thanks,@406983 Happy to help you in resolving your issue. Keep us posted if you need any further assistance. ^SC,2017-11-03 07:46:52+00:00,2017-11-03 08:01:31+00:00,37,105
272453,272452,272454,@AmazonHelp I still need this order ASAP or atleast a full refund ASAP! This a lapse on part of ur courier service and you are blaming me! Outrageous,@181033 We've responded to your query here: https://t.co/hfph0ICySN. Kindly check. ^PS,2017-10-06 04:08:44+00:00,2017-10-06 04:17:36+00:00,149,86
321712,321716,321717,@AmazonHelp I dont have any information why canceled.,@192638 Apologies for the order cancellation. Kindly connect with our support team here: https://t.co/00q4Sqj9zL for assistance. ^KA,2017-10-08 02:29:56+00:00,2017-10-08 03:04:28+00:00,53,132
1794083,1794082,1794084,@AmazonHelp 12 de septiembre :(,@539137 Lamento el atraso. ¿El pedido fue gestionado por Amazon o por un vendedor desde nuestro sitio? ^CR,2017-10-18 00:44:58+00:00,2017-10-18 00:50:00+00:00,31,106
292789,294278,294279,@AmazonHelp Give a timeline else will escalate at highest level. It has been 21 days back&amp; forth harassment. Multiple emails. No energy &amp; patience now,@185733 I understand that there has been a delay. We'll reach out to you as soon we receive an update on this. ^VN,2017-10-15 15:10:55+00:00,2017-10-15 15:40:31+00:00,158,114
2722676,2722682,2722683,"@AmazonHelp Thanks very much for your help, I've just done this now.",@303672 You're welcome Lucy. Thanks for reporting this to us. ^ES,2017-11-20 11:36:22+00:00,2017-11-20 11:42:26+00:00,68,65
2508029,2508031,2508032,"@AmazonHelp Gracias por la ayuda, lo tendré en cuenta. 😞😞😞","@715028 Con mucho gusto Edgar, por supuesto, cuentas con todo nuestro apoyo y esperamos que esto no vuelva a suceder con tus próximos pedidos. ¡Feliz tarde! ^CB",2017-11-15 22:26:03+00:00,2017-11-15 22:29:08+00:00,58,160
319151,319150,319152,@AmazonHelp Thank you. I've followed the instructions given in the DM.,@192121 Thank you for keeping us posted. We'll get back to you soon. ^SK,2017-10-07 11:32:49+00:00,2017-10-07 12:31:35+00:00,70,72
1401484,2419960,2419961,"@AmazonHelp Ive spoken with someone about this issue already, Im just reading yall for filth. Yall push for people to try out yall services only to miss the mark completely and then to say that yall can't contact the driver because of policy. The customer loses at the end of the day🤦🏾‍♀️","@445860 We appreciate you letting us know about your experience. If you have a moment, the link ^GM provided will send your information to our Social team and allow us to report this directly to Amazon Logistics for their investigation. Thank you. ^AM",2017-11-25 23:00:01+00:00,2017-11-25 23:07:00+00:00,288,251
222751,222750,222752,@AmazonHelp Got the cash back... Thank you. :),@169208 Perfect. Thanks for keeping us posted. Do let us know if you have anymore concerns. ^MS,2017-10-05 17:17:12+00:00,2017-10-05 17:35:00+00:00,46,95
1929432,1929438,1929439,@AmazonHelp all done thank you for your quick response and help .,@574155 You're very welcome! Please let us know if you ever need help. ^DD,2017-10-18 18:01:20+00:00,2017-10-18 18:05:48+00:00,65,74
2402409,2402408,2402410,@AmazonHelp There are two issues first I have ordered morphy richard microwave but i have received kenstar microwave  i have contacted for the return which was suppose to be on next day but did’nt happen so i have to keep the wrong the product because it was my compulsions..,"@691163 Apologies that you had issues with the delivery as well as the return process, please share your details here: https://t.co/beaaDm0muc and we'll assist you accordingly. ^SU",2017-11-14 15:02:15+00:00,2017-11-14 15:30:01+00:00,275,180
2388010,2388009,2388011,@AmazonHelp Thank you. Im trying to do it via the app,"@556985 As we can't access accounts here, please get in touch: https://t.co/LRfqXKfCuy we'll be happy to help. ^BD",2017-11-14 07:59:55+00:00,2017-11-14 08:19:27+00:00,53,114
1506354,1506352,1506351,@AmazonHelp I made jio 1st time jio recharge with amazon,@469591 Kindly report this to our support team here: https://t.co/SRfqmugdes and we'll be happy to help. ^SH,2017-11-20 05:56:47+00:00,2017-11-20 06:00:27+00:00,56,108
1786084,1786083,1786085,@AmazonHelp Got a phone call from CS that didn't make any sense. Driver said another driver took the item somewhere else...?,@536623 Sorry to hear your order was lost while in transit and that we have failed to meet your expectations on this occasion. Let us know if you need any further help.^ES,2017-11-26 06:54:19+00:00,2017-11-26 07:10:00+00:00,124,171
1579696,1579700,1579701,@AmazonHelp You should have figured it by now I am using app and trying to do it from app. It's not on a browser.,@486414 We do not have chat option available on the Amazon shopping app. Kindly use a browser to get the option and connect. ^SG,2017-11-05 11:01:37+00:00,2017-11-05 11:28:28+00:00,113,128
2298485,2298469,2298471,@AmazonHelp yes it was for a amazon woman's beauty sample box. £14.99,@667192 Do you happen to have a link to the promotion or was it e-mailed to you? ^MG,2017-11-12 14:48:57+00:00,2017-11-12 15:14:49+00:00,69,84
2273474,2273470,2273469,@AmazonHelp こう書いてあったのですがとりあえず、2.3日待ってみればいいってことですよね？？ https://t.co/gZgbWk9Ldb,@661304 はい、返金完了時には当サイトよりご連絡をしております。恐れ入りますが今しばらくお待ちいただければと存じます。ご不便、ご心配をおかけいたしますが、よろしくお願いいたします。HM,2017-11-11 12:20:31+00:00,2017-11-11 12:33:29+00:00,76,95
595670,595669,595671,@AmazonHelp I contact Amazon support but they also reply me about canceled orders that it happened by technical error or price error so why a buyer responsible for this. It is a fault of Amazon and sellers not buyer,"@261148 I'm sorry about the canceled order, we'll make sure to work on your experience so that such instances will never repeat. I'm afraid we'll not be able to reinstate canceled orders. ^MJ",2017-12-03 19:10:00+00:00,2017-12-03 19:25:59+00:00,215,191
1275928,1275926,1275924,@AmazonHelp Podemos nos comunicar por direct,"@418667 Ta bom, estaremos aguardando o seu direct. ^DA",2017-10-26 19:21:38+00:00,2017-10-26 19:29:27+00:00,44,54
10634,10636,10638,"@AmazonHelp My apologies, it says now that the delivery date is October 31st. Still hasn't come though.","@117948 Hi Mark!

Deliveries will run up until 21:00.  Let us know what happens.

Chuck H",2017-11-01 01:05:58+00:00,2017-11-01 01:13:00+00:00,103,89
651715,651700,651702,@AmazonHelp @18220 I have attached the phones I received,@274977 Kindly share your details via link mentioned earlier and we'll get in touch with you soon. Appreciate your understanding. ^AK,2017-10-11 03:55:24+00:00,2017-10-11 04:23:00+00:00,56,133
1210681,1210680,1210682,@AmazonHelp Soll angeblich heute kommen. Bin Mal gespannt. 🤔,"@393058 Ein bissen mehr Optimismus, bitte! ;-) Der Tag hat ja noch ein paar Stunden. Liebe Grüße ^MF",2017-10-25 12:09:00+00:00,2017-10-25 12:14:46+00:00,60,100
137008,137125,137126,@AmazonHelp The ‘buy tickets’ button doesn’t work on mobile or desktop and I think the date is incorrect too https://t.co/fYbEUuL5fS,@146922 Please reach out to us directly here: https://t.co/JzP7hlA23B and we can look into this further.^PK,2017-11-24 10:45:18+00:00,2017-11-24 10:50:04+00:00,132,107
2403911,2403913,2403914,@AmazonHelp I have now spoken to your customer who has collected her parcel. We now have our own arrangement if a parcel is left at my door. I hope I will get a fee for every parcel I advise your client of wrong delivery.,"@691502 Apologies Shaun, thank you for helping our customer retrieve the parcel ^BD",2017-11-14 15:15:47+00:00,2017-11-14 15:29:27+00:00,221,83
2898872,2898875,2898876,"@AmazonHelp I've called you 4 times now and I'm no further to finding out what's going on. According to last call, Hermes say it's been delivered when it hasn't and you don't know where it is. All the time im out of pocket £300. I've sent an email explaining everything. From Danny Collins.","@130677 I'd like to have a member of my team look into this, Danny! Please send us your details here: https://t.co/62SM9eBYuB (Copy and Paste works fine so you won't have to re-type it) Keep us in the loop! We want to make sure this has been looked into thoroughly! ^FR",2017-11-28 20:52:59+00:00,2017-11-28 21:06:31+00:00,290,269
586890,586886,586885,@AmazonHelp 1: it's audible not kindle.  2: I think it's been on my account for longer than a week (pre-order) but downloaded this week?,"@258590 Hi, for further assistance with this can you please contact Audible support: https://t.co/54R3E6RNf7.^BZ",2017-12-03 15:19:56+00:00,2017-12-03 15:23:31+00:00,136,112
601301,601296,601294,@AmazonHelp  https://t.co/p5BvyIq6tc,"@262647 Late parcels are usually delivered the following day by 8PM, but according to the screenshot, it was delayed due to external factors. If you haven't received your parcel tomorrow by 8PM, please reach us via phone or chat here: https://t.co/qy3J24VGxb ^JS",2017-12-03 21:27:34+00:00,2017-12-03 21:33:00+00:00,36,262
2349623,2349617,2349620,"@AmazonHelp It's not Amazon itself, it's your drivers. For want of a better word they just do t appear to Gove a rat's area about getting the proper information when delivering. Then when anything's escalated, nothing's done","@679153 This isn't at all what we expect, truly sorry to hear you've had this experience! With Twitter, we have no access to account or order info. Please, when able, report this to us directly via phone/chat here: https://t.co/JzP7hlA23B so that we may address this together. ^JE",2017-11-13 17:28:48+00:00,2017-11-13 17:34:00+00:00,224,280
1345899,1345901,1345902,@AmazonHelp Le numéro est bien : 0 805 10 14 20 ?,@433835 C'est bien celui là.^FT,2017-10-16 14:13:27+00:00,2017-10-16 14:17:00+00:00,49,31
1391827,1391829,1391830,@AmazonHelp In the FAQ number 4 the cashback is mentioned as 15% but the actual cashback is 10% or 20%.,@172197 Thank you for flagging this. I'll forward the details to our concerned team internally and get this reviewed. ^RI,2017-10-28 13:01:54+00:00,2017-10-28 13:09:00+00:00,103,121
382395,382377,382375,@AmazonHelp sir i have said you i haven't got any r u sending mail to __email__,@206652 Please do not provide personal information on Twitter as it's visible to public. We've mailed to your registered email ID. ^JC,2017-10-27 06:57:24+00:00,2017-10-27 07:03:29+00:00,79,134
1002622,1002616,1002618,"@AmazonHelp I did visit Contact Us, but der is no such tab which can resolve the issue. Only Order details
Return Order details. No address for collecti","@357323 phone, select phone option, select language &gt; provide your number &gt; choose from 'call now' or 'call me in 5 minutes. (3/3) ^MA",2017-10-14 13:04:34+00:00,2017-10-14 13:28:00+00:00,152,140
1281419,1400645,1400646,@AmazonHelp They sent me mail again where they denied to take back the detected phone,@419812 Procure a service denial letter and share with us. We'll assist you further. (3/3) ^SV,2017-10-29 01:33:17+00:00,2017-10-29 01:39:33+00:00,85,94
2879551,2879553,2879554,"@AmazonHelp Yeah , I have provided",@227509 Thanks for confirming. You will receive an email in response to the details you shared. Kindly check your emails. ^NR,2017-11-28 17:22:22+00:00,2017-11-28 17:40:00+00:00,34,125
843563,843560,843559,@AmazonHelp I can’t see an email anywhere. I have app notifications turned on aswell. I now can’t get it until later this afternoon where I won’t be in,@320581 Can you reach out to us directly via the following link so we can look into this for you?: https://t.co/h9NTyRB1lp ^KI,2017-11-25 10:05:25+00:00,2017-11-25 10:14:30+00:00,151,126
2452841,2452840,2452842,@AmazonHelp I ordered 2 nos of interior light for car they gave dead line for 17 Oct . Till now they did not deliver my product and it was a prepaid,"@702768 I'm sorry about the delay in the delivery. We'd like to help, please connect with us here: https://t.co/vlvfJr4nN9 ^MA",2017-10-29 18:28:34+00:00,2017-10-29 18:46:27+00:00,148,126
531549,531547,531545,"@AmazonHelp From 27th of November the new windows is 6th of December, i thought Amazon prime mean next day, not next 2 weeks","@243140 Hi, does the tracking show the parcel as dispatched? You can check by clicking the link: https://t.co/aaDyEzjw8c.^BZ",2017-12-02 10:49:42+00:00,2017-12-02 10:54:00+00:00,124,124
2535311,2535314,2535315,@AmazonHelp I have entered my concern to your Twitter form please look into it asap,"@721324 Thanks for filling in the details, Sachin. We'll get in touch with you soon. ^JC",2017-11-16 08:58:21+00:00,2017-11-16 09:10:51+00:00,83,88
1684472,1684541,1684543,@AmazonHelp Done that yesterday,@511902 We have checked it from our end. We haven't received any details. Once we receive the (1/2)^HR,2017-10-18 09:30:16+00:00,2017-10-18 09:57:30+00:00,31,102
704328,704320,704322,"@AmazonHelp fake promsie..
tell me now.
whats the update..
i want it...","@288305 We'd like to work on the delivery issue you're facing with your order. Please fill this form: https://t.co/GIJyeYqKE0 with your details, so we can find a fix. ^MP",2017-11-25 16:26:43+00:00,2017-11-25 16:54:51+00:00,71,170
20731,20730,20732,"@AmazonHelp 同じ商品と交換したいのですが、返品の際にクレジットカードの選択画面が出てきます。
クレジットカードを持っていないのですが、クレジットカードが無いと返品できないのでしょうか？","@120531 お手数おかけしております。
カードをお持ちではないとのことなので、ご注文内容含めご確認のうえ、ご案内させていただきます。
よろしければ、下記URLよりカスタマーサービスにご連絡ください。
https://t.co/bwBU0NvYIn TY",2017-11-01 07:27:56+00:00,2017-11-01 07:32:30+00:00,98,128
1601116,1601121,1601122,@AmazonHelp They recommend to contact the freight forwarder. My friend checked everywhere but never find the item. It was never delivered to him.,@430350 Is it sold directly by Amazon or a marketplace seller? ^PK,2017-11-05 05:55:28+00:00,2017-11-05 06:23:55+00:00,145,66
830520,830519,830517,@AmazonHelp Separate items from the same order. This has happened a few times as of late...,"@316182 We'd like to look into this with you. When you have a moment, please reach out to us here: https://t.co/hApLpM3Ejd ^JA",2017-10-13 03:55:48+00:00,2017-10-13 03:58:00+00:00,91,126
793386,793385,793387,@AmazonHelp Do I have a timeline ? Plz share it! I want to have the shows when they release.,"@231103 As mentioned earlier, we don't have any update this. Keep checking https://t.co/FYM9PIZOR8 ^VN (1/2)",2017-10-12 15:05:38+00:00,2017-10-12 15:57:01+00:00,92,108
1542637,1542636,1542638,@AmazonHelp It says shipped with AMZL US,@477919 Thank you for checking! Please provide your order details for us here: https://t.co/x6Io095Boa ^MB,2017-11-03 23:20:22+00:00,2017-11-03 23:24:01+00:00,40,106
1247746,1247745,1247748,@AmazonHelp iOS11.0.3のSafariです。先日？数日前までは問題なかったと思います。今朝からの現象です。,@412747 大変お待たせいたしました。問題は解決し、現在は正常にほしい物リストがご利用いただけるようになっております。お手数ですが、ご確認いただければと存じます。 YM,2017-10-26 01:45:43+00:00,2017-11-16 07:15:28+00:00,62,86
1121626,1130162,1130163,@AmazonHelp Please take make effort and check what was the issue everytime i cannot write you.,@171916 Twitter being the social platform we won't be able to check the details from here. Kindly elaborate on your concern.^VN,2017-10-15 15:03:18+00:00,2017-10-15 15:30:00+00:00,94,127
2868382,2868385,2868386,@AmazonHelp Useless reply.. not surprising you must have not read what I wrote..,"@796589 We'd like to help, Donald! Could you confirm the carrier with us? You can find that information in the link provided by ^LL ^HM",2017-11-28 01:59:01+00:00,2017-11-28 02:12:29+00:00,80,135
2275854,2275852,2275851,"@AmazonHelp it’s just the prime video homepage not working, when i searched for a programme it worked fine, odd!",@661934 Hi Becca. That is a bit strange. What type of device are you using to access Prime video? ^DC,2017-11-13 10:53:05+00:00,2017-11-13 10:57:29+00:00,112,101
2349581,2349580,2349582,@AmazonHelp @AmazonHelp nothing explains why my email/phone is blocked to contact customer care!,@679146 Sorry to know about that. We'd like to help you. Kindly share your details here: https://t.co/GIJyeYqKE0 and we'll contact you soon. ^GD,2017-11-13 17:19:52+00:00,2017-11-13 18:01:29+00:00,96,144
550504,550502,550505,@AmazonHelp Yes still having the issue,@248245 Thanks for letting us know. Have you received any e-mail updates regarding your shipment? ^GS,2017-12-02 19:11:30+00:00,2017-12-02 19:14:00+00:00,38,101
1558737,1558736,1558738,@AmazonHelp Done they say the wrong van picked it up and sent it elsewhere?!,"@234418 Thanks for keeping us posted! Did they give you a new delivery date? We want to wait with you, so keep us in the loop. ^FR",2017-11-04 14:15:07+00:00,2017-11-04 14:21:55+00:00,76,130
142930,142932,142934,@AmazonHelp Perdone usted pero ¿ puedo hablar con una  persona humana por teléfono y no con un bot? Twitter no es el medio.,@148265 Puedes ponerte en contacto con nuestro departamento de Servicio al cliente por medio del siguiente enlace: https://t.co/3VUNgKvI9r ^FZ,2017-11-24 13:34:43+00:00,2017-11-24 13:48:55+00:00,123,142
28440,28439,28441,"@AmazonHelp @AmazonHelp Tx but I mean sending a personalized message w/gift saying ""Happy Bday"" or ""Congratulations"", etc.",@122221 Check out this link for details on adding gift messages to orders https://t.co/KOIol39FLF ^KM,2017-11-01 11:34:57+00:00,2017-11-01 11:38:24+00:00,122,101
2948169,2948168,2948170,@AmazonHelp It’s supposed to be delivered tomorrow and it still hasn’t even shipped yet,@814231 Orders can be dispatched and delivered the same day! Please let us know if you don't receive it by 8PM tomorrow. ^AD,2017-11-29 19:23:43+00:00,2017-11-29 19:27:39+00:00,87,124
1638666,1638664,1638667,@AmazonHelp The blam game this what Amazon is about Hot potato back in forward with this. I Have called Amex Card they will handle this and refund me,"@500330 When you contacted us 2 weeks ago - did we advise when you should submit the A-Z claim, if the order was not received ? ^TD",2017-10-17 13:25:21+00:00,2017-10-17 13:40:00+00:00,149,131
319382,319381,319383,"@AmazonHelp Yes, been around this loop several times now with junk/spam, only email received had a number of suspicious errors (all documented to you), and advised not to follow the instructions.

Only 'feedback' has been 'we will be in touch' for &gt;2 weeks.

So when should I give up?","@158252 Apologies, please fill in this form: https://t.co/tkLCr7DNil so a member of our team can look into this for you. ^JJ",2017-10-07 11:27:29+00:00,2017-10-07 11:40:29+00:00,287,124
1028395,1028397,1028399,@AmazonHelp Have shared it almost an hour back. This is the prob with u people. Always so careless,"@362769 That's quite a comment. If you shared your details, our team will surely get back to you with an update soon. 1/2 ^NK",2017-10-14 18:16:05+00:00,2017-10-14 18:52:00+00:00,98,125
2538950,2538941,2538942,@AmazonHelp Yes although that would be pointless as I’m based in the U.K also ordered from your U.K site using the details I’m trying to use today,"@722081 Hello Joshua, can I ask have you contacted us through the link provided on the previous post and if so, what was advised to you please? ^GA",2017-11-16 10:28:56+00:00,2017-11-16 10:36:55+00:00,146,147
529071,529069,529067,@AmazonHelp No - no explanation. Have received other orders in the meantime. How do I get a conclusive response?,"@242506 Hi, for security reasons we can't see your order details via Twitter. What is your parcel's current status here: https://t.co/BQmcNXDGU8 ^TS",2017-12-02 09:15:02+00:00,2017-12-02 09:20:26+00:00,112,148
65889,65887,65886,@AmazonHelp Have already cancelled order mentioned since there was no meaning in delivered after valuable time. We live in a very much time respecting world and I wish this can be improved later by @115850 and delivery team. Unfortunately nobody called up for reason of order cancellation.,@131070 Apologies for the inconvenience you had regarding your order. We would like to look into it. Please share your details here: https://t.co/GIJyeYqKE0 and we will get in touch with you soon. ^AH,2017-11-30 08:15:20+00:00,2017-11-30 08:33:25+00:00,289,200
278841,278847,278848,"@AmazonHelp Yes.. 2 have been returned fine(collection) One is still awaiting return.
I'm tweeting to complain about how we've been treated.","@182499 Apologies, did you get emails after contacting us? ^JJ",2017-10-06 08:58:35+00:00,2017-10-06 09:02:57+00:00,140,62
808116,808108,808111,"@AmazonHelp Before confirming any order, u must tell customer that in case of any issues, who will b responsible for returning the parcel.",@296482 item. I'll pass on your feedback internally. (2/2) ^ST,2017-10-13 04:06:43+00:00,2017-10-13 04:22:03+00:00,138,62
721313,721292,721294,"@AmazonHelp Contacted Amazon by:
- phone
- mail 
- twitter",@292657 Your orders seem to be canceled by an account specialist. What was the answer given by our CS ? ^ARC,2017-10-16 11:05:07+00:00,2017-10-16 11:25:00+00:00,58,108
1016790,1016794,1016795,@AmazonHelp Still refund amt is not credited 😐 #AmazonGreatIndianFestival,@360575 I'm sorry for the inconvenience. Please contact our support team here: https://t.co/TdDksLo6Mf and we'll look into this. ^MK,2017-10-16 15:53:32+00:00,2017-10-16 16:24:00+00:00,73,132
179526,179510,179508,"@AmazonHelp @AmazonHelp @115850 

Don't write something that is not relevant.on the mail it's mentioned that please wait we have escalated the issue.",@158284 I understand your concern. Please wait we are working on it as soon as we get an update we will communicate.^SB,2017-10-04 06:06:00+00:00,2017-10-04 06:57:29+00:00,149,119
866129,866121,866120,@AmazonHelp Yes ...even  customer service escalated the matter at 12:00pm ..it's almost 6hrs @AmazonHelp,"@325660 Apologies, Nancy. I’d like to assist you. Please fill this form: https://t.co/beaaDm0muc and I’ll contact you soon. ^NK",2017-10-20 13:09:13+00:00,2017-10-20 13:25:33+00:00,104,127
1227047,1227046,1227048,@AmazonHelp Thanks for your reply. The order has been shipped out and yes it said I was charged twice.,@407855 We'd like to take a look into this. Please contact us via phone or chat at your earliest convenience: https://t.co/hApLpMlfHN ^KB,2017-10-16 04:23:18+00:00,2017-10-16 04:54:55+00:00,102,137
2471650,2471646,2471645,"@AmazonHelp Sure, you did. Was dispatched by Amazon via I Parcel who then handed it over to fastway in Ireland. I managed to get onto your chat and am getting help there right now.",@706874 Thanks for confirming. Keep us updated! ^CN,2017-11-15 11:45:43+00:00,2017-11-15 11:54:28+00:00,180,51
1480154,1480149,1480153,@AmazonHelp You can contact me on 7065138342,@463473 Sorry for the delay. Please provide your details in the link provided earlier and we will get it resolved. (1/2) ^GU,2017-11-03 07:07:45+00:00,2017-11-03 07:19:56+00:00,44,124
1483589,1483591,1483592,"@AmazonHelp Never mind, it is working now. Thanks :)",@255140 You're welcome. ^PS,2017-11-03 04:35:53+00:00,2017-11-03 04:58:52+00:00,52,27
218979,218978,218977,@AmazonHelp The last update was in 20 sep it's stuck,"@167117 We'd like to look into this with you, please reach us here: https://t.co/hApLpMlfHN ^AG",2017-10-05 01:55:53+00:00,2017-10-05 02:25:33+00:00,52,95
551936,551933,551932,@AmazonHelp je viens de voir sur Chronopost qu’il a été déposé dans un point relais alors que j’ai payé une livraison à domicile. Et,@248650 Avez-vous signalé cela à notre SAV je vous prie ? ^MA,2017-12-02 19:19:32+00:00,2017-12-02 19:28:31+00:00,132,61
331960,331963,331964,@AmazonHelp See ur facebook handle.. too mch to say.. too less space here,"@195050 I understand your concern. If you've posted on Facebook, we'll be replying to you over the post. ^ZH",2017-10-07 19:26:08+00:00,2017-10-07 19:51:50+00:00,73,108
1604097,1604101,1604102,@AmazonHelp How to add a credit card...because they are manillan and they can't read English https://t.co/PRlbzYtZE7,@427960 Did you contact them by phone or email? ^PK,2017-11-05 08:59:59+00:00,2017-11-05 09:12:27+00:00,116,51
2758941,2758940,2758949,@AmazonHelp Now she’s saying that it’ll take a week to order me a new one! Not ok @115821 @AmazonHelp thanks for nothing,"@772020 Oh wow! Since I'm unable to access your account via social media, do you mind providing me your contact details here: https://t.co/MElrYPFinx, so I can research further? ^SY",2017-11-21 04:29:09+00:00,2017-11-21 04:45:00+00:00,120,181
2346296,2346291,2346289,@AmazonHelp I have to wait for an email to reset my account.,@678411 An Account Specialist will be in touch shortly. Thank you for your patience. ^CN,2017-11-13 16:03:31+00:00,2017-11-13 16:09:00+00:00,60,88
2072952,2072951,2072953,"@AmazonHelp Is it possible to request my @115821 Prime orders be shipped via @115817 only, and not by your horribly rude and dismissive logistics service?",@496689 I'm sorry for the poor experience! Please send our team additional details here: https://t.co/H1TFn7tjWx ^SB,2017-10-19 02:11:16+00:00,2017-10-19 02:29:28+00:00,154,116
2825704,2825703,2825705,@AmazonHelp I have filled the form and need a responses asap as the cash back offer ends today and if you dont reply you ll have to give me cash back for every order i make when I get the cash in my amazon pay balance,@787159 We have received your details. We are working on it and will get back to you with an update soon. Appreciate your understanding. ^VH,2017-11-27 10:10:42+00:00,2017-11-27 10:53:32+00:00,217,140
1014312,1014311,1014313,@AmazonHelp I have shared my issues several times in d feed back link provided by you. No one has responded. Called customer care so many times.,"@329198 As you've shared your details, we'll work on it and get back to you. ^HN",2017-10-14 15:08:21+00:00,2017-10-14 15:31:19+00:00,144,80
2903572,2903560,2903561,"@AmazonHelp Si. Varias... Ahora andamos locos con la liga de la justicia, queremos comprar la de Wonder Woman y la de Superman Vs Batman para empezar la colección.",@235770 Nosotros somos fans de la Liga de la justicia y todo el poder que ellos transmiten. 💪💥 Nos gustaría saber que otras películas o series te interesan. Cuéntanos a través del siguiente enlace: https://t.co/lFwwV5Aa8g ¡Nos emociona saber tu respuesta! ^KA https://t.co/YvVijXNZTr,2017-11-28 19:18:11+00:00,2017-11-28 19:35:36+00:00,163,283
969788,969812,969813,@AmazonHelp again..standard replies..no explanation..no call..!!WHY WAS THE SHIPMENT SENT BACK? It's a simple question..I've gotten no answer,@350165 Sorry to hear that. We'd like to look into it. Did you drop in your details through the secure link above? ^NS,2017-10-24 06:31:12+00:00,2017-10-24 06:50:00+00:00,141,118
792690,792695,792696,@AmazonHelp I raised the mail through the link you shared and my name would be Jagadish57,"@309026 We haven't received your details yet, Jagadish. Please share your details in the link provided earlier. ^HD",2017-10-12 16:24:17+00:00,2017-10-12 16:31:52+00:00,89,115
2882666,2882670,2882672,"@AmazonHelp Actually, scrap that. Can you please ask the driver what the note means? https://t.co/ayRZRxmVJi","@799773 As we cannot access your account via Twitter, please contact us here for more details on this delivery  https://t.co/JzP7hlA23B

-RD",2017-11-28 12:10:51+00:00,2017-11-28 12:30:03+00:00,108,140
2875072,2875071,2875073,"@AmazonHelp Any clue when that might be? It has been 48 hours, and a reasonable person might think that was an excessive delay for in-stock items to be shipped.",@798160 We're unable to provide an exact time frame for shipping. We'll make sure your order is shipped to arrive by 8PM Thursday night. Please keep an eye on your inbox for a shipping notification. ^RA,2017-11-29 16:15:43+00:00,2017-11-29 16:18:40+00:00,160,202
1426767,1426766,1426770,@AmazonHelp @115850 @115821 @AmazonHelp should i have to file a case in consumer court or you are solving my problem,"@325008 If you're unable to find the correspondence, kindly share your details in the link given again and we'll help you. ^ZH",2017-11-02 05:19:14+00:00,2017-11-02 05:21:26+00:00,116,126
617016,617015,617017,@AmazonHelp Ok. Thank you for your prompt answer.,"@138502 No problem Carlos, have a great day! ^TI",2017-11-22 14:35:30+00:00,2017-11-22 14:41:04+00:00,49,48
2353806,2353805,2353807,@AmazonHelp Decisamente si...e one e two e one two three four aaaim driming ov a uaaaai cristmass🎹🎼🎤,@680131 Siamo pronti! 🎅 ❄️ 🎄 ^EA https://t.co/hziHFWImn2,2017-11-13 20:55:49+00:00,2017-11-13 21:08:35+00:00,100,56
21586,21551,21554,@AmazonHelp Really AB? Why don't you shove it up somewhere appropriately and get your smartest ass people to resolve the query instead of appreciating my vocab...I would love to meet u in person and would like to thank u..let me know when u r interested,@120701 Your thanks has been heartily accepted here. I understand you're upset but that doesn't warrant name-calling. 1/3 ^AB,2017-11-02 06:00:59+00:00,2017-11-02 06:23:00+00:00,253,125
1539221,1539216,1539219,@AmazonHelp That particular order is not listed. Can you check?,"@477114 Sorry for the trouble. After logging in to your account using the link provided earlier, select 'More order issues' (1/2) ^KA.",2017-11-04 02:23:40+00:00,2017-11-04 02:51:14+00:00,63,134
2597912,2597911,2597913,@AmazonHelp アッいつもお世話になっております！！！！！！！！！！！！車不所持の一人暮らし女には大層便利です🐆✨,"@735529 アッ　リプライありがとうございます！！ヽ(喜´∀`)ﾉﾟ
これからも、さし様のお役にたてますようがんばります💪💓　MH",2017-11-17 06:53:51+00:00,2017-11-17 07:23:24+00:00,61,67
2273224,2273221,2273223,"@AmazonHelp Hi, I’m using an iPad. My account is on Amazon Brazil","@661257 Hi, please verify the information in the following link: https://t.co/SoLRdH5FBp. ^AZ",2017-11-11 13:40:06+00:00,2017-11-11 13:49:00+00:00,65,93
1558696,1558695,1558697,@AmazonHelp Was out for delivery this morning &amp; still hasn’t arrived! It was supposed to have been here yesterday,@481730 My apologies Michael. Is there a revised delivery estimate showing? ^DC,2017-11-04 13:34:58+00:00,2017-11-04 13:39:00+00:00,117,79
2766395,2766391,2766389,"@AmazonHelp No, not at all.

GET IT ON WEDNESDAY.
*ORDERS*
COMING THURSDAY.
LULZ.
CAN'T CANCEL EITHER. https://t.co/Hk2Dk9GCHd","@307316 It may be to far in the shipping process to cancel the order. In the event your parcel arrives you can refuse delivery, it will be sent back and a full refund will be processed. ^CN",2017-11-21 10:00:46+00:00,2017-11-21 10:13:00+00:00,126,189
77545,77541,77540,@AmazonHelp So what is the reason in this case.,@133276 I understand your concern. Kindly reach out to our support team here: https://t.co/vlvfJr4nN9 and we'll assist you accordingly. ^GD,2017-11-30 11:40:53+00:00,2017-11-30 12:11:30+00:00,47,139
2236478,2236476,2236475,@AmazonHelp She said she would call me tomorrow if they could intercept I don't think that's good enough I expect a refund and cancel the order completely and I'll take my business elsewhere,"@652209 I'm terribly sorry for the poor experience! We're not able to cancel an order once it has shipped, but you can still refuse the delivery or return the items when you receive them by visiting us here: https://t.co/tnKza9ZBpn ^TK",2017-11-10 18:09:45+00:00,2017-11-10 18:15:00+00:00,190,235
1828681,1828683,1828684,@AmazonHelp Oui oui hier ils me disaient que ça devait être livré sans faute avant 19h... gros problème sur l'abonnement PAYANT Prime,"@548797 veuillez relancer notre SC pour ouvrir une enquête à ce propos.
^YL",2017-10-18 05:34:06+00:00,2017-10-18 05:43:26+00:00,133,75
1955392,1955389,1955391,@AmazonHelp I have reported it several times.. I am in touch with Ur custmr care from last 2 days..,@580379 Let me have a closer look into this; please fill this form: https://t.co/beaaDm0muc and we'll be back with an update. ^HS,2017-10-18 17:38:58+00:00,2017-10-18 17:56:00+00:00,99,129
379972,379971,379973,@AmazonHelp If u r following up when will i get my resolution solved and given refund,@170630 We've emailed you and the resolution provided in the email is the best. We wouldn't be able to provide any further insight.^NS,2017-10-09 07:47:59+00:00,2017-10-09 08:10:34+00:00,85,134
1776406,1776408,1776410,@AmazonHelp It was a courier. It was supposed to be a next day order.,@533814 I apologize for the confusion. Who was the courier of the package? ^BA,2017-11-08 00:08:13+00:00,2017-11-08 00:15:29+00:00,69,78
1144048,1144046,1144049,@AmazonHelp Says carrier is amazon ?,@389274 We want to take a closer look into this situation. Please provide your information here: https://t.co/xhEBcE0tVt ^MJ,2017-10-24 13:29:13+00:00,2017-10-24 13:39:52+00:00,36,124
237723,237714,237713,@AmazonHelp Given information about the  product  do needful asap https://t.co/rh2Ws9Hgkv,@172597 Thanks for sharing your details with us in the link. We'll be sure to help you. ^ZH,2017-10-03 09:15:04+00:00,2017-10-03 09:45:00+00:00,89,91
627814,627813,627815,@AmazonHelp @115850 @115821 let the public know as well what kind of product u are selling  this is really disgusting that people trust on u guys already return initiated what about inconveniences,"@268688 Apologies for the inconvenience. This was unintentional. However, I'll ensure to forward your experience as feedback to our concerned team internally and get it reviewed. ^RI",2017-11-22 16:01:19+00:00,2017-11-22 16:30:01+00:00,196,182
512379,512377,512376,@AmazonHelp The day I ordered the delivery day said 11/30. Yesterday it got pushed to 12/1. This morning it still said 12/1. Just checked &amp; it’s now 12/4. Item was shipped on 11/29.,"@237831 I gotcha- thanks for letting us know. Has your order shipped yet? If so, would you mind letting us know who the carrier is? That info is also included in the link ^LR sent. ^BL",2017-12-01 23:19:55+00:00,2017-12-01 23:22:29+00:00,185,184
785087,785085,785088,@AmazonHelp Apparently the VAT is added afterwards? Very confusing.,@307350 We wouldn't have access from here. Can you contact us via chat/phone here: https://t.co/JzP7hlA23B we can check this. ^NV,2017-10-12 08:40:58+00:00,2017-10-12 08:49:00+00:00,67,129
371432,371431,371433,@AmazonHelp Solo necesito saber los pasos para que me reembolsen... es en cancelar pedido? O donde,@203972 ¿El pedido ya fue enviado? ^JQ,2017-10-08 23:11:14+00:00,2017-10-08 23:14:00+00:00,98,38
2913196,2913192,2913191,"@AmazonHelp Siempre me atienden muy bien y anotan de nuevo la recogida y me dicen que vuelven a pasar aviso a la agencia. Y nada mas, nadie viene nunca. Pero ya no se que hacer para que vengan a buscarlo.","@806451 Thais, gracias por el dato, en este caso, te recomendamos que por favor contactes con los compañeros de Servicio al Cliente mediante este enlace: https://t.co/OjvUxwnzPe
^CB",2017-11-28 22:24:54+00:00,2017-11-28 22:33:32+00:00,204,181
1972804,1972803,1972805,"@AmazonHelp Non pas encore, c'est la première fois que j'ai une commande prime qui part en colis simple la poste :)","@124282 Nous déterminons automatiquement le transporteur en fonction de certains critères tels que votre code postal, le volume / poids des articles,…Il arrive des fois que la poste se charge aussi de la livraison d'une commande prime. ^FA",2017-11-26 10:28:50+00:00,2017-11-26 10:48:26+00:00,115,239
2609954,2609953,2609955,"@AmazonHelp Done, pls look into this on priority. It's for a friend's wedding which is this coming weekend",@352414 Thanks for the heads up. Our team will work on this and get back to you with an update at the earliest. ^PJ,2017-11-17 13:12:05+00:00,2017-11-17 13:35:00+00:00,106,115
2276765,2276763,2276762,@AmazonHelp Aunque no sea muy original... como empecé viendo la serie de Juego de Tronos.... He decido empezar a leerme todos los libros 🙈😍📖,"@662156 ¡Excelente decisión! No te vas a arrepentir, al igual que la serie, los libros son geniales 😍 ¿Cuál es tu personaje favorito de Juego de Tronos? ^AA",2017-11-11 16:39:44+00:00,2017-11-11 17:05:27+00:00,140,156
181003,180996,180998,@AmazonHelp Si tienen problemas con una tarjeta no pueden anular la tarjeta y prefiero uso otra? No tengo fax.,"@158511 Este es método más seguro para verificar las informaciones de la cuenta, debes seguir los pasos enviados para continuar(1/2)",2017-10-04 12:50:40+00:00,2017-10-04 12:59:28+00:00,110,132
751253,751251,751250,"@AmazonHelp Así es! Por cierto, anexo una imagen del artículo en cuestión: https://t.co/jr6IMmcHi1","@299560 Carlangas, ¿cuál es la fecha de entrega estimada que muestra la información de rastreo? ^VM",2017-11-05 01:25:12+00:00,2017-11-05 02:36:33+00:00,98,99
2472385,2472382,2472379,"@AmazonHelp Hello, it is meant to be hear by 8pm today, but Royal Mail usually deliver sometime before 12pm. I wasn't going to make an official complaint until tonight, but thanks!",@707031 Hey Siobhán- Royal Mail delivers up until 6 PM so your parcel will arrive by then. ^MA,2017-11-15 12:24:40+00:00,2017-11-15 12:35:29+00:00,180,94
219589,219545,219544,"@AmazonHelp @115851 I have been waiting since 2.5 months and can wait more, just tell me till when? Wait can not be infinite.",@168355 Sorry for the delay. We'll get in touch with you as soon as we have an update. ^NS,2017-09-25 06:43:40+00:00,2017-09-25 07:01:24+00:00,125,90
2104329,2104332,2104333,"@AmazonHelp ok al ratito leo, donde checo cuanto me cobraron?","@308433 Puedes verificarlo en la sección ""Mis Pedidos"" o en el email de confirmación del pedido. ^VL",2017-11-08 12:52:26+00:00,2017-11-08 13:00:44+00:00,61,100
1489176,1489182,1489183,@AmazonHelp non je ne sais pas comment  contacté le service après vente,"@465882 Vous pouvez joindre notre SAV via le lien suivant :  https://t.co/hgIrz98cdI
^ARC",2017-11-03 09:13:04+00:00,2017-11-03 09:20:00+00:00,71,89
367451,367453,367454,"@AmazonHelp Sure, I think the source to this is @17740 check onto internet about them, I think the source to that mail is Amulyam.",@203041 Thank you for flagging this. We'll have this checked internally. ^HD,2017-10-08 21:18:50+00:00,2017-10-08 21:21:27+00:00,130,76
1303742,1303741,1303743,@AmazonHelp I can't sign from that link for help cuz it won't acknowledge my email address as valid,"@424652 (1/2) Hello! If you click the link and in option 1 click ""my account"" option 2 click ""password assistance""",2017-10-27 01:18:28+00:00,2017-10-27 01:33:00+00:00,99,114
1188560,1188559,1188562,@AmazonHelp As per the courier site it was to be delivered by 25th and it's not even shipped!! Big appliances Amazon is way behind Flipkart!,@380783 Apologies for the delay in delivery. Please escalate this to our support team here: https://t.co/vlvfJr4nN9. 1/2 ^SB,2017-10-25 08:46:38+00:00,2017-10-25 08:55:00+00:00,140,124
2291402,2291394,2291396,@AmazonHelp J’ose espérer que la situation sera réglée dans la journée car ma patience a des limites aussi.,"@639889 soyez rassuré, mon collègue prendra contact avec vous dans la journée.",2017-11-13 08:11:14+00:00,2017-11-13 08:14:53+00:00,107,78
1570884,1570883,1570885,@AmazonHelp  I purchased one plus five on which there was a cashback on sbi card. but didn't get it,@484260 Apologies for the delay. Could you please confirm if you've sent the details through the link provided to you earlier? ^MN,2017-11-04 17:28:16+00:00,2017-11-04 17:52:36+00:00,99,130
352902,352900,352899,"@AmazonHelp I did reply to them, but their resolution was incorrect/u helpful. There’s actually no way to have a separate shipping+billing policy on business orders. I ended up buying a product with the wrong invoice now, and had to return it.",@199909 I'll surely pass on your comments as feedback to our concerned team internally. ^SH,2017-11-25 04:15:18+00:00,2017-11-25 04:39:53+00:00,243,91
930184,930194,930195,"@AmazonHelp Thanks PJ, I have already used the link.","@340685 Thank you, Matt! I see that we have received your details. We'll reach out to you as soon as we can. ^WJ",2017-11-21 15:21:01+00:00,2017-11-21 15:25:35+00:00,52,112
473269,473273,473274,"@AmazonHelp 分かりました。カスタマーサービスにメールを遅らせていただいたところ、クリックしただけでは請求等の害は無いそうです。
質問にお答え頂きありがとうございます。",@227694 とんでもないことでございます。Twitterでもサポートしておりますので、また何かご不明な点などございましたら、お知らせください。わざわざご返信いただきありがとうございました。ET,2017-12-01 10:35:52+00:00,2017-12-01 10:42:00+00:00,89,98
1389146,1389519,1389520,@AmazonHelp See it’s something https://t.co/T1B8vL1p3R me back!,@443164 here : https://t.co/GIJyeYqKE0 and we'll reach out to you soon. (2/2) ^AS,2017-10-28 11:21:35+00:00,2017-10-28 11:46:33+00:00,63,81
91503,91506,91507,"@AmazonHelp @115851 @115850 @4773 @AmazonHelp  now see 4 more Screenshot of Order ID-4__credit_card__. __email__, Reg Mob-9717597841.i am perpetually contacting Amazon to Deliver this product on High But ATS failed to Deliver.Need Token of Apology for this Rs1000 Gift https://t.co/4BtNTr9Ixl","@135838 I'm sorry for the delay of your order. We'd like to look into it. Please share your details here: https://t.co/beaaDlIL5C we'll reach out to you soon. Also, please don't provide your order details, as we consider it to be personal information. ^AP",2017-12-02 04:57:00+00:00,2017-12-02 05:06:00+00:00,292,255
2767522,2767526,2767528,"@AmazonHelp Dis moi je voulais prendre une radio reconditionné sur Amazon si je la prends et j'en suis pas satisfait je peu la renvoyer dans les 30 jours qui suivent ?
Et si elle a un problème peut avoir un échange ou elle sera réparé ?",@683416 Vous pouvez en effet la renvoyer dans les 30 jours. Pour le problème il faudra voir avec le fabricant ^ME,2017-11-21 12:52:54+00:00,2017-11-21 12:59:00+00:00,236,113
522601,522605,522606,"@AmazonHelp Só não estou lendo mais porque está chegando semana de provas hahaha 
Estou AMANDO O Colecionador de Cérebros da @24349 ♥ Simplesmente incrível!!","@240712 😅 Boa sorte nas provas, Marcos 😉! Conte-nos, o que você mais gosta desse livro? ^LG",2017-12-02 13:13:00+00:00,2017-12-02 13:16:00+00:00,157,91
631632,631630,631629,"@AmazonHelp Es directo de Amazon, el estatus es en camino","@269685 ¡Gracias por la información! ¿De casualidad has intentado contactar con el transportista para verificar porqué no se ha entregado este pedido?
^ES",2017-11-22 16:14:39+00:00,2017-11-22 16:17:03+00:00,57,154
1073290,1073289,1073291,"@AmazonHelp I did today, but reviews now say pkgs del 2 other states; do not buy from seller. Appears seller never sends items &amp; seller pg is gone. 😢","@373254 If you do not receive contact from the seller via e-mail within two business days, please reach out to us! ^WM",2017-10-15 00:18:05+00:00,2017-10-15 00:22:00+00:00,153,118
2536395,2536393,2536392,"@AmazonHelp わざわざすみません。
発送連絡来たので楽しみに待ちます。",@721549 心待ちにしていただいているところ恐れ入りますが、お届けまで今しばらくお待ちください。 RI,2017-11-16 08:27:08+00:00,2017-11-16 08:29:27+00:00,40,53
526550,526545,526544,@AmazonHelp Okay I’ll call shortly. I just don’t get why it was packaged that way,@239085 It is certainly not how you would expect a lovely brand new vinyl record to arrive. We look forward to talking to you.^BZ,2017-12-02 07:08:20+00:00,2017-12-02 07:22:24+00:00,81,129
2456040,2456039,2456041,"@AmazonHelp If it doesn't arrive today, how do I file for a refund of the shipping I paid for?","@703549 If the package doesn't arrive by the date provided, please contact us here for further assistance: https://t.co/hApLpMlfHN ^QJ",2017-11-15 04:43:09+00:00,2017-11-15 04:53:00+00:00,94,134
2719452,2719451,2719453,"@AmazonHelp Right i am aware of that. But i want standalone version of primemusic on my device, not from echo devices. Heard that primemusic will launch for prime customers soon. Any launch dates?","@763162 There's currently no information on that, Soumya. I'm just as eagerly waiting for it as you are, let's stay tuned :) ^JC",2017-11-20 09:29:49+00:00,2017-11-20 09:55:00+00:00,196,128
315036,315033,315031,"@AmazonHelp えぇ…
絶対Amazonさんじゃないでしょ(´･ω･`)",@191212 突然のリプ失礼いたしました。公式サポートアカウントです。ツイートの件につきましては、詳細を確認した上でご案内させていただきますので、よろしければ、リンクよりお問い合わせください。TN,2017-10-07 07:02:39+00:00,2017-10-07 07:04:53+00:00,40,99
1322919,1322918,1322920,@AmazonHelp Just says estimated delivery Monday 30th and not dispatched yet :(,@428733 It's not uncommon for an item to be dispatched relatively close to the arrival date. Do keep us updated on the arrival. ^CR,2017-10-27 10:13:46+00:00,2017-10-27 10:22:30+00:00,78,131
917838,917835,917834,"@AmazonHelp Yes i did, even i tried since last couple of days for 2-3 orders continuously ,but sorry to say it is not responsive and sensible.","@337892 Sorry to hear that, We’d like to take a closer look at this issue, please share your details here: https://t.co/GIJyeYqKE0 and we'll assist you. ^SU",2017-11-25 16:21:18+00:00,2017-11-25 16:42:00+00:00,142,156
1548348,1548346,1548345,@AmazonHelp got nothing on that but here is my order# https://t.co/3eVRRZRIOJ,"@479329 When you have time, give us a call. We're available here: https://t.co/Q7Ftz6nj80. We can take a closer at the order and into any available options.  ^EP",2017-11-26 03:00:22+00:00,2017-11-26 03:11:29+00:00,77,161
177372,177370,177373,@amazonhelp 2/2 ..changed as £19.99 - Your team won't seem to honour the original price even though they can see i orderd b4 midnight on BF,@157762 I'm sorry! We want to help. Can you possibly share the link of this item so we can research this further. ^SH,2017-11-25 01:12:08+00:00,2017-11-25 01:18:00+00:00,139,117
18206,18198,18200,@AmazonHelp On 1st Nov your team agreed in mail for cashback of INR1500 and now someone else from your team is saying max INR450. This Is cheating.,@120039 Kindly reply to the email sent by us for further assistance on this issue. ^RI,2017-11-05 13:32:25+00:00,2017-11-05 13:45:00+00:00,147,86
1723383,1723392,1723394,"@AmazonHelp But, the above URL takes me to Amazon.in India website &amp; not the (link: https://t.co/lPtuTSQShv) https://t.co/lPtuTSQShv",@197814 Sorry! Here's the correct one:  https://t.co/hApLpMlfHN ^AS,2017-11-08 09:41:35+00:00,2017-11-08 10:03:00+00:00,136,67
71854,71853,71855,"@AmazonHelp Les he llamado varias veces y les he mandado mensajes, pero no he conseguido ponerme en contacto","@132124 En este caso por favor verifica cual es la transportadora que envió tu pedido, y entra en contacto con ellos, en el siguiente enlace aparecerá el numero de la transportadora: https://t.co/meqnr4QIaC. ^NP",2017-11-30 10:26:19+00:00,2017-11-30 10:31:28+00:00,108,211
247033,247015,247016,@AmazonHelp Come on..looks like most customer centric company on earth is just playing around with customer.@115850  @115851,@174678 We're working on this for you. Kindly revert to our correspondence and we'll reach out to you accordingly. ^VN,2017-10-06 19:59:08+00:00,2017-10-06 20:42:28+00:00,124,118
1283892,1283884,1283886,@AmazonHelp  https://t.co/fxHf2l6xcU,"@420327 Quel est le transporteur en charge de la livraison?
^MD",2017-10-26 18:09:44+00:00,2017-10-26 18:27:11+00:00,36,63
1650934,1650931,1650932,@AmazonHelp Werde ich mein Geld wieder zurück bekommen ?,"@504212 (1/2) Da ich keinen Einblick in deine Bestellungen habe, kann ich dich nur bitten, den oben genannten Link zu nutzen. Du brauchst",2017-11-06 06:31:08+00:00,2017-11-06 06:36:28+00:00,56,137
440270,1067744,1067745,"@AmazonHelp Wat more detail u want me to fill here? I have filled these thrice, hw much more u would fool me wid ds generic replies? U looters, u cheats",@140964 You should've received an email in response to the details you filled in the link. Please check and reply to the email. ^NR,2017-10-25 18:04:00+00:00,2017-10-25 18:36:45+00:00,152,131
2669289,2669286,2669284,"@AmazonHelp I'm going to contact Amazon again. I feel bad to complain, I just think it should be addressed. Carrier is UPS. The delivery date is way off from the 2 day guarantee.","@742159 My apologies. You're right, contacting us direct is the best option. ^DC",2017-11-19 10:59:08+00:00,2017-11-19 11:04:49+00:00,178,80
2793046,2793048,2793049,@AmazonHelp The process was time consuming. Language barriers all 3x. Took much longer than expected &amp; accustomed to. One agent left problem unresolved,@779463 Without disclosing your personal information. Will you tell us more about the issue you're experiencing with a previous order? ^SK,2017-11-21 22:10:13+00:00,2017-11-21 22:16:27+00:00,155,138
2644548,2644557,2644559,"@AmazonHelp I thought, texting here would be some help..
Thanks anyways
#unsatisfied","@746166 I understand your concern. Being a marketplace and the same product to be available with multiple sellers, (1/2)",2017-10-31 12:05:04+00:00,2017-10-31 12:28:32+00:00,84,120
425471,425470,425474,@AmazonHelp trying to save urself by giving link of delivered order. please get the order number mentioned delivered.,@205804 Apologies for the trouble with your order. I'd like to look into this. Sorry about this inconvenience. Please share (1/2) ^HD,2017-10-10 18:59:55+00:00,2017-10-10 19:30:02+00:00,117,133
180353,180350,180349,@AmazonHelp I have shared the details on the link check now,@158418 We've received your details and we'll reach out to you soon. ^GK,2017-10-03 10:03:31+00:00,2017-10-03 10:29:00+00:00,59,72
807327,807334,807335,@AmazonHelp Sure I have send the details as requested plz refund the money,@312377 Thanks for the update. Our teams will reach out to you soon. ^VM,2017-10-13 03:10:30+00:00,2017-10-13 03:23:24+00:00,74,72
816930,816934,816935,@AmazonHelp @115821 prime refund me full subscription fee😡 @115850 @AmazonHelp why the hell u don't show me telugu movies?app is full of useless films https://t.co/3qJg6jGwoz,@314570 May we know from which place are you trying to access your Prime video account? ^HR,2017-10-13 06:57:20+00:00,2017-10-13 07:20:00+00:00,174,91
63948,63952,63953,@AmazonHelp I have done TWICE palmed off once no reply other,"@130690 I'm sorry about the poor experience. As the refund was processed for you the investigation with the carrier would have been internal, you may not receive any update from that. If you contact us at the link provided we can check if any info was provided. ^MI",2017-11-30 09:10:43+00:00,2017-11-30 09:18:00+00:00,60,265
2192376,2192375,2192453,@AmazonHelp Today!!  Post office said today’s deliveries already came this am,@140242 Give us a call here: https://t.co/Q7Ftz6nj80 so we can check into this for you and see what's going on with this order. ^AH,2017-11-09 20:33:18+00:00,2017-11-09 20:45:32+00:00,77,131
1205823,1205822,1205824,@AmazonHelp Finally managed to book. Thanks,"@403192 Thanks for keeping us posted, you're most welcome. ^GD",2017-10-25 14:07:39+00:00,2017-10-25 14:32:35+00:00,43,62
319075,319334,319335,"@AmazonHelp DO NOT appreciate, apologise or anything, just B factual &amp; give specific window of delivery. U wasted a day 😡😡😡😡😡😡😡😡 .@115851 .@123288","@190856 I hear you, I'll be sure to pass along your feedback internally and we'll work on improving our services. ^MS",2017-10-07 11:41:17+00:00,2017-10-07 12:02:55+00:00,150,117
391622,391619,391617,@AmazonHelp Si tenía previsto que me llegara un paquete en el sábado y ahora llega el martes,"@208728 Ya veo, lamento el inconveniente. Cualquier consulta o situación no dudes en reportarlo con nuestro Servicio al Cliente. ^KS",2017-10-09 16:19:39+00:00,2017-10-09 16:24:03+00:00,92,132
2452515,2452514,2452516,@AmazonHelp Still i haven't received any response on the same @AmazonHelp,"@702706 any correspondence yet, I request you to kindly fill in the details once again through the above mentioned link. 2/2 ^PR",2017-10-29 17:52:43+00:00,2017-10-29 18:03:00+00:00,73,128
40364,40360,40362,@AmazonHelp Thanks. That worked. How will my Complimentary Amazon Prime membership that comes with Echo get added to my a/c? SOS @115850 @AmazonHelp,@124849 https://t.co/rS49hgaADF so that we can assist you accordingly. (2/2) ^SU,2017-11-01 15:42:42+00:00,2017-11-01 16:02:53+00:00,148,80
1080286,1080285,1080287,@AmazonHelp Okay but when i do this u make me 6af what this ya5i,"@374851 Sorry, I was unable to comprehend. Could you rephrase it? ^MA",2017-10-23 19:59:35+00:00,2017-10-23 20:19:36+00:00,64,69
1124601,1124600,1124603,"@AmazonHelp Me sale que esta entregado y no estoy en casa (no hay nadie en casa) PEDIDO #
402-5839445-4156346",@385171 2/2 ¿Has podido entrar en contacto con el transportista encargado de realizar la entrega para verificar la información? ^DA,2017-10-24 12:55:07+00:00,2017-10-24 13:02:32+00:00,109,131
2598850,2598848,2598847,@AmazonHelp Ach mir fehlen dann ja 38 Mio Songs?,@735763 Music Unlimited und Prime Music ist nicht das Gleiche. Du findest hier eine Vergleichstabelle: https://t.co/CglW3QtqLU Liebe Grüße ^TA,2017-11-17 09:52:30+00:00,2017-11-17 09:57:00+00:00,48,142
1406091,1406088,1406086,"@AmazonHelp If I am using pin code - 421003, Amazon pantry is showing error saying items can't be delivered....whereas if I use 421002 or 421004, then I m able to get deliveries of pantry...this looks like some tech issue",@373357 Sorry about that. Delivery of products depends on serviceability of pincodes and the courier availability. We are constantly working to extend our services to your pin code. Thank you for your feedback. ^HR,2017-11-13 08:17:02+00:00,2017-11-13 08:49:00+00:00,221,214
243192,243197,243199,"@AmazonHelp no email , correct email id __email__","@173747 You should have received a correspondence to your registered account, here: https://t.co/DTSNmGldJf, request you to check. 1/2",2017-10-06 12:27:40+00:00,2017-10-06 12:47:25+00:00,49,134
135097,135096,135098,@AmazonHelp Again a lie. The product was manufactred much earlier and MRP printed is 320. Amount charged now is 340 in full violation. Wish you see the pics. You dont even acknowledge.@1560 @131027,@146434 I get your concern. Kindly get in touch with our support team here: https://t.co/rS49hgaADF so that we can assist you accordingly. ^MN,2017-11-24 14:10:20+00:00,2017-11-24 14:36:00+00:00,197,142
709039,709038,709040,@AmazonHelp I just got an automated email back telling me to go to the same help page that I'm saying hasn't helped me.,@289527 Please contact us via phone or chat through the link ^AG provided and we can troubleshoot this with you in real-time. ^TK,2017-10-10 20:56:43+00:00,2017-10-10 21:00:36+00:00,119,129
76003,76001,75999,"@AmazonHelp The item says “Delivery Date Pending”, I guessed you are out of stock.","@133011 Hello! Looks like we're currently out of stock, when we have a delivery date we will email you with an update!^CN",2017-11-30 11:39:15+00:00,2017-11-30 11:43:30+00:00,82,121
2281563,2281567,2281568,@AmazonHelp Well????? I'd like to watch the boxing tonight!,@663190 The link provided by ^AJ will direct you to the phone number for Customer Service. Just log in and select your issue from the drop downs. We want to get you up and running to watch the match! ^BA,2017-11-11 21:31:57+00:00,2017-11-11 21:36:00+00:00,59,203
2753540,2753535,2753533,"@AmazonHelp Son varios productos, unos de Amazon, otros dos de otro proveedor. Todo con entrega al día de hoy.","@770768 Entiendo, en este caso puedes ingresar al siguiente enlace para verificar el estado de tus pedidos: https://t.co/WlJDwHHw3X o bien puedes ponerte en contacto con Servicio al Cliente para obtener más información:  https://t.co/gNHf6iHhoz? ^DS",2017-11-21 01:45:50+00:00,2017-11-21 01:49:26+00:00,110,249
1474060,1474062,1474064,@AmazonHelp email address is __email__ &amp; ph number is 9088448831,"@272296 I understand your concern, Debasis. Please share your details in the link provided to you earlier. (1/2) ^HD",2017-10-16 21:10:05+00:00,2017-10-16 21:17:00+00:00,68,116
2611527,2611520,2611522,"@AmazonHelp Non elle est en préparation, j’ai reçu un mail me disant qu’elle serait livré même pas demain mais lundi (20) (alors que c’était prévu pour aujourd’hui (17)",@738459 Je suis sincèrement désolée du désagrément causé. Vous a-t-on expliqué les raisons de ce retard dans l'e-mail reçu s'il vous plaît? ^FA,2017-11-17 12:19:29+00:00,2017-11-17 12:42:02+00:00,168,143
710607,710606,710608,@AmazonHelp I'm having to return them for refund but it's just a joke and a complete waste of my time,"@289926 When you last spoke with us via phone/chat, what kind of insight was provided when they gave you the option of a refund? ^AJ",2017-10-10 21:27:19+00:00,2017-10-10 21:57:28+00:00,101,132
2317008,2317007,2317009,@AmazonHelp Hallowe’en leftovers maybe?,@671785 It might be! 😱👻 Let us know if we can help further ^KI,2017-11-13 07:33:26+00:00,2017-11-13 07:52:57+00:00,39,62
1090974,1090972,1090975,"@AmazonHelp Dear Amazon, my account is locked, I'm not able to contact with account. Atleast when account is locked, you should provide access to HELP.",@377404 We will reply you over DM. ^RW,2017-10-15 03:59:27+00:00,2017-10-15 04:18:30+00:00,151,38
1049402,1049409,1049410,@AmazonHelp I have shared my order details many times through mail but they are not responding,"@368025 I understand your concern. The link provided is different. Kindly share your details through it, we'll get back to you. ^AP",2017-10-23 08:18:22+00:00,2017-10-23 08:25:30+00:00,94,131
304431,304421,304420,@AmazonHelp When the issue was mentioned on ph/chat I was told to send screenshot which I did. Now repeat the cycle?,@188700 I'd like to take a closer look into this. Please fill in this form: https://t.co/GIJyeYqKE0 and I'll revert shortly. ^SQ,2017-10-01 21:10:58+00:00,2017-10-01 21:37:00+00:00,116,128
981427,981426,981428,@AmazonHelp Yes. I replied to it. To which you said that someone would get in touch. And no one did!,@313530 Could you please check if you received any e-mail from us ? Keep us posted. ^HT,2017-10-14 09:24:23+00:00,2017-10-14 09:52:06+00:00,100,87
2113690,2113685,2113684,"@AmazonHelp @115821 @115850 if u cant help, its better to shut down @AmazonHelp @123765 handle. The link u shared is asking for login and the problem with my account. Not able to login https://t.co/8aSBxTTHht","@146700 Please don't share your account details, we consider it personal information. Our Twitter page is visible to public. (2/2) ^AS",2017-11-08 16:24:21+00:00,2017-11-08 16:42:32+00:00,208,134
185811,244693,244694,"@AmazonHelp I am not filling anymore details anywhere,u check the registered account with email id __email__ and work on delivery of one+5","@174122 I'm sorry, we haven't received your details yet. Kindly forward your details through the link provided earlier. ^EM",2017-10-22 08:42:48+00:00,2017-10-22 09:06:54+00:00,138,123
1547559,1547558,1547560,@AmazonHelp Yes I had wrote may mail and tried to contact also but all attempt was failed. I don't know why?,@479140 team respond to emails latest by 12 hrs of getting them. You may expect a revert on this accordingly. 2/2 ^AR,2017-11-04 08:00:07+00:00,2017-11-04 08:09:00+00:00,108,117
818215,818214,818216,"@AmazonHelp Okay, can you give me instructions to how to fix troubleshooting of downloaded apps won't respond or let me use","@314887 Please try the troubleshooting here: https://t.co/mq3I4QSeAU, for when apps aren't responsive. ^JM",2017-10-12 21:20:37+00:00,2017-10-12 21:36:00+00:00,123,106
2402453,2402452,2402454,@AmazonHelp why u r askng me nt to come in public forum..because u have cheated...i have lost Rs.100/- and now u have no solution,@691172 Also kindly refer to the TnC of the offer provided in the link earlier. Appreciate your understanding in this regard. 2/2 ^EM,2017-11-20 06:18:30+00:00,2017-11-20 06:46:00+00:00,129,133
359741,360234,360235,@AmazonHelp £5:99 a month since June it’s a account I don’t use much so have just noticed it,"@201204 Oh no! Could someone else have access to the account that you're describing, like a family member or friend? ^TG",2017-10-08 16:52:45+00:00,2017-10-08 17:17:27+00:00,92,120
2712489,2712491,2712492,@AmazonHelp すごく助かりました！また何か有りましたらお願い致します！ありがとうございます！,@761536 はい！いつでもどうぞ！(⋈◍＞◡＜◍)。✧♡ ET,2017-11-20 03:44:33+00:00,2017-11-20 03:54:28+00:00,51,33
1331195,1331199,1331200,"@AmazonHelp Bonsoir, c’est pas pour vous embêter mais aucune nouvelle depuis le 24 octobre ça vous ressemble pas. Il y a un problème?","@123666 Bonsoir, je suis désolée pour ce retard!
L'avez-vous signalé à notre SAV afin qu'il prenne les mesures nécessaires?^FT",2017-11-02 18:14:44+00:00,2017-11-02 18:38:00+00:00,133,126
2966467,2966460,2966462,"@AmazonHelp já sim, o livro em questão aparece ""Em estoque""... continuo achando estranho a demora pq qnd isso acontece pelo menos eu sei q o objeto tá se movimentando","@818390 Isabelt, neste caso sugiro entrar em contato com o vendedor na opção ""Fale com o vendedor"" para mais informações sobre a entrega do seu pedido. ^NB",2017-11-29 23:08:08+00:00,2017-11-29 23:16:44+00:00,166,155
2835563,2835565,2835566,"@AmazonHelp No, but I had an email to let me know that they hadn't got through to Hermes to advise them of the address clarification (and ask if it wasn't clear to leave it at the PaketShop) - and they gave me the address of the PaketShop - but I don't know what happened after @122924","@789274 Thanks for confirming, Emma! Since we do not have account access over social media please keep in contact with us here: https://t.co/J5cVftJLZO so we can assist with the best options for a resolution when needed. ^TM",2017-11-27 15:25:07+00:00,2017-11-27 15:36:00+00:00,285,224
726580,726579,726583,"@AmazonHelp See guys, i dont have time to write you a novel on my experience with Amazon. I can give you my order number 408-0904898-5133958. You check.",@294044 Apologies for the disappointment. We can't gain access to your account details via Twitter and provide a resolution. (1/2) ^KA,2017-10-11 06:22:11+00:00,2017-10-11 06:51:54+00:00,152,134
2281546,2281544,2281543,@AmazonHelp will i be able to get my money back for the month ?,"@663186 If you haven't used any of the Prime membership benefits, a full refund will be issued. Learn more about cancelling Prime here: https://t.co/R59ck607pz ^ZW",2017-11-11 20:59:56+00:00,2017-11-11 21:08:08+00:00,63,163
984676,984694,984695,@AmazonHelp From 11 days I am writing on this issue ... No soln provided.....,@353419 to the same for further assistance. Appreciate your understanding. (2/2) ^MO,2017-10-23 15:07:47+00:00,2017-10-23 15:30:45+00:00,77,84
2569192,2569191,2569193,"@AmazonHelp perdi o meu primeiro kindle, agora que comprei outro pensei que os arquivos poderiam ser resgatados, por ser a mesma conta",@728694 desde ''Gerencie o seu conteúdo e dispositivos'' para o novo Kindle ou acessar sua biblioteca desde o dispositivo . ^HC,2017-10-30 16:24:25+00:00,2017-10-30 16:33:29+00:00,134,127
461263,461262,461264,"@AmazonHelp ❤️ Aquela empresa que você respeita! Gosto muito, e o primeiro a ser lido vai ser o Atenção Plena Mindfulness","@224598 Que legal! Então me diga, assim que terminar a leitura de ""Atenção Plena Mindfulness"", já sabe qual livro vai ler? 🤔📚✨ ^NB",2017-12-01 02:30:50+00:00,2017-12-01 02:38:00+00:00,121,130
569159,569152,569154,@AmazonHelp I didn't get a response back yet,@253561 Responses typically take 24 hours. Please keep us updated. We are here to help! ^BA,2017-12-03 03:41:15+00:00,2017-12-03 03:54:55+00:00,44,91
2961753,2961752,2961754,@AmazonHelp Problema logístico. Si no fuera porque me pedisteis el primer paquete y este llega ya tarde...,"@221293 Mario, ¿podrías informarnos si el pedido fue enviado por Amazon o por un vendedor externo? ^NB",2017-11-29 21:14:17+00:00,2017-11-29 21:21:31+00:00,106,102
1735216,1735218,1735219,@AmazonHelp No I had an email saying I needed to fax information to Amazon from a legitimate Amazon email address before I could access my account.,@523970 The Account Specialist will need this information faxed to them in order to work on resolving this issue. ^AB,2017-11-07 14:20:23+00:00,2017-11-07 14:27:28+00:00,147,117
379581,379579,379578,@AmazonHelp そうなんですね！！教えていただきありがとうございます！！！,@206057 とんでもないです。今後ともどうぞよろしくお願いいたします！SK,2017-10-09 07:01:51+00:00,2017-10-09 07:10:42+00:00,41,39
1205016,2017579,2017580,"@AmazonHelp Thebraindriver sold it. I'm sorry, I thought this was an Amazon Prime product. It doesn't look like it is.",@403036 No problem! You can use that link to contact the seller to inquirer further on this missing item. ^AH,2017-11-08 17:02:52+00:00,2017-11-08 17:05:34+00:00,118,109
1342572,1342574,1342575,@AmazonHelp It was on trac. C12340443345883 is my tracking ID,@433128 When you contacted us by phone were any options or insights provided ^CH,2017-10-27 22:04:42+00:00,2017-10-27 22:14:25+00:00,61,80
2826509,2826512,2826513,"@AmazonHelp It’s said to click on a link and print the label which advised the parcel would be collected the next working day, someone tell me what’s going on because I’ve got no idea!!","@330904 Hey. As we do not have access to account info here, please get in touch - https://t.co/JzP7hlA23B we'll be happy to look into this further for you. Please keep us posted. ^TP",2017-11-27 11:10:04+00:00,2017-11-27 11:24:31+00:00,185,182
118761,118757,118759,"@AmazonHelp Ya recibí respuesta. Me dicen que mi estado de cuenta no es válido. Por favor, a qué se refieren? Especifiquen qué quieren porque los lacras de @8510 cobran 40 varos por dármelo.",@142323 Te invito a contactar con Soporte al Cliente para que uno de nuestros agentes complete un formulario con tus datos y se pueda dirigir la consulta con el Departamento correspondiente. Debes contactar por chat o teléfono ingresando aquí: https://t.co/SKO9MAwbET. ^MZ,2017-11-24 14:11:56+00:00,2017-11-24 14:22:00+00:00,190,272
343909,343900,343902,@AmazonHelp Aujourd’hui le 07 le jour de la sorti ( garantie jour de la sortie ),@197821 Le transporteur a-t-il effectué une tentative de livraison aujourd'hui? ^FA,2017-11-07 15:55:12+00:00,2017-11-07 16:08:57+00:00,80,83
667672,667674,667675,"@AmazonHelp I've dealt with 3 different customer support people, and 1 supervisor, and nobody is helping me. They all seem to be blaming me for YOUR technical issue.","@279149 Let's see if we can assist you. Can you explain the technical issue in detail? Also, what information has our customer services representatives giving you? We look forward to hearing from you! ^DA",2017-11-23 19:03:30+00:00,2017-11-23 19:09:00+00:00,165,204
394023,394022,394024,@AmazonHelp Is there an option to specifically avoid @118706 as the shipper?,"@209347 Hey, Mikey! Were you able to contact us via the link ^JF provided? If so what options or insight did we provide? ^AJ",2017-10-09 17:45:31+00:00,2017-10-09 18:09:00+00:00,76,124
1598872,1598871,1598873,"@AmazonHelp https://t.co/8U0XijyqoV no mention of may contains, if there was a pic i would have decided no. Due to, mc of soya and egg.","@463006 Sorry to hear that, have you looked in to returning the item? ^JJ",2017-10-17 09:46:00+00:00,2017-10-17 10:06:01+00:00,135,73
350131,359184,359185,@AmazonHelp if u understand my concern re-ship my cancelled order,"@200858 We cannot re-instate canceled orders. I'm afraid, we'll not be able to provide any additional insight in this matter. ^HD",2017-10-08 17:00:49+00:00,2017-10-08 17:16:00+00:00,65,129
2543888,2543887,2543889,"@AmazonHelp I was on the phone for 3 hours yesterday. I spoke to 8 different people. Finally spoke to ""Pallav"" who said would definately be resolved in 24 hours. Your customer service is worse than @118101 and @252698 which is saying something!","@723158 Without providing any personal or account details, can you tell us more about the issue? We'd like to help if we can! ^BG",2017-11-16 13:47:25+00:00,2017-11-16 13:50:00+00:00,244,129
971771,971776,971779,@AmazonHelp Order ID 402-9016349-9673957. Call back +91 90085 67968,@350529 https://t.co/beaaDm0muc and I’ll contact you soon.  (2/3)^SU,2017-10-28 13:14:10+00:00,2017-10-28 13:23:00+00:00,67,68
1557719,1617972,1617973,@AmazonHelp Its an account issue plz arrange a call back https://t.co/LlJ6pYNvt0,@481487 Apparently we can't arrange a call as we won't be able to access your account directly from Twitter. (1/2) ^AS,2017-11-05 16:01:02+00:00,2017-11-05 16:19:00+00:00,80,118
2968359,2968358,2968360,"@AmazonHelp Oi, isso não responde minha pergunta. Inclusive nem o site. Minha pergunta, fire stick TV foi lançado oficialmente no Brasil sim suporte para a Amazon Prime videos?",@818829 Funciona sim Zica. ^JJ,2017-11-30 00:02:54+00:00,2017-11-30 00:12:29+00:00,176,30
1567513,1567512,1567514,@AmazonHelp There is no error message this is how my screen looks like when I open app https://t.co/K6NPHleFh0,"@483730 Oh, that's strange! Request you to uninstall and re-install the app. Keep us posted it the issue still persists. ^RI",2017-11-04 16:04:43+00:00,2017-11-04 16:58:00+00:00,110,124
526095,526093,526091,@AmazonHelp Will two Galleons cover the rewind charge and do you accept Alien Express? The Utroms just upped my card to gold.,@241725 Upgraded to gold 🤑 We will make an exception and take the payment with the Alien Express 👽 Out of this world !,2017-12-02 06:47:07+00:00,2017-12-02 06:55:00+00:00,125,118
1039533,1039531,1039530,@AmazonHelp Return issue of product. I have called more than 20 times until now. No proper solution. Each person convey different information,@365934 I'm sorry to hear about the trouble with the return. Can you confirm if the order was placed on Amazon.in?,2017-10-18 16:27:35+00:00,2017-10-18 16:48:01+00:00,141,114
1267628,1267639,1267641,"@AmazonHelp No reason was mentioned in email. Just a link to guidelines for reviews. I have reviewed many items on Amazon. Customer since 2008, USA 1/2",@240244 Please fill this form: https://t.co/beaaDm0muc and I’ll contact you at the earliest. (2/2) ^MD,2017-10-26 17:44:04+00:00,2017-10-26 18:20:32+00:00,151,102
350620,350619,350621,@AmazonHelp The Echo DOT is just saying that it cant play music. Playstation 4 Prime-Video-App says connection issue - using German Amazon.,@199421 Please get in touch with our customer service in this case: https://t.co/24XL9C4y1x Also try to reboot your router. ^KM,2017-10-08 10:39:04+00:00,2017-10-08 11:25:26+00:00,139,127
163594,163591,163589,"@AmazonHelp On a pas de fax, on fait comment ?","@153837 Dans ce cas, vous pouvez adresser un courrier à l'adresse indiquée sur l'e-mail?
^MD",2017-11-24 19:26:48+00:00,2017-11-24 19:33:00+00:00,46,92
387982,387986,387987,@AmazonHelp Would contacting the seller help even though it’s already been shipped?,@207830 This sounds like an order that's coming from overseas.The seller may have the most up to date information on your order. ^EM,2017-10-09 14:44:53+00:00,2017-10-09 14:50:00+00:00,83,132
1468383,1468382,1468384,"@AmazonHelp Hi TN, no worries! I gave Logistics a call and feedback about the packages in pots and asked them to look into the driver/route. Thank you!",@460827 You're welcome! Let us know if there is anything else we can help you with! ^HM,2017-11-03 00:30:52+00:00,2017-11-03 00:37:38+00:00,151,87
75947,75945,75944,"@AmazonHelp No, desde que es Amazon Logistics no se con quien contactar","@133001 En este caso puedes encontrar el contacto de la transportadora en el siguiente enlace: https://t.co/meqnr4QIaC, y verificar el rastreo de tu pedido. ^NP",2017-11-29 14:56:14+00:00,2017-11-29 15:03:27+00:00,71,160
1151137,1151136,1151138,@AmazonHelp Got it working. Thx.,@390892 Thanks for the update! Please let us know if you need any further assistance. ^BH,2017-10-15 20:37:13+00:00,2017-10-15 20:44:00+00:00,32,89
934303,934296,934295,@AmazonHelp Yes but i dont have it,@341636 Let's take a closer look into this with you via phone or chat here: https://t.co/hApLpMlfHN ^ML,2017-10-21 17:08:10+00:00,2017-10-21 17:21:01+00:00,34,103
2387895,2387887,2387889,@AmazonHelp I have just done that and it's telling me I've been a member since December 2016! But only just had one payment taken. Please tell me how I'm to get a refund....,"@688072 Hey Leigh, as we do not have access to personal information here can you please contact us: https://t.co/0SlzLU4Pvh ^BD",2017-11-14 08:13:56+00:00,2017-11-14 08:26:00+00:00,173,127
746721,746720,746722,@AmazonHelp Pour ce que ça sert... On verra bien y a marqué livraison avant 20h il reste une heure ah ah ah,@298512 Tenez-nous au courant s'il vous plaît. ^SA,2017-10-11 17:04:01+00:00,2017-10-11 17:17:00+00:00,107,50
2289565,2289564,2289566,@AmazonHelp ありがとうございます。いつも助かります♪(^Θ^)ﾉ,@665147 ( ´∀｀)bｸﾞｯ! TY,2017-11-12 05:46:36+00:00,2017-11-12 05:50:00+00:00,38,22
298457,298456,298458,"@AmazonHelp Pues según yo, ya pasaron 48 horas. Por eso les envié ese tweet.😊",@187115 Debe haber un retraso en la investigación de tu caso. Agradecemos tu paciencia y cooperación Ariadne. ^JJ,2017-10-06 19:46:10+00:00,2017-10-06 19:55:30+00:00,77,113
1014222,1014219,1014223,@AmazonHelp Around it’s very unprofessional and as a consumer it’s very frightening that you think you have the right to do so,@359991 This isn't the experience we strive for! Have you had a chance to speak with us via phone/chat to address this? ^JE,2017-10-14 15:14:38+00:00,2017-10-14 15:21:48+00:00,126,123
782706,782695,782696,@AmazonHelp They don't have the option to call me on my mobile as the country Kuwait is unavailable in the option,@124407 I understand. What happened when you tried the chat function? ^DC,2017-10-30 09:44:12+00:00,2017-10-30 09:53:00+00:00,113,73
1387273,1387272,1387274,"@AmazonHelp I did, does this now stop the person who was searching things in my account and placing them in the cart from purchasing items?","@442791 Thanks for the update. For additional security, please set up Two-Step Verification: https://t.co/6mtpgxuidv ^SE",2017-10-16 15:59:56+00:00,2017-10-16 16:36:01+00:00,139,120
757155,757154,757153,"@AmazonHelp Hv drop'd mail 2 support with the images 4 ref, though dey hv denied replacement due 2 color.
Makes me feel sad. Hope u guys can help.","@300942 I'm afraid, we will not be able to replace the product based on color. Appreciate your understanding. ^SQ",2017-10-11 18:27:57+00:00,2017-10-11 18:48:00+00:00,146,113
1137399,1137420,1137421,@AmazonHelp Can you give me a customer care number ?,@387913 You can connect with our support team here: https://t.co/rS49hgaADF. ^MO,2017-10-25 14:14:56+00:00,2017-10-25 14:51:01+00:00,52,80
227382,227405,227406,@AmazonHelp Have already filled the same and sent you and surprised this is being asked again,"@170235 In this case, you must have received an email correspondence from our us. Request you to check the same and reply to it. ^SH",2017-10-07 05:29:26+00:00,2017-10-07 05:46:53+00:00,93,132
477749,477748,477750,"@AmazonHelp I am currently at work right now, but I did click on the link and submit an email with the order number and current issue. It makes me a little uneasy that there's a possibility of it taking up to 12 hours for it to be reviewed. Thank you!",@228492 If you get a chance try to give us a call or reach out by chat and we'll be able to help. ^RS,2017-12-01 13:00:32+00:00,2017-12-01 13:16:23+00:00,251,101
2636906,2636905,2636907,"@AmazonHelp That's happening every single time, even if I leave the app for 2 sec https://t.co/Qqa1zqMzT3",@132143 Sorry you're having trouble with Amazon Video. Here is a link to a page that should help with this:https://t.co/E5XiZG2gjl ^AP,2017-11-17 20:37:59+00:00,2017-11-17 20:52:26+00:00,105,134
698788,812122,812125,@AmazonHelp @313519 When do we get this for USA audience? Are you planning to release in Amazon USA prime video?,@313521 We have not made any announcement on this. Please stay tuned to our website. ^SV,2017-10-12 20:41:57+00:00,2017-10-12 20:59:00+00:00,112,88
1557432,1557431,1557429,@AmazonHelp 5 days from my initial order when this isn't my fault. (2/N),@461296 I'm very sorry. Please keep us updated on your order. I hope we can provide a better experience in the future. ^WT,2017-10-17 03:52:54+00:00,2017-10-17 04:00:00+00:00,72,122
839419,839418,839420,@AmazonHelp to go with your hell filling form @115851 it's really disgusting.. behaviour from your team of jokers...,@158494 We will be able to assist you in your concern only when you provide us your details here: https://t.co/beaaDm0muc. ^SF,2017-10-13 11:22:31+00:00,2017-10-13 12:13:32+00:00,116,126
1100449,1100433,1100435,@AmazonHelp Dann hätte es die letzten 3 Wochen drauf sein müssen. Beschwerde also berechtigt!,"@132139 Ups, jetzt seh ich erst meinen Zahlendreher. Wollte eigentlich 212 schreiben. ;-) Jedenfalls drück ich dir dir Daumen, dass du bereits vorher noch in den Genuss des ominösen Klebebandes kommst. Gruß ^JS",2017-11-25 18:30:31+00:00,2017-11-25 18:37:31+00:00,93,210
1676573,1676576,1676577,"@AmazonHelp Grazie #amazon! E, tra parentesi, complimenti per il modo di comunicare e promuovere! Simpatico ed efficace!",@510003 È stato un piacere! 😉 ^GD,2017-10-17 21:07:15+00:00,2017-10-17 21:30:33+00:00,120,33
629528,629538,629540,@AmazonHelp But customer care said that Amazon have compensation policy . They extend my prime membership 1 month more,@269134 I'm sorry for the confusion. We have received your details and will get back to you with an update soon. Appreciate your understanding.  ^SD,2017-11-22 19:41:20+00:00,2017-11-22 20:26:00+00:00,118,148
240130,240151,240152,"@AmazonHelp Guys, its been quite long now. Can you please give a target date of closure? @115850 @115821 @127187 @119356 @115851",@173036 The resolution provided over email from Social media team is the best we could offer in this case. ^HK,2017-10-12 06:13:32+00:00,2017-10-12 06:43:26+00:00,128,110
2437736,2437739,2437740,@AmazonHelp I haven't received any mail. Just an SMS that I have attached in previous tweet,@337608 if not I request you to fill in your details so that we can assist you. 2/2 ^AH,2017-10-30 03:08:27+00:00,2017-10-30 03:31:00+00:00,91,87
444396,444402,444403,"@AmazonHelp No he hablado con nadie, seguí el enlace que me mandaron antes, hice click en la opción 'Cambiar Dirección' y mandé el email al que me han contestado esto.",@220270 Te recomendamos que contactes a nuestro departamento de Servicio al Cliente en el siguiente enlace: https://t.co/OjvUxwnzPe para que logren brindarte las opciones disponibles. ^AA,2017-11-22 16:49:10+00:00,2017-11-22 16:51:27+00:00,167,187
870058,870054,870052,@AmazonHelp I have cancelled the order. No delivery attempt was made. I will happily DM the order reference etc to you.,"@326596 While we don't have acct access, we'd still like to get your feedback, Dave! Pls use the link ^VB provided to reach us. ^CS",2017-10-13 15:39:32+00:00,2017-10-13 15:42:57+00:00,119,131
2922577,2922584,2922585,@AmazonHelp I called via your link? I got $10- order was 34 minutes late on top of all the cancellation stuff,@808802 Oh no! Courtney I truly apologize for the trouble. We don't have access to your account via Twitter. Please reach out to us here so we can assist you in real time: https://t.co/hApLpMlfHN ^MO,2017-11-29 03:31:01+00:00,2017-11-29 03:41:43+00:00,109,199
1862476,1865200,1865201,"@AmazonHelp Same copy paste template as expected, by d way it matches exactly word to word with the last month's fake promise as forwarded to management",@184612 I'm sorry about the stretch. We'll reach out to you once we receive your revert. ^GK,2017-10-18 10:32:08+00:00,2017-10-18 11:14:01+00:00,152,92
968623,968621,968626,@AmazonHelp Why the fuck is it my responsibility to wait for that package? How dumb are you guys?? I'm talking about the packet which is with me useless,@305629 We're responding to your query via DM. Kindly check. ^PS,2017-10-14 05:48:03+00:00,2017-10-14 06:13:00+00:00,152,64
347748,347747,347749,"@AmazonHelp It is delivered now, thanks.",@198814 Thank you for keeping us posted. Have a nice weekend. ^VH,2017-10-08 05:38:02+00:00,2017-10-08 06:10:28+00:00,40,65
2605717,2605715,2605718,@AmazonHelp Its all been Prime Now.  So much for convenience.,@627565 Sorry to hear of this experience! Have you had the chance to address this via phone/chat with us? https://t.co/hApLpMlfHN ^JE,2017-10-30 21:13:28+00:00,2017-10-30 21:15:30+00:00,61,133
986240,986239,986241,@AmazonHelp L'avete scelto voi di diventare Babbo Natale 365 giorni all'anno https://t.co/aywxTQsvej,"@353735 E ne siamo felici, per Natale ci stiamo preparando al meglio! Ci donano le nuove divise? 😆 ^ST https://t.co/1wB9SDtyWq",2017-10-14 10:23:22+00:00,2017-10-14 10:46:05+00:00,100,126
1760517,1760519,1760520,"@AmazonHelp the order is there alright, but the option ""track package"" is no longer there. Instead, it shows ""Get help with order""",@529868 Hmm... That is odd... but we are here to help! Does it say that the package was delivered? ^AD,2017-11-07 20:27:48+00:00,2017-11-07 20:34:37+00:00,130,102
61025,61023,61027,@AmazonHelp The problem is not the service itself the problem is that you don't communicate this is gonna happen! 😡 I lost 4 months of membership.,@129964 (2/2) Benefits may differ from site to site and aren't transferable. I will forward your feedback regarding this. ^MI,2017-11-01 21:35:52+00:00,2017-11-01 22:00:00+00:00,146,125
968081,968080,968082,@AmazonHelp I have already contacted 6 times with Amazon. The only thing I have been hearing is that d product will be delivered by the end of the day.,@349801 Please provide your details through the link provided earlier we'll look into the issue and resolve it on priority. ^SH,2017-10-14 05:12:00+00:00,2017-10-14 05:33:49+00:00,151,127
910288,910287,910289,"@AmazonHelp 郵便局で誤配があったようで、無事届きました。
お騒がせしました。",@336220 とんでもないです。無事届いたとの事で、安心いたしました(*^^) どうぞよろしくお願いいたします。 EK,2017-10-21 15:09:20+00:00,2017-10-21 22:52:29+00:00,44,60
1645606,1645604,1645603,@AmazonHelp That's why I tweeted you guys. This just happened about 15 minutes ago.,"@141424 At your nearest convenience, please reach out by phone, e-mail, or chat using the link provided above. We want to help! ^GM",2017-11-06 01:57:03+00:00,2017-11-06 01:59:37+00:00,83,131
914802,914804,914805,"@AmazonHelp And the replacement, couriered by DPD, has EXACTLY the same fault on CD2 Tr3. 
It’s a fault with EVERY copy. 
This will be coming back also https://t.co/8uu5EDgJl2","@228147 Hello, I am very sorry to hear this. Have you reached out to us directly to report this? ^CR",2017-10-22 08:13:42+00:00,2017-10-22 08:19:31+00:00,175,100
2104255,2104252,2104250,@AmazonHelp Yes. Ive been advised it will be here. Its 12:31 and its not even out yet!,"@621224 Apologies, if the item doesn't arrive you can use the link to report the missed delivery to us. ^JJ",2017-11-08 12:36:20+00:00,2017-11-08 12:42:00+00:00,86,107
359215,359220,359221,"@AmazonHelp Unfortunately, I can't return the item coz I moved the item from the address where it was delevered",@201075 Please connect with our support team here: https://t.co/TdDksLo6Mf and we'll look into alternatives. ^HD,2017-10-08 21:39:56+00:00,2017-10-08 21:44:05+00:00,111,112
425177,425182,425184,@AmazonHelp It’s just been delivered to the amazon locker at work!,@216160 Glad to hear that it's now made its way to you! Are you able to collect it from the Amazon Locker? ^TI,2017-11-21 16:26:26+00:00,2017-11-21 16:32:25+00:00,66,110
378331,378328,378332,"@AmazonHelp I was promised it would be delivered by today 1pm, but it has not been delivered yet. It has been very bad delivery experience recently 2/n","@205782 Sorry about order. We'd like to investigate this further, please share your details here: https://t.co/cQVomR1pWz. ^HA",2017-10-10 12:26:59+00:00,2017-10-10 12:32:38+00:00,151,126
1266432,1266430,1266429,"@AmazonHelp Yes

But still no confirmation on shipping and its 2 weeks away",@416528 Ok. Keep us posted closer to the delivery date. We dispatch to deliver on delivery/release dates. ^MC,2017-10-26 12:49:27+00:00,2017-10-26 12:53:32+00:00,75,109
809441,809428,809427,@AmazonHelp Again no delivery's why?,@312875 I'm sorry for the wait. What order status and delivery date(s) are you currently seeing here: https://t.co/aaDyEz1VgE? ^TG,2017-09-13 17:34:41+00:00,2017-09-13 17:46:33+00:00,36,130
2139211,2139208,2139207,@AmazonHelp Did advance purchase for priority access to tickets. Rang and told technical problems and someone would call me back. 3 calls later no faith,@629144 Sorry to hear it Sian- What were you advised on these calls? ^NV,2017-10-19 08:57:45+00:00,2017-10-19 09:03:30+00:00,152,72
971746,973600,973601,"@AmazonHelp What do you mean, are you not aware of grabbing my Rs 34500/- and casually cancelling my order. What nonsense is going on. Send me a email.","@350524 As requested, please connect with us using the link shared and we'll get right on this. ^HK",2017-10-24 10:41:39+00:00,2017-10-24 11:10:47+00:00,151,99
923594,923589,923591,@AmazonHelp This is all I get when I look at the order details https://t.co/a1GIyW0PRc,"@339186 Oh! I see! Unfortunately, it looks like this item is Temporarily Out of Stock with no release date mentioned. ^FR",2017-10-13 22:52:32+00:00,2017-10-13 23:16:24+00:00,86,121
2438461,2438460,2438462,@AmazonHelp Amazon. That’s why I was so concerned and tried to bring it to their attention.,"@699433 We'd like to look into this for you. At your earliest convenience, contact us here: https://t.co/hApLpMlfHN ^LI",2017-11-15 22:33:57+00:00,2017-11-15 22:45:00+00:00,91,119
15277,15272,15271,@AmazonHelp Please don't help.u have very useless process of helping.if u want plz refund me atleast in time which is also now least expected,"@119352 Please share your details in the link provided above, we'll check the issue and assist you accordingly. (2/2) ^KA",2017-11-01 02:54:01+00:00,2017-11-01 03:10:30+00:00,141,121
1249970,1249974,1249976,"@AmazonHelp But y r u not geting tht I haven't cancelled tht order, it was autocancelled by u.
Either you return my order or I will go to consumer forum","@413275 Sorry for the trouble with your order. Unfortunately, once the order is canceled, it can't be reinstated. (1/2)^SQ",2017-10-27 00:50:21+00:00,2017-10-27 00:57:30+00:00,152,122
1568696,1568698,1568699,"@AmazonHelp That is no help at all. I click on ""question about your order"" and it just tells me it will arrive by 7th November.","@483983 Here's a workaround for you, Pete: Try: Step 1 (Prime), Step 2 (both non-order questions), then Step 3, contact us. ^FR",2017-11-04 16:54:06+00:00,2017-11-04 17:11:00+00:00,127,127
1447969,1447961,1447965,"@AmazonHelp So obviously, you are not able to assist me on the phone because your phone reps are incompetent!",@456016 I'm so sorry for the aggravation! Please keep us posted on the outcome. We'd like to know what insight/options were given! ^KN,2017-11-02 16:46:54+00:00,2017-11-02 16:51:37+00:00,109,134
2604876,2604873,2604874,@AmazonHelp I am tired of logging a complaint again and again. Maybe will try Flipkart next time.,@737039 We want to work on your issue to make things right. Drop your details here: https://t.co/FLho2bc6r3 and we'll contact you soon. ^CB,2017-11-17 13:34:25+00:00,2017-11-17 13:46:00+00:00,97,139
2711800,2711798,2711797,@AmazonHelp Lo estoy ingresando desde mi celular y no me aplica nada...,@761372 ¿Todos los productos son vendidos y enviados por Amazon México? ¿Los estás enviando a una misma dirección y con el mismo método de envío? ^JQ,2017-11-20 02:38:21+00:00,2017-11-20 02:40:25+00:00,71,149
1181466,1181473,1181474,"@AmazonHelp Die Zahlungsart wurde nicht abgelehnt, und das wurde von mir nie gesagt. Irgendeine Antwort geben hilft auch nicht. Lesen kann helfen.",@397851 Meld dich gerne dirket bei uns - Amazon Social Media Team: https://t.co/cUDnC8mjd7 Wir melden uns dann persönlich bei dir! ^SM 2/2,2017-10-16 12:38:44+00:00,2017-10-16 12:47:00+00:00,146,138
425137,425086,425088,@AmazonHelp No you people don't. It is my money that is at stake not yours and if you guys would have even a little bit of shame you would have refunded my money. I am sure it is that stupid delivery boy who kept my order to claim delivery since I asked for a re-delivery,"@134321 I understand you're upset, Vasu. Please do not worry. We'll ensure to close your concern at the earliest. ^MK",2017-11-20 20:16:56+00:00,2017-11-20 20:21:34+00:00,271,117
1307640,1307639,1307642,@AmazonHelp I have tried fyi and believe me there are robots replying automated answers order no 171-1034701-8045165 bdw... No option @115851,"@425573 I get your disappointment. I’d like to help, please fill this form: https://t.co/beaaDm0muc and I’ll contact you soon.1/2^SC",2017-10-27 03:57:14+00:00,2017-10-27 04:13:31+00:00,141,132
313475,313472,313471,"@AmazonHelp Amazon is becoming worse day by day , looting people in the name of sale , I saw a item priced at 850 on a day before sale turn 1000 on sale","@190855 Since Amazon.in is a marketplace, it allows various sellers to sell products at competitive prices. 1/2 ^EM",2017-10-07 04:06:36+00:00,2017-10-07 05:19:10+00:00,152,115
365622,365610,365612,"@AmazonHelp Ich würde mir ja gerne ein paar von der 2. Generation (vor-)bestellen, aber für die Küche will ich einen weißen haben 😅🙈",@202605 Der Echo Plus wäre in Weiß verfügbar: https://t.co/dxz8WrzLyQ Feedback geben wir gerne weiter! ^MI,2017-10-08 20:13:41+00:00,2017-10-08 20:17:31+00:00,132,106
1524036,1524022,1524023,@AmazonHelp Allegedly arriving today. Was meant to be arriving yesterday.,"@473473 If your order doesn't arrive within the newly appointed time, please reach out to us so we may assist you. ^WM",2017-11-04 18:48:22+00:00,2017-11-04 18:52:28+00:00,73,118
1665797,1665815,1665817,@AmazonHelp But nothing. I have screenshot the chat so please have a manager re call me back,"@507530 Hi Matt, we can't access your account info from here. Please reach out via the link provided &amp; we'll look into this for you. ^TS",2017-11-07 09:14:09+00:00,2017-11-07 09:38:00+00:00,92,140
420260,420265,420267,@AmazonHelp dear help while purchasing the product yhe date was 7 oct now it is 18 oct. you dont miss you just push the date,"@170026 Tracking shall be soon be updated on the courier's website. Kindly wait until the estimated date, (1/2) ^VM",2017-10-10 07:03:38+00:00,2017-10-10 07:28:00+00:00,124,115
735712,735698,735699,@AmazonHelp Thank u so much.. Kindly Arrange to provide my parcel.. Thank u so much,"@295992 Thank you for your patience, we'll get in touch with you soon. ^VH",2017-10-29 06:52:42+00:00,2017-10-29 07:15:00+00:00,83,74
998180,998179,998181,"@AmazonHelp Leider nein. Den Namen zieht Ihr Euch nicht, wenn ich ein Verkäufer-Feedback abgeben will.","@215935 Am besten, du meldest dich mal diesbezüglich bei meinen Kollegen, gleich über folgenden Link: https://t.co/ohyvGrpvrY ^TR",2017-10-14 12:25:18+00:00,2017-10-14 12:51:32+00:00,102,129
2521788,2521778,2521779,"@AmazonHelp ""We're sorry! An error when we tried to process your request. Rest assured, we're working to resolve the problem as soon as possible. If you were trying to make a purchase, please check Your Account to confirm that the order was places. We apologize for the inconvenience.""",@718243 Thanks for the info! Can you confirm if you're using the Amazon App or browser when trying to checkout? We'd like to help! ^JY,2017-11-26 20:05:10+00:00,2017-11-26 20:12:32+00:00,285,134
382714,382713,382715,@AmazonHelp Just tried it but still the same result :/ I'm able to edit/delete stuff in my wishlists but not add things to them,"@206715 We'd like to troubleshoot this further with you, please reach out to us by phone or chat here: https://t.co/qy3J24VGxb ^GR",2017-10-21 14:44:26+00:00,2017-10-21 14:51:33+00:00,127,130
2581912,2581910,2581908,"@AmazonHelp They were assessed to me,  and I do not havvr a wish list with any of this items.   I have received 4 packages","@731741 I'm sorry about the unexpected packages! Please relay the tracking numbers to us here, so we can investigate this further: https://t.co/hApLpM3Ejd. We want to help. ^SH",2017-11-16 22:46:54+00:00,2017-11-16 22:52:01+00:00,122,176
1298987,1298989,1298991,@AmazonHelp Can you contact the courier to see where it is?,"@412761 I'm sorry, we're unable to see who the courier is through Twitter. If you haven't received it by 9 PM, please let us know. ^SJ",2017-10-26 23:33:30+00:00,2017-10-26 23:59:03+00:00,59,134
2789151,2789155,2789156,"@AmazonHelp I did, and the rep I talked to told me nothing new, all he said was that it's delayes until December. I then tried cancelling my order, and the cancellation failed. How can I not cancel an item that doesnt ship for a month?","@455410 My team would like a second chance to look into this, or assist in attempted cancellation if you choose. Please reach back out to us here: https://t.co/hApLpMlfHN ^RM",2017-11-21 22:28:29+00:00,2017-11-21 22:43:32+00:00,235,174
348176,348204,348205,@AmazonHelp @18069 now what will u do. Ur are too slow in customer https://t.co/hVNejdRzPb refund has been initiated @AmazonHelp @115821,@198902 I'm sorry it is taking longer than expected. Kindly wait until 3-5 business days and the refund shall be credited. ^SH,2017-10-09 03:15:03+00:00,2017-10-09 04:23:36+00:00,136,126
1096651,1096658,1096659,@AmazonHelp So now these guys are not saying a word about my order @123288 . This is why @118702 is much better than u guys,@278558 I do get your concern. Kindly fill in your details here: https://t.co/GIJyeYqKE0 and I'll help you with it. ^MM,2017-10-15 08:53:38+00:00,2017-10-15 09:41:00+00:00,123,119
179899,179903,179904,@AmazonHelp Je n'ai pas reçu de solution de leur part,"@158353 Votre colis est en cours de livraison, TNT peut livrer jusqu'à 21h00 ^ME",2017-10-04 15:36:28+00:00,2017-10-04 15:48:01+00:00,53,80
985102,985101,985103,@AmazonHelp @AmazonHelp @115850 @115821 as per estimated delivery time this order take approximately one month to delivered is it ok for a customer,@353499 Based on the item availability and the address provided. We'll provide you the most accurate delivery date. Kindly wait. ^PS,2017-10-14 11:01:56+00:00,2017-10-14 11:23:00+00:00,147,132
2468633,2468619,2468618,"@AmazonHelp Already done. Only if you care to read your messages. You will know, but unfortunately there is no such therapy which will enable me to read it on your behalf and spoon feed you. @115851 @119356 @115821","@706264 I understand your concern. I've checked and see that we didn't receive any communication from your side, request you to please respond to the email you've received from social media team so that we can look into it. ^SU",2017-11-21 14:02:36+00:00,2017-11-21 14:20:26+00:00,214,227
2676844,2676843,2676845,@AmazonHelp That just takes me to the sign on page and nothing happens once I sign on. 🙄,@753393 Sorry for the troubles! Please try reaching us here: https://t.co/hApLpMlfHN ^AB,2017-10-31 15:47:04+00:00,2017-10-31 15:49:38+00:00,88,88
2884906,2884904,2884905,@AmazonHelp To which email adderess shall i send the email in italian?  I can write in italian i just need the right email address that ‘ll help,@800218 You can contact our Customer Service by selecting e-mail at step 3 by clicking here: https://t.co/DLd2m7oplv by. ^MZ,2017-11-28 13:06:24+00:00,2017-11-28 13:22:26+00:00,144,124
35949,35948,35950,@AmazonHelp this is what the app says https://t.co/fQk98Cqk4u,"@123819 So sorry for the delay, Pam! Please contact us here: https://t.co/hApLpMlfHN so we can look into this for you. ^AD",2017-11-01 14:02:31+00:00,2017-11-01 14:08:38+00:00,61,122
277100,277087,277089,@AmazonHelp What is Mr CEO Amit doing. Is he knows about this kind of cheating,@182213 We have not received your details and we'd like to help. Please fill this form here: https://t.co/GIJyeYqKE0 and confirm. ^PS,2017-10-15 10:13:51+00:00,2017-10-15 11:32:00+00:00,78,133
2238174,2238170,2238168,"@AmazonHelp Oui, puisque j'ai choisi l'option ""point relais""",@652649 Votre article vendu et expédié par nous ou par un vendeur tiers sur notre site?^FT,2017-11-10 17:24:13+00:00,2017-11-10 17:35:39+00:00,60,90
497368,497366,497364,"@AmazonHelp You guys have been of no help. 
Laid-back, unaccountable, arrogant
@115850 @119356","@233688 I understand your concern regarding the cancellation of your recent order, Aasim. We'll certainly help you with this. Could you please confirm if you have shared your details on the link provided earlier. ^SY",2017-11-29 07:34:21+00:00,2017-11-29 07:52:28+00:00,94,216
1524036,1524027,1524028,@AmazonHelp Still waiting. Not what I call next day delivery.,@473473 We'd like a chance to take a look at this with you. Please reach out to us via phone/chat here: https://t.co/hApLpMlfHN ^KP,2017-11-04 21:26:45+00:00,2017-11-04 21:32:00+00:00,61,131
2470070,2470068,2470067,@AmazonHelp Please find all details of order no. 405-3693108-4127531.,@706547 We'll not be able to check your information over Twitter. We'd like to know more about  this. Kindly share your details here: https://t.co/beaaDm0muc . Please don't provide your order details as we consider it to be personal info. Our page is visible to the public. ^GK,2017-11-15 10:58:30+00:00,2017-11-15 11:12:26+00:00,69,277
2634748,2634745,2634744,"@AmazonHelp Yes.....and thank you very much for the quick response I also have a description of the driver/Make-model of car and driver license plate

Dana Tamplin",@743822 Thank you for that information. We have received your details and will be looking into this further. ^HM,2017-11-17 19:25:22+00:00,2017-11-17 19:37:27+00:00,163,112
2422797,2793065,2793064,"@AmazonHelp Mañana os lo consulto por alli, gracias por decirmelo. Ahh por cierto aunque os halla hecho esas consultas, soy un cliente contento con vosotros aunque desconcertado por esas dos cosillas.","@779467 Con gusto Angel. Siempre que nos necesites, estaremos ahí para ayudarte. ^JJ",2017-11-21 21:13:30+00:00,2017-11-21 21:19:00+00:00,200,84
652071,652075,652076,"@AmazonHelp Habe ich ja nun 2x schon eingegeben :/
Gutscheincode 50€ - Bestellwert 11,99€","@184339 Melde dich am besten nochmal bei den Kollegen im Kundenservice und geh die Bestellung mit ihnen durch. Wenn du die Bestellung bereits aufgegeben hast und der Gutschein bereits aufgeladen wurde, können die Kollegen den Gutschein nachträglich verrechnen lassen. ^LN",2017-11-22 22:16:35+00:00,2017-11-22 22:36:00+00:00,89,271
1208734,1209868,1209870,@AmazonHelp @AmazonHelp  Agreed. But I canceled my order because of your fault. @115850,@403797 Please click here: https://t.co/5AddaJBniZ to know more about pricing. ^MP 2/2,2017-10-25 11:29:16+00:00,2017-10-25 11:59:49+00:00,87,86
2457849,2457853,2457854,"@AmazonHelp Hi dude, texts are in German, log in website is https://t.co/LbxII2o2k3. If I change .com to .de, nothing happens. https://t.co/udc19wZti1","@703967 Hi, wir können auch Deutsch. ;) Du kannst über folgenden Link die beiden Accounts verknüpfen: https://t.co/Mno2gb69Fe Funktionier das dann? Liebe Grüße ^TA",2017-11-16 09:51:30+00:00,2017-11-16 10:04:24+00:00,150,163
2151106,2151124,2151125,@AmazonHelp It's really pissing now,@550901 We understand the wait has been lengthy. We'll close the issue at the earliest. Bear with us more little more time. ^CB,2017-10-20 11:08:13+00:00,2017-10-20 11:10:32+00:00,35,127
622533,622531,622529,@AmazonHelp I tracked the order and there’s a picture of the package on my front door. Are these drivers instructed on where to leave packages? It was left on the front door in plain view sight.,@267757 I'd like to have a colleague take a look at this. Will you leave us your information here and we'll be in touch: https://t.co/KOJZIFZgit ^PF,2017-11-20 23:46:03+00:00,2017-11-20 23:54:00+00:00,194,148
320868,320861,320863,"@AmazonHelp It's been very long waiting for this,...worst service..no one takes responsibility for this..never expected from Amazon..","@171130 You must've received an e-mail from us, please check your mailbox. ^HT",2017-10-08 07:30:02+00:00,2017-10-08 07:44:00+00:00,133,78
227350,227358,227359,@AmazonHelp Did that already same pathetic results. Anymore lame suggestions?,@170232 I get your disappointment. The resolution provided is the best we can offer at this point of time. ^NK,2017-10-05 14:38:10+00:00,2017-10-05 14:57:00+00:00,77,110
421207,421210,421211,"@AmazonHelp @115850 No moment in package, and not being delivery despite of being in the destination city from tomorrow.",@215367 Orders placed with us are basically delivered as per the estimates shared. Kindly wait until the stipulated date. ^AB,2017-10-10 10:45:10+00:00,2017-10-10 11:03:00+00:00,120,125
1285046,1285044,1285047,@AmazonHelp Yes I contact ur customer service,@181312 Kindly revert to the same email for further insight on it. Our team will assist you accordingly. ^RW,2017-10-16 08:52:27+00:00,2017-10-16 09:24:30+00:00,45,108
2885620,2885623,2885624,"@AmazonHelp I'll quote the associate:
""I have checked the details for your order. 
Unfortunately the only available method is the pass my parcel method. 
But do not worry. Please return the item to a collectplus store by paying for the postage.""","@800360 I'm sorry for any trouble caused by this. That's not the experience we strive to provide. If you could give us another chance, we'd like to work with you directly on the return to provide the best resolution. You can contact us by phone here: https://t.co/JzP7hlA23B ^TH",2017-11-28 12:28:55+00:00,2017-11-28 12:45:00+00:00,245,278
2310269,2310272,2310273,@AmazonHelp I just pre-ordered it THANK YOU SO MUCH https://t.co/riWLjqZpvo,@147108 You're always more than welcome. Our happiness lies in your delight. ^CB,2017-11-14 10:21:41+00:00,2017-11-14 10:30:00+00:00,75,80
2584224,2584226,2584227,"@AmazonHelp ¡Muchas gracias! Excelente atención y servicio sigan así. 👍
Aqui ya ganaron un gran cliente.","@732308 Con mucho gusto, Sergio. Esperamos verte pronto. ¡Saludos! ^JQ",2017-11-17 00:36:43+00:00,2017-11-17 00:38:29+00:00,104,70
2296041,2296036,2296038,"@AmazonHelp sí, pone vendido y enviado por Amazon","@666642 Te recomendamos contactar a nuestro Servicio de Atención al cliente para reportar lo sucedido, por favor, ingresa a: https://t.co/OjvUxwnzPe ^HC",2017-11-12 21:40:18+00:00,2017-11-12 21:45:31+00:00,49,152
69821,69811,69812,@AmazonHelp I have not received any mail s from your end. My mail I'd is __email__,"@131812 We have sent you mail correspondence to your registered e-mail address; you may check this here: https://t.co/8DAc10S7ww. Also, please don't provide your order details, we consider it to be personal information. Our page is visible to the public. ^VH",2017-11-30 14:04:45+00:00,2017-11-30 14:32:00+00:00,82,258
712054,712053,712055,"@AmazonHelp I spoke to the most stupid people ever today.  Ever, in my life.  There is not enough space here to explain what happened.",@290282 We'd like to help any way we can! Could you summarize what you called in for? I have enabled DM for you. ^KJ https://t.co/1XyLaGkcaN,2017-10-10 23:05:20+00:00,2017-10-10 23:09:02+00:00,134,140
994360,994355,994357,@AmazonHelp Not sure what happened but it's working now :),"@355538 Yay! I'm glad it started working! If we can help with anything else, just let us know! ^CN",2017-10-22 16:22:02+00:00,2017-10-22 16:29:00+00:00,58,98
1669784,1669780,1669781,@AmazonHelp lo haré 😉 y seguro que irá genial! 😀,"@508374 Te deseamos mucha suerte en tu viaje, y esperamos que lo disfrutes mucho. !Abrazos!  💜🤗 ^AZ https://t.co/qt8HZdQGwH",2017-10-18 11:46:23+00:00,2017-10-18 11:59:02+00:00,48,123
440270,440221,440220,"@AmazonHelp I am not gonna stop, I would do any and everything 2 wxpose d fraudelents being done by amazon",@140964 Please check and reply on the same for further assistance. 2/2 ^MK,2017-10-25 17:12:08+00:00,2017-10-25 17:36:10+00:00,106,74
345863,345862,345864,@AmazonHelp Have done with the required thing.,@198303 Thanks for keeping us posted. Do let us know if the issue still persists or any further assistance is needed from our side. ^AB,2017-10-08 05:41:17+00:00,2017-10-08 05:57:26+00:00,46,135
1118619,1118618,1118620,@AmazonHelp Hav alrdy inform ur cusrcare.big liars sitting there.403-0312771-9515529. I never rejected or delayed orderbut thy mentioning it due to cust,@383922 Kindly place a new order and we'll make sure the same is delivered on time. Appreciate your understanding.(3/3)^HR,2017-10-24 05:10:46+00:00,2017-10-24 05:27:00+00:00,152,122
1816337,1816336,1816339,@AmazonHelp Order number 404-6707165-4644357. Twice the person came to pick up the device and on both the occasions the MEI number did not match.,@545625 Sorry to know about the pickup issue. Please share your details as requested earlier and we'll have the issue checked for you. ^KA,2017-10-18 03:18:21+00:00,2017-10-18 03:48:53+00:00,145,138
863883,863888,863889,@AmazonHelp I’ve tried that twice already! What’s the next step for me to take on this matter? Supervisor or management? I have all the screenshots,"@325154 Reaching out via the link above would be the next step, so we can take care of it appropriately by phone. ^QJ",2017-10-20 18:10:51+00:00,2017-10-20 18:32:28+00:00,147,117
2234242,2234245,2234246,@AmazonHelp cette réponse n'est pas acceptable quand c'est la 3ème ou 4ème fois que ça arrive et qu'on paye un abonnement,@651722 Les autres problèmes de livraisons sont avec le même transporteur je vous prie? ^BR,2017-10-19 16:53:18+00:00,2017-10-19 17:00:19+00:00,121,91
930261,930255,930257,"@AmazonHelp c'est bon, j'ai réglé ça avec le chat, merci !",@340689 Je vous en prie et très bonne soirée. ^ASZ,2017-11-20 20:47:04+00:00,2017-11-20 21:00:32+00:00,58,50
83366,83376,83377,"@AmazonHelp Your customer executive was extremely rude and kept on insulting and disconnected the call when I told her to provide me whatever confirmation she is giving me on call in written. Why are you guys so afraid to give something in written?
Fraudsters !!!","@134321 That's quite a remark! Apologies for the unpleasant experience you had with us. Our team is working on this. Please allow some time, we'll get back to you. Also, I've noted your comments and will forward this feedback internally.  ^SC",2017-12-02 11:10:37+00:00,2017-12-02 11:30:00+00:00,263,242
2276184,2276183,2276185,"@AmazonHelp it currently says ""dispatched"" Expected by Novermber 7th, the order was placed on 30th October.",@662030 I'm sorry it hasn't arrived! We strive to meet the delivery date given in your e-mail confirmation. We'd like to look into this with you. Please contact us here: https://t.co/JzP7hlA23B ^MO,2017-11-11 23:33:14+00:00,2017-11-11 23:42:28+00:00,107,197
144014,144005,144006,@AmazonHelp and why can't i use cod method till 2-3 prepaid orders,"@148568 In case, the COD option is on hold in your account then it is required to proceed with an alternative payment method for 2-3 orders upon that it would be reinstated. ^KA",2017-11-24 16:25:19+00:00,2017-11-24 16:56:14+00:00,66,177
972684,972683,972686,@AmazonHelp Mean while please initiate request to transfer all amazon pay balance to my bank account.No longer interested in shop with amazon(2/2),"@350715 I get the disappointment, Narendra. However, as mentioned we won't be able to re-instate a canceled order. 1/2^MS",2017-10-14 12:16:57+00:00,2017-10-14 12:25:25+00:00,146,121
2294571,2294569,2294568,@AmazonHelp 回答ありがとうございます。手続きしてきました。,"@666290 お手続きいただいたとのことで、良かったです（＾ω＾）
また、何かお困りの際には、お声がけくださいませ！
引き続き、Amazonをよろしくお願いします(o*。_。)oペコッ TY",2017-11-11 23:34:17+00:00,2017-11-11 23:54:00+00:00,35,96
1629849,2674346,2674347,"@AmazonHelp Yes, I called the customer service.","@498872 Apologies for the trouble you had to go through this, please share your details here: https://t.co/GoGfxHJsqo we'll assist you. ^SU",2017-11-19 13:03:25+00:00,2017-11-19 13:22:54+00:00,47,139
1248961,1248958,1248962,@AmazonHelp to constantly repeat themselves just to be told they're wrong and they know they're right. Shit is infuriating. I know where I live.,@413034 I understand your frustration. Please forward your details to us here: https://t.co/hBk2d1uIWI ^GM,2017-10-26 03:01:21+00:00,2017-10-26 03:34:55+00:00,144,106
1263420,1263412,1263414,@AmazonHelp Yes you did. Your customer care told me that max 30 min i vl gt a call frm delivery boy. That also didn't happen. Poor service.,"@415889 I'm sorry about the miss, Dipti. Kindly fill this form: https://t.co/beaaDm0muc and we'll fix this for you. ^GD",2017-10-26 18:28:07+00:00,2017-10-26 18:50:04+00:00,139,119
1041109,1041102,1041101,@AmazonHelp I HAVE NOT GOT ANY MAIL,@366246 reply to the email for further assistance.2/2 ^SB,2017-10-28 12:39:46+00:00,2017-10-28 12:51:27+00:00,35,57
1720466,1721680,1721681,"@AmazonHelp This morning, but have received same message for some time so thought I’d see if social media might get me somewhere","@520706 Hi, for your security we can't see your account here. Has a time frame been provided for a response to be expected? ^TS",2017-11-07 11:16:14+00:00,2017-11-07 11:39:26+00:00,128,127
574984,575317,575318,@AmazonHelp No they will not call me,@231112 Please reply to the correspondence from our specialist team with more insight on this so that they can reach out to you accordingly. ^VN,2017-12-03 10:21:41+00:00,2017-12-03 10:42:29+00:00,36,144
304431,304406,304408,@AmazonHelp Replied days ago. Sent a reminder too,@188700 share your details here: https://t.co/GIJyeYqKE0 and we'll look into it. (2/2)^SQ,2017-10-06 22:52:26+00:00,2017-10-06 23:15:27+00:00,49,89
1937663,1937659,1937658,"@AmazonHelp Nope, it's not here even though time has come. ¯\_(ツ)_/¯","@576410 Oh no! To verify, was your order placed on https://t.co/hSs9w9f1pF, https://t.co/5ol5X6rY2M, or one of our other Amazon sites? ^MB",2017-11-12 02:12:31+00:00,2017-11-12 02:23:51+00:00,68,138
1263936,1263935,1263934,@AmazonHelp Never seen it before :) thanks for confirming!,"@236995 No problem! If you have any other questions or concerns, please reach out to us anytime. ^TH",2017-10-26 11:28:25+00:00,2017-10-26 11:47:00+00:00,58,100
2179057,2179062,2179064,@AmazonHelp counsel your customer care to process refund instead of asking me to speak to spk to seller. i bought from Amazon and youbare respinsible.,@356999 Could you confirm if you've shared your details in the link provided earlier? ^SQ,2017-10-20 02:08:06+00:00,2017-10-20 02:20:32+00:00,150,89
2978229,2978221,2978219,@AmazonHelp Thanks for the quick reply. I’ll let you know if it shows up.,@459277 No problem! We are just as eager! ^LS,2017-11-30 03:34:44+00:00,2017-11-30 03:41:00+00:00,73,45
1470447,1470446,1470445,"@AmazonHelp Thanks for responding, @AmazonHelp. I didn't get any call from courier service provider. I hope they will deliver the parcel by tomorrow.",@461306 We'd like to get this checked. Kindly connect with our support team here: https://t.co/vlvfJr4nN9 ? ^MA,2017-10-16 20:07:14+00:00,2017-10-16 20:32:00+00:00,149,111
124700,124696,124694,"@AmazonHelp Otra pregunta. Compré una Laptop también importada pero como después de 1 semana un pixel se ""murió"", puedo regresar esa laptop como 'defectuosa'? Aun no han pasado los 30 días de recibirla.","@143930 Isley, puedes comunicarte con nuestros compañeros de Servicio al Cliente a través del siguiente enlace: https://t.co/2mkDD7wcdK? ^DS",2017-11-24 02:05:39+00:00,2017-11-24 02:10:00+00:00,202,140
1499765,1499762,1499761,@AmazonHelp Are you going to reimburse the money? Simple as that.,@120037 provided above so that we can assist you accordingly. (2/2)^SU,2017-11-03 14:51:43+00:00,2017-11-03 15:11:52+00:00,65,70
2317004,2317003,2317005,@AmazonHelp 発売日にちゃんと届くか心配になっているだけです。発売日は16日なのに発送予定日23日となってたら心配にもなってきますよね,@671784 発売日にお受取りいただくには、「発売日お届けの対象商品」で「お急ぎ便」でのご注文が可能な場合となります。恐れ入りますが、コンビニ払いご利用の場合は、発売日お届けの対象外となります。https://t.co/wUu9MWMNmV ET,2017-11-13 07:25:53+00:00,2017-11-13 07:30:56+00:00,72,124
663756,663755,663757,@AmazonHelp I paid for expedited shipping guaranteed by 8pm today. It’s been out for delivery since 10:45am but now says delayed until 11/23-11/30. It’s something I needed for thanksgiving...very frustrating.,@278191 I can certainly understand any frustration. We'd like a chance to look into the order and available options here: https://t.co/hApLpMlfHN ^LI,2017-11-23 02:32:36+00:00,2017-11-23 02:37:00+00:00,208,149
286823,286829,286830,@AmazonHelp just remain to be the best CS in the world. 👍,"@179251 Oh, stop! You're making us blush! 😊 ^LB",2017-10-06 20:26:02+00:00,2017-10-06 20:35:30+00:00,57,47
2261664,2261663,2261665,"@AmazonHelp Oui, ma commande amazon premium qui devait arriver avant 20h n’est toujours pas arrivé",@658483 pourriez-vous nous indiquer le transporteur s'étant occupé de la livraison de votre colis?^FT,2017-10-19 18:15:19+00:00,2017-10-19 18:20:00+00:00,98,101
2531005,2531007,2531008,@AmazonHelp Friday October 20th,"@720432 Sorry to see that, is the order fulfilled by Amazon or a 3rd Party Seller? ^JJ",2017-10-30 11:06:12+00:00,2017-10-30 11:10:00+00:00,31,86
1240489,1240486,1240484,"@AmazonHelp リプライありがとうございます。パスワードは恐らくですがあってるはずなのです,..,。でも忘れたのかなと思い、パスワード再設定のページに飛びましたが、メールアドレスを変更してしまったせいか設定時のメールアドレスをいれても確認がとれないと出てしまいお手上げ状態でございます。",@410965 さようでしたか。お手数ですがカスタマーサービスにてご対応について確認させていただきます。0120-999-373へお電話にてご連絡いただきますようお願いいたします。ET,2017-11-13 07:27:22+00:00,2017-11-13 07:35:03+00:00,147,92
919829,919828,919830,"@AmazonHelp This is great! I pay for my order, your guy delivers it to someone I don't know, shows I've signed it. Never shopping again. 👋 m","@338344 Sorry, it must be a scan code error. Please drop your details here:  https://t.co/cQVomR1pWz. 1/2 ^KH",2017-10-23 12:48:58+00:00,2017-10-23 13:13:33+00:00,140,109
121089,121088,121090,"@AmazonHelp What about trying to find out what exactly is going on? This kind of answer is even more disappointing than the actual issue. Seems nobody cares and I only get textbook answers from your support. Sure you can do better, no?","@142952 Feel free to contact us - the Amazon.de Social Media Team: https://t.co/br7bhrlJn8 
But I can't promise you that we can give you more information or bring your order to you ;-) Regards ^SM",2017-11-23 23:54:50+00:00,2017-11-24 00:17:29+00:00,235,196
413013,413015,413016,@AmazonHelp Gibts da ne Vorlage ? Ich kann nicht schlafen xd nur wenn man das mit 3-4 Produkten macht wird das ganz schön teuer,"@213578 Schau mal hier: https://t.co/7M84KcSxSt Diese Seite ist beim Produkt unter ""Hier klicken, um mehr über den AWS IoT-Button zu erfahren."" verlinkt. Als Bier-Alternative hätten wir noch das hier: https://t.co/CTqAEjLZej Du hast die Qual der Wahl 🍺🙂 ^DS",2017-11-25 06:07:03+00:00,2017-11-25 06:14:28+00:00,127,257
215077,215075,215074,"@AmazonHelp Dice que según llega hoy, pero aún no lo recibo y solo quedan 15min para la hora final de entrega de FedEx https://t.co/MqmlOxMfVo",@167100 ¿Has logrado contactar a FedEx para obtener más información? ^JQ,2017-10-05 01:46:17+00:00,2017-10-05 01:48:00+00:00,142,72
1668843,1668860,1668861,"@AmazonHelp Still no update and status of my order.
Pls check and help",@133241 &amp; reply for further concerns. 2/2 ^EM,2017-11-07 05:48:54+00:00,2017-11-07 06:13:28+00:00,70,49
683820,2723337,2723338,"@AmazonHelp Herzlichen Dank, das mache ich.",@283199 Sehr gerne!,2017-11-20 11:51:16+00:00,2017-11-20 11:53:00+00:00,43,19
660369,660367,660366,"@AmazonHelp YES i reported this last time, given no options, given a refund. Clearly these couriers still in use.  WAs home ALL day - FedEX, UPS, and USPS all delivered. Only YOUR courier ""attempted"" delivery and couldnt deliver towels, straws, and gravy strainer- no items that needed sig",@115848 We'd like to review this with you further. Please provide more information regarding the delivery here: https://t.co/AOCLBqTc3P ^QJ,2017-11-23 00:02:59+00:00,2017-11-23 00:11:55+00:00,289,139
2878672,2878670,2878669,"@AmazonHelp There is no status. It has been at ""A shipping label has been created"" with UPS since the order was placed.",@798976 Was the order dispatched? What was advised when you contacted us?^CN,2017-11-28 07:28:07+00:00,2017-11-28 07:30:56+00:00,119,76
1667727,1667726,1667725,@AmazonHelp I provided the shipping info. Do your job and investigate or escalate for me. Already been thru enough here,"@304718 Hi-We wouldn't have access to account or order info from here for security reasons, please use the link to contact directly. ^NV",2017-11-06 11:44:02+00:00,2017-11-06 11:57:36+00:00,119,136
1877686,1877685,1877687,@AmazonHelp From 3 days i am doing this same thing and they assures me for delivery but now i realized this is my worst mistakr,"@560484 Sorry about the delay in delivery. We'd like to investigate this, please share your details here: https://t.co/cQVomR1pWz. ^HA",2017-10-18 10:19:08+00:00,2017-10-18 10:29:02+00:00,127,134
2305743,2305742,2305744,@AmazonHelp More than 48 hours had passes an still 8 havent recieved an email and my account havent been unlocked. I really need this to get solved...,@668966 Have you checked your spam and junk folders? Sometimes our emails can end up there and then be unseen. ^CN,2017-11-14 00:15:43+00:00,2017-11-14 00:53:30+00:00,150,114
1557690,1557678,1557679,"@AmazonHelp Amazon logistics, je vient de demander un remboursement car cela fait 1 semaine (ou plus, commander le 30 octobre) que j’attend","@481484 Dans un souci permanent de qualité et d’efficacité,je vous invite à nous communiquer le numéro de suivi de votre commande.",2017-11-08 19:23:21+00:00,2017-11-08 19:27:37+00:00,139,130
2426052,2426051,2426053,"@AmazonHelp Thank you for your quick answer, but this looks strange. When one searches for ""L'aventure Layton Katrielle..."" there should be something like Layton among the results, so what does ""La nouvelle maison du style"" (The new house of style) have to do with it ? 😉🤔😏","@696650 I understand your point, but it is the system who made suggestions according to the closest desired category. ^MA",2017-11-14 19:26:19+00:00,2017-11-14 19:55:36+00:00,273,121
2610724,2610723,2610725,@AmazonHelp i have already sent that. but now I am sending it to all amazon users here along with the type of customer service,"@141432 I get your disappointment, Arghya. Could you let us know If you've received enough support in resolving the issue? If not, please let us know so that we can help you out. ^NK",2017-11-17 11:32:11+00:00,2017-11-17 11:47:58+00:00,126,182
505906,505901,505899,@AmazonHelp Will this do? https://t.co/nX8ZzimLyo,@236044 Thank you for that information. Was this item shipped by Amazon or a 3rd party seller? ^LM,2017-12-01 21:05:12+00:00,2017-12-01 21:12:00+00:00,49,98
843147,843138,843140,"@AmazonHelp I do not enjoy talking to support teams. I have escalated the issue to you, now get me the solution. Do not expect me to run pillar to post","@161042 I get your disappointment, Swaraj. Please fill this form: https://t.co/beaaDm0muc and I’ll contact you at the earliest. ^NK",2017-10-13 13:09:48+00:00,2017-10-13 13:27:32+00:00,151,131
2585546,2585545,2585547,@AmazonHelp I just realized I’m also missing an item from this order. Very unhappy. My order states “UPS SurePost”,@732649 Thank you for the updated information! We'd like to look into this with you further. Please contact us via phone or chat at the following link as we do not have account access on Twitter:  https://t.co/hApLpMlfHN ^MW,2017-11-17 18:27:24+00:00,2017-11-17 18:30:34+00:00,114,224
901038,901043,901044,@AmazonHelp No pick up yet what to do now,@333894 Kindly reply to the correspondence sent to your registered email id and we'll help you in getting this resolved. ^ZH,2017-10-16 07:43:38+00:00,2017-10-16 07:54:25+00:00,41,124
1582931,1582926,1582928,@AmazonHelp Yes that’s correct my laptop is getting full 🙈,@363792 If you've saved the item on Amazon Drive it will not be deleted unless you also do so on the Amazon Drive website. ^GR,2017-11-04 20:51:05+00:00,2017-11-04 21:00:17+00:00,58,126
2503577,2503576,2503578,@AmazonHelp Hello! I've just updated the app and the CC appeared! Happy days 😊  But thank you for your time&amp;fast response https://t.co/RIKa6YhmtH,@714024 Thanks for letting us know the update fixed it! We'll be here if you need anything else! 😁 ^MB,2017-11-15 20:44:18+00:00,2017-11-15 20:47:30+00:00,149,102
2467932,2467926,2467928,"@AmazonHelp Nope, has been ""Arriving today"" since I last checked.","@706115 We'd like to look into this further for you. When you have a moment, please provide us with your details here: https://t.co/LZtOQYU8W6 ^AC",2017-11-25 23:00:31+00:00,2017-11-25 23:04:00+00:00,65,146
1228688,1228684,1228685,"@AmazonHelp Solo a  __email__ y __email__, el otro no lo conocía","@408249 Te recomendamos contactar por medio de ese correo electrónico con los especialistas para más detalles sobre tu caso, Lusme. ^LG",2017-10-25 21:45:25+00:00,2017-10-25 21:47:00+00:00,64,135
989496,989497,989498,@AmazonHelp BeforEFEW-MONTH-I-BOUGHTVR-i-returned-the-vr-the-balance-hadbeenCOMEIN-MY-AMAZON-ACCOUNTAMOUNT-WAS800RS-NOW-MY-ACCOUNT-IS-EMPTY-IT-DIDNT-USE,"@354415 I understand your concern, please contact us here: https://t.co/rS49hgaADF so that we can assist you accordingly. ^JS",2017-10-14 11:53:54+00:00,2017-10-14 12:38:26+00:00,152,125
1404779,1404787,1404788,@AmazonHelp Already did but your representative is avoiding the issue with false clarification....,@446599 I'm sorry but the resolution provided over email is the best we could offer in this case. ^HK,2017-10-29 08:14:28+00:00,2017-10-29 08:42:24+00:00,98,101
1313377,1313375,1313373,"@AmazonHelp guaranteed delivery date of thursday october 26. it’s been resolved now, but unfortunately that resolution is a refund in 3-5 business days",@426851 I'm really sorry for the experience Allison. ^AT,2017-10-27 06:53:40+00:00,2017-10-27 06:56:29+00:00,151,56
155067,155066,155068,"@AmazonHelp I have had very bad experience with @1584

I see that while buying electronics, there is option of taking oneassist coverage.

But, OneAssist is a fraud company. Please check it's reviews.

Hope Amazon takes action and remove OneAssist from it's product list.","@151565 Thank you for writing to us, Arjun.  I'll be sure to forward your feedback internally. ^MK",2017-11-24 17:20:39+00:00,2017-11-24 17:51:31+00:00,271,98
1223572,1223564,1223566,"@AmazonHelp 24 hours, so its been 192 hours so far and waiting","@407059 Sorry for the delay with this listing Abhi. Which site do you sell on? https://t.co/nUUp5MLhYl, https://t.co/ykTUEmdsQA or any other? ^BD",2017-11-16 15:10:12+00:00,2017-11-16 15:30:31+00:00,62,145
418164,418163,418165,@AmazonHelp Cool cool. Thanks!!,@191547 You're welcome! Have a great rest of your night. ^JM,2017-10-10 04:24:53+00:00,2017-10-10 04:33:00+00:00,31,60
2929535,2929534,2929536,"@AmazonHelp The building is manned between 6am and 10pm, you claim to have attempted delivery twice now at 7pm and 8pm, therefore there were people here to take delivery! Yet email says ‘couldn’t leave unattended. I need it today so can you please make sure it arrives. No excuses",@810421 We want to make sure you get your order. Please let us know if it doesn't arrive by end of day today. ^CL,2017-11-29 06:44:01+00:00,2017-11-29 06:54:28+00:00,280,113
2318591,2318582,2318584,@AmazonHelp Alors cette vérification de dossier ?  :)),@672109 La personne en charge de votre dossier vous contactera au cours de la journée. je vous prie de patienter. ^FA,2017-11-14 12:24:42+00:00,2017-11-14 12:30:31+00:00,54,117
2662749,2662761,2662762,@AmazonHelp yes and now they are asking me to contact Manufacturer..I have provided all the proof you guys are not even bothered to respond or fix it @115850 @AmazonHelp @115821 @115851,"@750435 that can be produced at any authorized service center across India. In case any service center refuses to honor the warranty, please get back to us with a service denial letter and we'll look into this for you. (2/2) ^VM",2017-11-20 03:38:38+00:00,2017-11-20 04:03:00+00:00,185,228
481581,481704,481705,"@AmazonHelp Obviously it never arrived, around my road from 11.30 til 8 sometimes less than 40 metres away and then it updates to say we tried to deliver. You certainly didn't we've been in all day. Absolute joke",@229467 We'd like to look into available options with you! Please reach us by phone or chat using the link FR provided earlier. ^KJ,2017-12-01 20:19:03+00:00,2017-12-01 20:24:29+00:00,212,131
1048775,1048778,1048779,@AmazonHelp Very easy to find. Tracking says attempted delivery. Drivers don't like coming to us as our village is a 6 mile round trip for one drop.,"@367863 Very sorry Arley, this is not the service we expect. Please reach out - https://t.co/JzP7hlA23B we'd like to investigate ^TP",2017-10-23 07:34:31+00:00,2017-10-23 07:45:00+00:00,148,132
2290914,2290908,2290910,@AmazonHelp Thanks for reaching out with my concern. Much appreciated.,@665420 Anytime Jason :) Thanks for the update ^TP,2017-11-12 10:31:11+00:00,2017-11-12 10:46:57+00:00,70,50
81753,81757,81758,@AmazonHelp Haven't got any call from you till now. Don't even have the decency to inform me about the current status.,@134110 We apologize for the delay. We are working on your concern and we'll get back to you soon. ^VH,2017-11-30 15:13:02+00:00,2017-11-30 15:41:32+00:00,118,102
317890,317884,317885,"@AmazonHelp Morning! I arranged to drop a product in an Amazon locker, having requested a replacement through the site, but I got this. Any ideas? https://t.co/8mNvArTOSP",@191859 contact us here:  https://t.co/JzP7hlA23B we'll help you out. ^AS,2017-10-08 08:28:57+00:00,2017-10-08 08:40:28+00:00,170,73
2289424,2289422,2289421,@AmazonHelp That’s ok...is says this? https://t.co/JUgeOveJ8a,"@665111 Thanks for clarifying Sian. Best to get in touch, so we can raise this with the carrier directly - https://t.co/JzP7hlA23B Keep us posted. ^TP",2017-11-12 11:53:20+00:00,2017-11-12 12:24:56+00:00,61,150
540846,540845,540847,"Result?? 
#Amazonrechargequiz 
@AmazonHelp 
@115850","@223718 I'm sorry the results haven't been announced yet. Once the results are out, the winners would be notified via email. Kindly stay tuned for an update. ^EM",2017-12-03 02:48:25+00:00,2017-12-03 02:53:25+00:00,51,161
2017558,2017560,2017561,@AmazonHelp https://t.co/TVWaYwUqau,"@596664 Hello, yes you can return the item for a refund by following the instructions on this link https://t.co/cfZ5BBNZhu ^GA",2017-11-08 08:30:40+00:00,2017-11-08 08:37:25+00:00,35,126
2899641,2899645,2899646,@AmazonHelp Yes https://t.co/zxG6d9mJeQ,"@375898 Thanks for letting us know. I'd like a member of my team to look into this with you. When you have a moment, please click here: https://t.co/MLSW1fPyyp. We'll follow up shortly. ^BL",2017-11-28 18:01:48+00:00,2017-11-28 18:09:00+00:00,39,189
135081,135080,135084,@AmazonHelp @AmazonHelp Also would you be able to tell me if my package will arrive before 8pm as my work will be closed at 6pm,@146432 Hi Gavin. We wouldn't be able to specify a delivery time I'm afraid. Is the order being delivered to your work address? ^DC,2017-11-24 11:18:14+00:00,2017-11-24 11:23:00+00:00,127,131
1668306,1668339,1668343,@AmazonHelp The website doesn't show me how to contact them.,@508078 Here is some more info on how to contact the seller: https://t.co/b9FW5jD81F ^BA,2017-11-09 20:31:54+00:00,2017-11-09 20:35:01+00:00,60,88
1760492,1760490,1760493,@AmazonHelp https://t.co/yovDzndARt,"@529863 Thanks for replying, Susan! Can you please tell us more about what happened when you contacted customer support? ^AJ",2017-11-07 20:15:15+00:00,2017-11-07 20:21:30+00:00,35,124
2675336,2675335,2675337,@AmazonHelp Nope. Looks the same :/ when I search 4 the xmas title I get 2 different prices. However the top 1 is the heist book 1 when I change formats https://t.co/OhPk0VcsMD,"@753065 We would like to look into this further with you, can you contact us via: https://t.co/hApLpMlfHN Thanks. ^NV",2017-10-31 13:22:48+00:00,2017-10-31 13:26:00+00:00,176,117
2297129,2297133,2297134,@AmazonHelp No response...really pathetic platform,"@311500 That's quite a remark, Yogesh. Please check your inbox for a correspondence sent to your registered email. For any further concerns, please reply to this email and we'll assist you further. ^SV",2017-11-14 19:26:59+00:00,2017-11-14 19:44:34+00:00,50,201
575914,575922,575923,@AmazonHelp 以前１度オフにしたような気もするのですが、買い物等でよく利用していたのでうっかり設定し忘れていたのかもしれません。元々入ろうか迷っていたので、せっかくなので最大限楽しもうと思います。リプライありがとうございました。,@255515 ご利用いただけるとのこと誠にありがとうございます。特典には、プライム・ビデオをはじめさまざまなサービスをご用意しておりますので、ぜひたくさんご活用くださいませ。　◆特典一覧⇒　https://t.co/a4QNwGyvvr　SM,2017-12-03 09:02:17+00:00,2017-12-03 09:10:57+00:00,119,122
293275,293272,293270,@AmazonHelp ya estoy hablando con un compañero mediante chat,"@185860 Entiendo. Si requieres asistencia adicional, no dudes en contactarnos, Lucas. ¡Saludos! ^LG",2017-10-06 17:12:16+00:00,2017-10-06 17:13:52+00:00,60,99
182555,182550,182551,@AmazonHelp Well I placed my order a week ago,@158930 Please check your Message Center periodically today for emails regarding the codes: https://t.co/S6IgyiJM8t Keep us posted! ^FR,2017-10-04 17:57:12+00:00,2017-10-04 18:03:28+00:00,45,135
62376,62374,62373,@AmazonHelp Customer service helped me. Thank you.,@130291 Excellent! I'm so glad to hear we were able to resolve the issue for you. Thanks for letting us know! ^JN,2017-11-26 01:01:56+00:00,2017-11-26 01:06:26+00:00,50,113
790614,790608,790609,@AmazonHelp Already return requested through app..See in dm,@190601 I'm sorry to know return order is not yet collected. Please share your details here: https://t.co/GIJyeYqKE0 I'll assist. ^SV,2017-10-17 00:44:09+00:00,2017-10-17 00:55:00+00:00,59,133
343787,343782,343781,"@AmazonHelp 1. I was told to just delete items in cart 2. Change all my passwords (amazing email bank) 3.My account was ""wiped"" including all my books",@197808 I'd like someone from our team to take a closer look into this with you. Please enter your info here: https://t.co/QH8SYgwPaq ^NC,2017-11-07 15:44:29+00:00,2017-11-07 15:55:00+00:00,150,137
1420677,1420676,1420675,@AmazonHelp But they all say they are in stock?,@450278 Two-day shipping doesn't include processing times. You can learn more by clicking here: https://t.co/T0atcg40tp ^AY,2017-11-01 23:52:43+00:00,2017-11-02 00:30:40+00:00,47,123
232896,232895,232897,"@AmazonHelp But the discount is very less, any seller sell in dozen only ?","@171437 Also, items available on our website are subjected to quantity limit, appreciate your understanding. 3/3 ^AP",2017-10-05 12:02:43+00:00,2017-10-05 12:27:02+00:00,74,116
328433,328432,328434,@AmazonHelp i did and cannot find it anywhere ☹️,@194311 Who was the carrier listed for this order? ^DO,2017-10-07 18:08:34+00:00,2017-10-07 18:11:30+00:00,48,54
2756720,2756717,2756715,@AmazonHelp oh good thank you -- and this will work on black friday as well?,@228640 Black Friday deals can be found here: https://t.co/DTizDQBB2m ^BA,2017-11-21 02:43:35+00:00,2017-11-21 02:47:30+00:00,76,73
2965268,2965265,2965266,@AmazonHelp how do you know if it a third-party? all I know is that I bought this at https://t.co/iCzmpMV5gV my Order# 702-0942615-6341035,@818095 We'd like to go over this with you. Please reach out to us via phone here: https://t.co/Q7Ftz6nj80 ^KP,2017-11-29 22:54:03+00:00,2017-11-29 23:00:01+00:00,138,110
911947,911949,911950,@AmazonHelp today. and yet i have no notifications for delivery or anything for that matter. everythings gone silent. have been really waiting for it,@336582 Kindly get in touch with our support team here: https://t.co/rS49hgaADF ^AK (2/2),2017-10-21 07:28:43+00:00,2017-10-21 08:02:01+00:00,149,89
1128064,1128069,1128070,@AmazonHelp Issue is that i had ordered for a headphone and that was not upto the mark so I returned. Stopped the replacement too. Looking for my refund,@385947 We apologize for the delay in the refund. Please share your details here: https://t.co/GIJyeYqKE0 and I'll help you. ^ZH,2017-10-25 05:21:22+00:00,2017-10-25 05:25:01+00:00,152,128
1179629,1179628,1179630,@AmazonHelp It was #PrimeNow window was 6-8p last night &amp; I watched driver drive AWAY once in 'hood. #inept,@381148 Have you received any email communication from us regarding this order? Please be sure to check your spam/junk folders. ^CN,2017-10-24 22:01:21+00:00,2017-10-24 22:04:28+00:00,111,131
388797,388796,388798,@AmazonHelp I have tried each and every way to communicate the issue to Amazon but no body resolved the same. Frustrating service from @AmazonHelp,@207999 We'd like to sort this. Please write to us here: https://t.co/GIJyeYqKE0. We'll check and reach out to you accordingly. ^VN,2017-10-09 14:14:07+00:00,2017-10-09 14:40:01+00:00,146,131
751707,751700,751702,"@AmazonHelp The carrier is Amazon Logistics and I've called a few times, no one can reach the driver. I need to reach the driver",@299661 Thanks for confirming that with us! Please give us your details so we can look further into this: https://t.co/ymBot15SQ5 ^KJ,2017-10-11 18:27:07+00:00,2017-10-11 18:31:27+00:00,128,133
2535368,2535370,2535371,"@AmazonHelp Right OK. What about my other problem/question?
https://t.co/jcEhB7NIxX","@721333 Hi Dom, sorry but we don't have info regarding the Fire TV support in the UK at the moment, the agent you reach via the link sent by ^ES will be able to look into the issue with music playing when a call ends. ^JJ",2017-11-16 08:23:31+00:00,2017-11-16 08:30:00+00:00,83,221
1537545,1537544,1537546,"@AmazonHelp Today/Monday, really doesn't matter. Just odd, as you say, was expected both days. Did look this morning &amp; said would arrive today by 8 pm.","@476653 Just to confirm, what's the most recent tracking information state for your order here: https://t.co/Y5jpI9gRhE? ^HC",2017-11-04 01:54:03+00:00,2017-11-04 01:58:34+00:00,155,124
1783419,1783424,1783425,@AmazonHelp USPS tracking # 934198__credit_card__,"@535840 Typically, late packages will arrive the following business day. Please keep us posted on the arrival. ^JA",2017-10-18 00:43:49+00:00,2017-10-18 00:47:00+00:00,49,114
711118,711116,711115,@AmazonHelp Thank you for reaching out it was AMZL US,@290063 We'd like to look into this for you. Please provide your contact and order information here: https://t.co/N932JAfkwe ^AG,2017-10-10 21:31:06+00:00,2017-10-10 21:38:44+00:00,53,128
390398,390397,390400,@AmazonHelp und das ist keine antwort auf meine frage gewesen,"@208425 Uns war jetzt in erster Linie wichtig, ob dein Anliegen gelöst werden konnte, oder ob noch Handlungsbedarf besteht. ^MS",2017-10-09 15:40:08+00:00,2017-10-09 16:13:31+00:00,61,127
297372,297371,297373,@AmazonHelp Yes but the only option is to buy Amazon Prime https://t.co/WDHttpUkT2,"@186829 If all three items are dispatched by Amazon, we'd like to assist you directly via phone/chat here: https://t.co/JzP7hlA23B ^JR",2017-10-06 19:09:02+00:00,2017-10-06 19:14:11+00:00,82,134
600277,600275,600274,@AmazonHelp I used https://t.co/eh1R2bsGiA!,@262360 Thanks for confirming with us! Have you checked for a recent e-mail from our Account Specialist? This e-mail may be found in spam and junk folders as well! ^VB,2017-12-03 20:45:48+00:00,2017-12-03 21:00:05+00:00,43,167
440355,440357,440358,@AmazonHelp Vous l'avez dans vos DMs. Merci !,@219486 Je vous remercie. ^BR,2017-10-25 19:03:58+00:00,2017-10-25 19:14:22+00:00,45,29
982263,982256,982254,"@AmazonHelp Yesterday, and again today. Email response says they tried to contact me - not true. No contact or missed calls on Mob No provided","@352899 thanks, they will be in touch again, we cannot unlock your account it is solely at their discreation ^AS",2017-10-14 09:23:14+00:00,2017-10-14 09:25:29+00:00,142,112
1744042,1744048,1744049,@AmazonHelp please share link again.,@526001 Please fill in your details using the link: https://t.co/JzRdscmdH9 and I'll get in touch with you soon. ^AK,2017-11-11 05:14:13+00:00,2017-11-11 05:35:31+00:00,36,116
2774126,2774119,2774117,"@AmazonHelp Destiny 2 , Raimbow six siège et quoi qu’on en disent The division. 😉",@775307 Génial. 🙂 C'est les meilleurs jeux de tir d'ailleurs. 😍 Jouez-vous sur PC uniquement ou également sur console ? ^SB,2017-11-21 14:50:31+00:00,2017-11-21 14:56:00+00:00,81,123
361001,361003,361004,@AmazonHelp Already looked and nothing. Your policy allows for fraudulent delivery messages? How is that even acceptable?,"@201481 Who was the carrier listed for this order, here: https://t.co/Y5jpI9gRhE ? Please let us know! ^LB",2017-10-08 17:31:23+00:00,2017-10-08 17:55:26+00:00,121,106
926317,926315,926318,"@AmazonHelp But yes, I've contacted Amazon Customer Services. If the item has been stolen by the driver, I want to know, and them sacking.",@337296 What exactly did customer service advise? ^PK,2017-10-14 10:23:48+00:00,2017-10-14 10:34:00+00:00,138,53
742430,742438,742439,"@AmazonHelp c'est bien normal, vous êtes tellement fiables &amp; réactifs :)",@216940 😍,2017-10-11 17:20:04+00:00,2017-10-11 17:27:47+00:00,76,9
441932,441926,441927,@AmazonHelp And thrs no information that can breach the account. I hope @115850 has that much of security intact for user's data #AmazonIndia,@219794 support team through the link provided above? 2/2 ^SH,2017-10-11 06:43:26+00:00,2017-10-11 07:05:00+00:00,141,61
2964054,2964056,2964059,@AmazonHelp After my last email to customer service I received a response saying someone would get back to me in 6 hours. This is after a day of talking with customer service. . .,@817836 Are you noticing these delays happen with a specific carrier? https://t.co/Y5jpI9gRhE ^MH,2017-11-29 22:34:50+00:00,2017-11-29 22:39:48+00:00,179,97
1267628,1267630,1267631,@AmazonHelp Thank you. How will they contact me? And how do they know which order number this is in reference to?,@240244 email correspondence that was sent to you by our team. 3/3 ^NK,2017-10-26 16:51:21+00:00,2017-10-26 17:14:31+00:00,113,70
1988697,1988692,1988690,"@AmazonHelp Well I got a call, but i don't see things getting any better. They are asking me to wait till end of the day. Let's wait. Though I know what would happen as it's happening for the third time.",@588595 Kindly wait as requested. I'm positive that you'd receive your package. Do keep us posted. ^RI,2017-11-18 12:46:58+00:00,2017-11-18 13:00:31+00:00,203,102
2318148,2318150,2318151,"@AmazonHelp Vous voulez dire comme je le fais à peu près tous les 2 jours depuis plus d'un mois et que rien n'avance ?
Cela ressemble plus à une politique de dissuasion qu'à une volonté de régler un problème technique...","@672027 N'ayant pas accès à votre compte, Le service concerné peut accélérer les choses, il suffit de les relancer par e-mail :  __email__
^YL",2017-11-13 10:48:57+00:00,2017-11-13 10:55:00+00:00,220,142
650061,650063,650064,"@AmazonHelp Yes. The one delivered to the wrong address, was dropped off at my house by the person who received it in error. The other two are MIA.",@274546 can you see order tracking on the order? https://t.co/Y5jpI9gRhE ^AS,2017-11-25 07:19:14+00:00,2017-11-25 07:22:29+00:00,147,76
2878652,2878658,2930655,@AmazonHelp dear sir/mam i order a redmi 3s battery in 19-11-2017 but any status not show on my amazon account. so kindly please so my redmi 3s battery status.,"@810676 I'm sorry for the delay, this was never intended. Twitter being a public platform we do not have access to your order details. Please report this to our customer service team here: https://t.co/vlvfJr4nN9 and we'll be glad to help you. ^SI",2017-11-29 07:12:46+00:00,2017-11-29 07:35:00+00:00,159,247
440270,440254,440253,@AmazonHelp Already dropped all my details via this link as well as via mail __email__..  All mum No reply @1840 @12934 @115851,@140964 Thank you for dropping in your details. Our team will look into it and get in touch with you. ^NS,2017-10-24 07:45:01+00:00,2017-10-24 07:50:26+00:00,127,105
2874115,2879509,2879510,@AmazonHelp Thank you Amazon🙏. You are always a very trusted name and I have NO complaints from you. I made a mistake by purchasing the phone from @132995 authorised dealer @110334,@799137 You're welcome! We are glad to hear it from you. Please do let us know in case of any further assistance. ^BS,2017-11-28 08:36:42+00:00,2017-11-28 08:51:55+00:00,180,117
265993,265997,265998,"@AmazonHelp It was not closed,I was standing in front of supervisor,said Amazon strictly tells @118706 to leave packages outside if no one is there",@179371 I'm sorry for the poor experience. I hope we can provide a better experience in the future. ^WT,2017-10-06 01:00:15+00:00,2017-10-06 01:07:01+00:00,147,103
277290,277285,277284,@AmazonHelp Oui j'ai demandé un remboursement car l'article commandé ne me servira plus après aujourd'hui... Et pour le principe aussi,@182234 Je suis désolé d'apprendre cela :( ^AR,2017-10-14 13:43:40+00:00,2017-10-14 13:49:00+00:00,134,46
2305796,2307136,2307137,@AmazonHelp I'm still having the issue but I've narrowed it down.  It appears to happen if I'm in the Netflix app (I haven't tested it with other apps yet). If i go back to the home screen before I switch to the TV input I don't seem to have a problem.,"@669289 Hi there! I'm sorry to hear about this! When you have a moment, please reach out to us directly here so that we can take a look into this for you: https://t.co/JzP7hlA23B ^SM",2017-11-20 12:24:12+00:00,2017-11-20 12:42:00+00:00,252,182
311606,311608,311609,@AmazonHelp I never received an email telling me why it was delayed. I had to go on to the website to see that it wasn't arriving today.,@190408 We'd like to look into our available options. Please reach us here: https://t.co/hApLpMlfHN ^AG,2017-10-07 03:39:22+00:00,2017-10-07 03:43:30+00:00,136,103
261746,261745,261744,@AmazonHelp Said they were lost in transit. https://t.co/MEPu5OwRnC,@178328 Have you had a chance to reach out by phone so we can explore our options? You can do so here: https://t.co/EKXRLsnxJu ^GR,2017-10-03 21:44:32+00:00,2017-10-03 21:49:28+00:00,67,130
1299544,1299543,1299545,@AmazonHelp Shipped and sold by amazon.,@423731 Thank you for informing us! You can leave direct feedback via e-mail here: https://t.co/hApLpM3Ejd ^EB,2017-10-26 23:29:42+00:00,2017-10-26 23:48:14+00:00,39,110
1929432,1929431,1929433,@AmazonHelp I have tried that before I tweeted keeps saying error !,"@574155 Due to the error message, please contact us via phone or chat here: https://t.co/JzP7hlA23B Keep us updated! ^DA",2017-10-18 15:24:26+00:00,2017-10-18 16:03:03+00:00,67,120
1711380,1711386,1711387,@AmazonHelp Does the amazon tap have a touch screen?,"@518423 The Amazon Tap doesn't have a touch screen. To learn more about our devices, follow here: https://t.co/Qhzvv3G0an ^AG",2017-11-07 03:41:00+00:00,2017-11-07 03:47:00+00:00,52,125
838571,838570,838572,"@AmazonHelp Who are you??
Don't want fake assurance on twitter , want the product, which @115850 is unable to deliver!",@319547 Please share your details on the link above and we'll get back to you soon. ^PS,2017-10-13 11:02:12+00:00,2017-10-13 11:12:26+00:00,118,87
2895987,2895983,2895981,"@AmazonHelp In fact, the app makes it seem like you guys aren't even sure where my packages are.  I am greeted with the following ""We're sorry your package is late             We're working to get your package back on track.""",@709078 I'm sorry we were limited to details when you had contacted us. Did we ask you to wait longer for its arrival? That sounds like a transportation delay but we still have the package and it's still on the way. ^MG,2017-11-28 16:19:58+00:00,2017-11-28 16:27:35+00:00,225,219
775045,775050,775051,"@AmazonHelp いえいえ。

一般的な会社でいうところの、棚卸しみたいな事と重なったりしたのかな??

って、現場を心配するツイートだったのが、制限文字数の関係で私もかなり端折りましたから、誤解をさせてしまったと思います(;^_^A

改めまして、お返事ありがとうございましたm(__)m","@305176 とんでもないことでございます。こちらこそ、そのように言っていただけて,
大変恐縮でございます。
厚かましいことではございませんが、今後ともhttps://t.co/st4oU5QbhPをご愛顧賜りますよう、よろしくお願いいたします。 RI",2017-10-12 03:48:41+00:00,2017-10-12 03:55:33+00:00,148,127
779520,779519,779524,"@AmazonHelp You took my money , didn't download content, wiped out ALL my earlier books. 
Order #D01-8815411-8434218
Placed on Tuesday 26 September 2017",@306166 Sorry for the trouble. We're unable to access your account details over Twitter. Kindly share your details on 1/3 ^PS,2017-10-12 05:47:01+00:00,2017-10-12 05:54:32+00:00,152,125
304562,304564,304565,@AmazonHelp Where’s the direct link to your email form? You guys make it so hard just to contact you.,"@188725 The link SB provided is our contact page. You can chat, e-mail, or set up a call through this page. ^LJ",2017-11-04 04:54:12+00:00,2017-11-04 05:01:55+00:00,101,111
2531141,2531138,2531139,@AmazonHelp No I want the skirt. Site says it's still available. I need the skirt by Saturday. Here is my order number https://t.co/QLKVB6iIY3,@720452 We are not able to access your account via Twitter. I'm sorry for any inconvenience this may cause. We'd like another chance to look into this for you in real time. Please reach us via phone or chat here: https://t.co/hApLpMlfHN. ^AL,2017-11-16 17:47:44+00:00,2017-11-16 18:00:00+00:00,142,241
1339631,1339630,1339632,@AmazonHelp It said they can’t be returned 😢,@432470 Oh no! Was this shipped by Amazon or a third-party seller? You can check here: https://t.co/Y5jpI9gRhE ^NN,2017-10-27 15:27:46+00:00,2017-10-27 16:54:29+00:00,44,114
1911965,1911967,1911968,@AmazonHelp Alles klar. Vielen Dank,@569542 Bitteschön. :-),2017-11-25 14:56:52+00:00,2017-11-25 15:16:00+00:00,35,23
1401542,1401544,1401547,@AmazonHelp U really do? Ur agents have earned an attitude of audacity. How do u ensure to offer the spirit of AMZ - Customer Delight? @16828,@445872 We regret the inconvenience. Request you to share your details via the secure link provided earlier. ^SB,2017-10-20 05:22:01+00:00,2017-10-20 05:33:00+00:00,141,112
2364630,2364629,2364631,"@AmazonHelp No, not delivered to my address, contained medicine for my sick dog. Disappointed is an understatement but know you’ll make it right.",@682694 We'd like to look into this for you. Please reach out to us via phone or chat here: https://t.co/tDUFFFc6Th ^BE,2017-11-14 03:15:42+00:00,2017-11-14 03:19:00+00:00,145,119
577085,577077,577079,"@AmazonHelp No they didn't! Ranji at your customers services cancelled it. It was ""guaranteed"" to arrive on Tuesday. I complained. On Saturday he cancelled it.","@255818 I am really sorry for the experience, Alex. There may have been a logistical issue in getting the order to you. Did Ranji give any more info?^SM",2017-12-03 10:33:52+00:00,2017-12-03 10:41:27+00:00,159,152
633697,633696,633698,"@AmazonHelp Me tira uma duvida? Quando devolver o livro e receber o reembolso em vale presente, posso comprar qualquer coisa?",@204355 Oi Bru. Pode comprar sim. ^JJ,2017-11-22 20:35:20+00:00,2017-11-22 20:39:31+00:00,125,37
1514329,1514336,1514337,@AmazonHelp It's for https://t.co/UKjAZRNmoj I'm getting messed about here 😡,@471367 Please use this link to get in touch with our https://t.co/ykTUEmdsQA support team: https://t.co/JzP7hlA23B ^WM,2017-11-03 19:37:47+00:00,2017-11-03 19:40:44+00:00,76,119
2859960,2859959,2859961,"@AmazonHelp Bonsoir, non il s'agit du PC que j'utilise d'habitude à domicile. Simplement je ne m'étais pas connecté depuis longtemps, et j'ai aussi un compte au nom de ma société.","@794735 Le système bloque automatiquement les commandes en cas d'activité inhabituelle sur le compte, avez-vous signalé cet incident à notre Service client je vous prie ?
^KE",2017-11-27 22:36:09+00:00,2017-11-27 22:46:00+00:00,179,174
373961,373960,373962,"@AmazonHelp 試してみましたが無理でした。
カスタマーサービスに何度か電話してみましたがいつも只今混み合っておりますしばらくしてからお掛け直しください。といわれます。","@204635 ご不便をおかけしており、申し訳ございません。パスワードがはじかれるということですと、こちらからもサインインできない状況かと存じます。https://t.co/9MrnYzUDVs
電話が繋がりにくい状況の場合は、誠に恐縮ですが、お時間をあけてご連絡ください。RI",2017-10-09 06:53:08+00:00,2017-10-09 07:05:00+00:00,88,139
1179640,1179642,1179644,@AmazonHelp Agent has told their system said delivered to Locker but collection code has been provided to me or them,@235758 Was this parcel being delivered to one of our Amazon Lockers? Please double check your spam/junk folder for the e-mailed code! ^ML,2017-10-24 22:20:37+00:00,2017-10-24 22:29:32+00:00,116,138
319167,319522,319524,@AmazonHelp plz chk https://t.co/rNFZ35R0dA,"@192124 In that case refunds take 3-5 business days to process, depending on the bank's processing time.(1/2) ^CB",2017-10-07 11:16:17+00:00,2017-10-07 11:37:00+00:00,43,113
1545713,1545726,1545727,"@AmazonHelp No, I already addressed that.",@478710 What seems to be the problem on this one? ^AT,2017-11-04 10:50:03+00:00,2017-11-04 11:13:00+00:00,41,53
1003715,1003717,1003718,@AmazonHelp Still the same issue can you fix it asap before the offer ends,"@317639 Sandeep, we've flagged the issue to our internal teams, we don't hav a timeline as to the resoltion. ^MS",2017-10-14 16:11:41+00:00,2017-10-14 16:41:01+00:00,74,112
207760,207758,207757,@AmazonHelp Thx for response! I can't get my product out of draft mode and there are no red/highlighted fields to fill out even though it says there are,"@165136 We don't have access to account info via Twitter, but would like to help. Please reach out here: https://t.co/hApLpMlfHN ^VS",2017-10-04 16:38:03+00:00,2017-10-04 16:50:04+00:00,152,132
1151124,1151121,1151122,@AmazonHelp Why don't you email me. Why should I keep on opening the Amazon App.,"@161042 It looks like your account is registered with your mobile number. To receive emails directly, you can add your email 1/2 ^MK",2017-10-15 16:54:39+00:00,2017-10-15 17:34:31+00:00,80,132
2828792,2828790,2828789,@AmazonHelp Sold by: Amazon EU S.a.r.L.,@787787 Sorry to see you received the wrong CD. Please check here for return/replacement options: http:https://t.co/5RcjVPJgUP ^ES,2017-11-27 11:52:06+00:00,2017-11-27 12:02:57+00:00,39,130
926324,926334,926336,@AmazonHelp There is no enabled option. Like I said you have recently changed my delivery options because a few months ago I was able to get delivery,@339798 Hi George. Please get in touch - https://t.co/JzP7hlA23B we'll be happy to look into your issue further. Keep us posted. ^TP,2017-10-14 06:02:24+00:00,2017-10-14 06:16:42+00:00,149,132
2549013,2550258,2550259,@AmazonHelp Waiting since so long cant u see that blind people. Don’t want any appreciation from you.^mf @115850,"@295979 My apologies, Jatin. We will get back to you at the earliest. ^KS",2017-10-30 15:07:55+00:00,2017-10-30 15:30:01+00:00,112,73
1427953,1427952,1427955,@AmazonHelp Thanks for the prompt response. I wish I can get the replacement like that too. The form is dully filled. #poorservice #CustomerExperience,"@451695 Thank you for keeping us posted, Arvind. We will have this checked and will get back to you at the earliest. ^KS",2017-11-06 15:50:06+00:00,2017-11-06 16:19:32+00:00,150,120
2775439,2775437,2775435,@AmazonHelp I tried on Friday and was told to wait. It’s now hit my credit card and I have to pay off £190 more than needed to avoid interest.,"@325958 When you spoke with us, did we provide a time-frame for the wait? ^SB",2017-11-18 19:39:59+00:00,2017-11-18 19:42:00+00:00,142,77
1209858,1209865,1209866,"@AmazonHelp Customer care mentions that refund is processed however can Amazon prove that refund is credited or processed, if not then why ask me?",@404007 Kindly share your details through the link mentioned above so that our team would reach out to you with the information. ^PR,2017-10-25 12:31:02+00:00,2017-10-25 12:49:15+00:00,146,132
1260837,1260862,1260863,@AmazonHelp @115821.in @99545 can you both plz co-ordinate well ? Can we still trust @115850 for online transactions ?,"@383566 I get your concern, Himesh. Please reply to the email sent by us. We'll check your details and assist you. ^SV",2017-11-08 01:25:03+00:00,2017-11-08 01:28:57+00:00,118,118
674329,674323,674322,@AmazonHelp The team picked up the return package. Thank you!,"@280818 You're welcome, I'm sure as soon as the product return to us, the refund will be issued. ^SI",2017-11-23 09:05:36+00:00,2017-11-23 10:04:00+00:00,61,100
428284,428286,428288,"@AmazonHelp N° Commande #404-9570833-9647541

Transporteur : Amazon Logistics, n° de suivi C20019334163
Est-ce suffisant?",@216865 je vous suggère de signaler cela à notre SAV afin d'ouvrir une enquête auprès du service de livraison et vous envoyer 1/2,2017-10-10 13:48:29+00:00,2017-10-10 14:08:34+00:00,121,129
180621,180625,180626,"@AmazonHelp Again false commitment in email.Hi news channels now please take up the matter. Amazon is cheating customers
@144775 
@115821 
@734 https://t.co/djqlLeDiXa",@158464 We'll not be able to access your account over twitter. Please share your details and we'll reach out to you. ^HD,2017-10-04 17:42:03+00:00,2017-10-04 18:12:28+00:00,167,120
1121760,1121770,1121771,"@AmazonHelp I agree, I should have. But well, I didn't, except 'we are looking into it'. I have been hearing that since past 5 days. I do not like to resort to twitter, but that's the only way to get some attention to the matter at hand it would seem.",@384600 I'm sorry it is taking longer than expected. Please reply to the email received from us and we shall get back to you. ^SH,2017-10-26 05:32:54+00:00,2017-10-26 05:58:00+00:00,251,129
2780525,2780524,2780526,@AmazonHelp Yes after ordering @142696 dvd in the date for a signed copy my daughters been eagerly waiting as she spent her pocket money on it to receive a box of batteries instead it’s disgusting service and refusing to replace is down right disgraceful considering it must have been staff,"@776590 I'm very sorry to hear you received the wrong item, Nicola! Was this item coming directly from us or one of our sellers? You can check here: https://t.co/aaDyEz1VgE ^TH",2017-11-21 17:12:35+00:00,2017-11-21 18:00:00+00:00,290,176
1622223,1622216,1622214,"@AmazonHelp Debe llegarme como muy tarde este viernes, día 20, pero lo que me extraña es que tarde tanto y ni siquiera haya información de seguimiento.",@497034 ¿Has verificado este informacones?➡️ https://t.co/YngSOZFsmm . ^MB,2017-10-17 12:04:10+00:00,2017-10-17 12:08:00+00:00,151,74
2302022,2302020,2302019,@AmazonHelp Hat tatsächlich Spaß gemacht. 😂 Schönen Abend Ihnen!,@668067 👍 schön zu hören! Ebenfalls noch einen schönen Abend! ^NW,2017-10-19 20:56:16+00:00,2017-10-19 20:58:33+00:00,64,65
606181,2032892,2032893,"@AmazonHelp conversation between us, and it's been 7 days till no solution found and you guys have used this paitence message more than 20 times. So is this justifying your way of work??
Yesterday only gone to @15316 office and got this from will surely fill and submit tomorrow https://t.co/260tPy4Qwl",@264061 The resolution provided to you over email is the best we can offer at this point in time. I request you to kindly wait for an update from our team. Appreciate your understanding. ^HR,2017-11-26 12:23:01+00:00,2017-11-26 13:25:54+00:00,302,190
1172614,1172613,1172615,"@AmazonHelp Dice pago Amazon, siempre me  llega un correo confirmando mi compra, ahora no llego nada ni hay pedido en mi historial, solo el cargo en TD","@395805 Si el cargo no se explica con esta información: https://t.co/qyQhiE7xzq, por favor contáctanos acá: https://t.co/beR78zMMYB. ^JQ",2017-10-15 20:42:04+00:00,2017-10-15 20:45:25+00:00,151,136
707911,707909,707908,"@AmazonHelp I did, I went to my local post office and they said it was not their department and referred me to a phone #, which nobody answered...","@289231 That isn't ideal! Please, reach us directly so that we may leave carrier feedback on your behalf: https://t.co/hApLpMlfHN ^JE",2017-10-10 20:00:34+00:00,2017-10-10 20:05:00+00:00,146,133
2602982,2602986,2602987,@AmazonHelp I've already done that. My neighbour is my safe place which has been successful several times.,@736628 Have these delivery issues happened with the same carrier?^PK,2017-11-27 13:50:29+00:00,2017-11-27 13:57:00+00:00,106,69
1368945,1368944,1368946,@AmazonHelp Thanks I had it resolved 10 minutes after you sent that.,@322955 Good to hear! Thanks for the update. ^TS,2017-10-30 12:13:48+00:00,2017-10-30 12:16:28+00:00,68,48
2139732,2139731,2139733,"@AmazonHelp It was supposed to be here Tue, 7 Nov. by 9pm EST (they had all day). And now today it says it was out in the morning, and still hasn't arrived. Pretty horrible I think.","@629281 Typically, late orders arrive the next business day. If yours doesn't arrive, please contact us here: https://t.co/hApLpMlfHN ^NN",2017-11-08 22:35:12+00:00,2017-11-08 22:55:34+00:00,181,137
11603,11602,11604,"@AmazonHelp Not in the mailbox, not on the porch, not in my house, not at the neighbors. This was a Prime order, late/lost again.",@118235 I'm sorry those steps didn't help! Who was the carrier for this order? You can check here: https://t.co/Y5jpI9gRhE ^BL,2017-11-01 01:10:15+00:00,2017-11-01 01:28:00+00:00,129,126
2922657,2922663,2922664,"@AmazonHelp Hola, acabo de llamar a DHL para rastrear el paquete y me dicen que ayer lo entregaron a las 2 pm pero en la página de Amazon no viene actualizada esta información, me ayudan, por favor?","@808822 Gualu, ¿este producto es vendido y distribuido por Amazon o por un vendedor externo? ^ES",2017-11-29 15:42:27+00:00,2017-11-29 15:46:29+00:00,198,96
1371425,1371423,1371422,@AmazonHelp No all I have got is the message saying dispatching now,@439223 When is the current delivery date? Has this date passed yet? ^TM,2017-11-06 19:48:22+00:00,2017-11-06 19:55:06+00:00,67,72
160396,160393,160392,@AmazonHelp 😂 😂 alles gut.. Waren nur zwei. War schon okay so. Sicher ist sicher. Kokosöl Flasche war drin.,"@152948 Wunderbar! Das klingt, als sei alles heil angekommen. Schönen Abend! ^BL",2017-11-24 18:25:27+00:00,2017-11-24 18:28:29+00:00,107,80
1515272,1515268,1515270,"@AmazonHelp Unbelievably, the replacement was shipped in the same flimsy packaging and also arrived damaged. Not even sure what to say at this point.",@471564 We'd like to escalate this issue for you. Please contact us by phone or chat: https://t.co/hApLpMlfHN ^KB,2017-11-11 17:07:57+00:00,2017-11-11 19:32:33+00:00,149,113
1020973,1020972,1020974,@AmazonHelp Extremely sorry for the idiotacy. Was so much angry on the case that didn't consider about the details,@266920 That's completely fine. Request you to connect with our support team and we'll get this resolved. ^SK,2017-10-14 16:47:29+00:00,2017-10-14 17:07:00+00:00,114,109
802442,802441,802443,@AmazonHelp Requested since two days still no invite,"@197649 We send a limited number of invitations each week to customers, so keep an eye on your inbox.^SB",2017-10-14 04:27:34+00:00,2017-10-14 06:11:28+00:00,52,104
182830,182823,182822,@AmazonHelp I can pm you my order number to check,"@159016 Since we do not have access to orders or accounts over Twitter, we would not be able to access your details. There may ... 1/2",2017-10-04 17:04:20+00:00,2017-10-04 17:16:32+00:00,49,134
1057376,1057373,1057374,@AmazonHelp Item is showing cannot be returned.when the content of the product hasn't been delivered.I need the item to delivered n not refund.,"@369663 Yes, it is a non-returnable item &amp; we are sorry for the shipment you received. 1/2 ^MJ",2017-10-18 08:30:34+00:00,2017-10-18 08:54:00+00:00,143,98
163579,163576,163575,@AmazonHelp How many times?Should I drop my request again and again ? You don't have trail of communication. https://t.co/t0XypDyvoE,"@153834 Apologies for the hassle. Please reply to the same correspondence and we will assist you.
Please don’t provide your order details as we consider them to be personal info. Our page is visible to the public. ^AH",2017-11-21 05:42:32+00:00,2017-11-21 06:18:00+00:00,132,217
2473389,2473388,2473390,@AmazonHelp Unable to open this link I have already give all information regarding the miscommunication given by amazon,"@707232 I'm sorry to know you are unable to share your details. As this is a public platform, we wouldn't be able to check your details. Please try accessing the link from a browser. Do keep us posted. ^SV",2017-11-15 20:33:52+00:00,2017-11-15 20:52:30+00:00,119,205
448258,448256,448255,"@AmazonHelp Thankyou. Turns out delivery is late, should be due 1-4 Dec. Disappointing","@221191 I'm sorry for the delay, David. Please keep us in the loop and let us know if you receive it by the new delivery date. We want to make sure you get it too! ^TG",2017-11-30 20:05:05+00:00,2017-11-30 20:13:29+00:00,86,167
1905643,1912613,1912614,@AmazonHelp I hv already initiated process to register but what abt earlier purchase ..I ll loose nearly 10k of genuine credit #GST,@567849 You can get in touch with our business team via the link shared above and seek info about the same. ^SG,2017-10-18 16:41:39+00:00,2017-10-18 16:49:01+00:00,131,111
856936,856940,856941,@AmazonHelp  https://t.co/lxl9z6t2bx,@323490 Looks like it may be an issue with stock. We'll e-mail you once we know what's going on with it ^TR,2017-10-13 16:06:15+00:00,2017-10-13 16:12:30+00:00,36,107
2549468,2549466,2549469,"@AmazonHelp Your delivery agent keeps on missing the delivery every month and then mark as 'delivered', now i am running behind your cc, extremely poor","@324114 Sorry about the delivery. We'd like to investigate this, please share your details here: https://t.co/cQVomR1pWz. ^HA",2017-10-30 14:32:42+00:00,2017-10-30 14:51:00+00:00,151,125
2338675,2338674,2338683,@AmazonHelp Yes but he is saying that it's seller price he is selling on his price,@676548 Pricing and offers are a decision of the seller. Our third-party marketplace sellers are able to sell items at any (1/2)^VM,2017-10-20 06:35:58+00:00,2017-10-20 07:02:29+00:00,82,131
2710877,2710865,2710864,@AmazonHelp I got my money but I am totally unhappy with you guys.,"@743843 Apologies for the experience, Mohit. I'll share your comments with our internal teams for review and to improve our services. ^SV",2017-11-18 21:22:32+00:00,2017-11-18 21:27:57+00:00,66,137
1279828,1279841,1279842,@AmazonHelp Make sure the delivery takes place before 2pm.,@366269 We'll not be able to promise time specific delivery. We'll arrange a pre delivery call if required. ^MJ,2017-10-27 06:58:27+00:00,2017-10-27 07:02:00+00:00,58,111
2880420,2880413,2880411,"@AmazonHelp If this was a £20 item I’d understand, but it’s not - so I do expect Amazon to honour the agreed delivery date.",@166376 I am very sorry to hear this. Can you please reach out to us through the link below so we can look into this for you: https://t.co/JzP7hlA23B.^GA,2017-11-28 08:34:28+00:00,2017-11-28 08:39:00+00:00,123,153
295769,295764,295766,"@AmazonHelp one book is showing up not on my author page where the other two are, how can i fix that?",@186443 Please contact us via https://t.co/DTnFr9wX4F so we can look into this with you!,2017-10-06 18:00:22+00:00,2017-10-06 18:16:03+00:00,101,88
1546688,1546690,1546691,@AmazonHelp I tracked the order. It reached Pune Hub on Mon I.e. on 30.10.2017.  But still didn't deliver it.,@478941 Sorry to know about the delay in the delivery. Kindly report this to our support team here: https://t.co/rS49hgsbvd ^AK,2017-11-04 08:50:52+00:00,2017-11-04 09:08:28+00:00,109,127
530718,530713,530711,@AmazonHelp Nope! I didn't receive an email. I get an apology when I check my tracking information. ¯\_(ツ)_/¯,@242922 Is there an indication of a new time frame for the delivery? ^BD,2017-12-02 10:25:07+00:00,2017-12-02 10:28:00+00:00,109,72
2614178,2614180,2614181,"@AmazonHelp J'ai demandé mardi soir la livraison en point relais près de chez moi. La livraison sur mon compte est toujours au 14/11 et ""en retard""... Sympa","@739007 Avez-vous vérifié le suivi sur le site ""colis privé"", afin de voir si le colis a été bien déposé en le relais?^FT",2017-11-17 14:15:33+00:00,2017-11-17 14:29:01+00:00,156,121
1755287,1755295,1755297,"@AmazonHelp You were of no use.
#FeelingSorry for Being a #PrimeMember since July.
#Warnings for other don't become one.
#UselessApp","@528615 That's quite a remark, Ajit. Please share your details from the link provided earlier. (1/2) ^SV",2017-11-07 20:37:26+00:00,2017-11-07 20:39:41+00:00,132,104
649644,649643,649645,@AmazonHelp Yes and as you can see it had 6h45mins left at just gone five. So what can be done? This is ridic #AmazonDeals #AmazonUk,"@274429 These deals are only available while supplies last, and some color combinations may be more expensive than others. What is the price you're seeing now? ^JS",2017-11-22 21:30:07+00:00,2017-11-22 21:36:00+00:00,132,163
550535,550528,550530,"@AmazonHelp That’s the problem, the TPLink smart plug works with the original Echo, but not the Dots",@248248 Are you getting any error messages? Have you tried these steps: https://t.co/MYM7uVn4tH? ^EP,2017-12-02 19:07:53+00:00,2017-12-02 19:28:01+00:00,100,100
865571,865570,865569,@AmazonHelp nous avons deja un post a ce sujet merci de continuer sur celui ça ne regarde pas monsieur BOISSEAU,@191924 Quel est le transporteur qui prend en charge votre livraison SVP ? ^BR,2017-10-09 18:25:40+00:00,2017-10-09 18:32:00+00:00,111,78
719867,719861,719866,"@AmazonHelp @115850 ...Its really frustrating that even after 3 days, the issue could not be sorted out",@217503 We've sent a correspondence to you here: https://t.co/8DAc10S7ww regarding this. Kindly check and revert. ^VN,2017-10-11 17:15:29+00:00,2017-10-11 17:25:02+00:00,103,117
1424686,1424685,1424687,@AmazonHelp That didn’t work it still keeps doing it. Only works when I ask for specific albums not shuffle. Other artist is horrific,"@450985 Since that didn't help, Dave, I suggest contacting us by phone or chat here: https://t.co/hApLpMlfHN Keep us updated! ^DA",2017-10-28 21:53:04+00:00,2017-10-28 21:58:32+00:00,133,129
1257790,1257786,1257787,"@AmazonHelp I have requested a cancellation, but if I order a new one, you say it will arrive by Saturday? What’s going on? https://t.co/FdOs063gkK",@414739 Looks like when you can have the order delivered. Sorry to hear your order was delayed. ^MC,2017-10-26 08:48:45+00:00,2017-10-26 08:56:29+00:00,147,99
2332774,2332771,2332770,@AmazonHelp I am following up with Amazon since last 2days. Only assuring the delivery within 48hrs. Wanted to gift someone on Wednesday. @115850,@336223 provide your details here:  https://t.co/nnVJWtYXUz and I'll get back to you. 2/2 ^SH,2017-10-20 04:12:11+00:00,2017-10-20 04:37:08+00:00,145,93
1223149,1223147,1223145,@AmazonHelp When customer doesn’t get prompt response then they are liable to do so anyways talk about the solutions!!!,@407002 Sorry about the unpleasant experience. Please share your details here: https://t.co/cllwXc2HeK &amp; we'll get in touch with you.^BS,2017-11-02 11:34:23+00:00,2017-11-02 11:51:34+00:00,119,140
1699075,1699074,1699076,@AmazonHelp __credit_card__ was apparently posted through letterbox at 13:26 yesterday. Item prob wouldn’t fit in letter box. Checked with neighbour,@515281 Thanks for clarifying Matt. Best to get in touch so we can raise this directly with the carrier -  https://t.co/JzP7hlA23B ^TP,2017-10-29 10:35:53+00:00,2017-10-29 10:49:25+00:00,148,134
1598689,1598688,1598690,@AmazonHelp Refund has now been offered,@491007 Thanks for letting us know! Please keep us updated on the outcome! ^KH,2017-10-17 10:39:10+00:00,2017-10-17 11:03:28+00:00,39,78
1586220,1586228,1586229,"@AmazonHelp Done. Let's see if you guys understand the issue. 1hr back to I loaded some money in Amazon Pay, still not reflecting. Takes ages to show up and you guys don't see what's the problem. Really?",@488007 We've received your details. We will get back to you at the earliest. I understand your concern regarding the Amazon pay balance. Please reach our support team here: https://t.co/vlvfJr4nN9 and we will look into it. ^AH,2017-11-26 06:38:18+00:00,2017-11-26 07:15:54+00:00,203,227
69669,69667,69664,"@AmazonHelp I am waiting to hear back from the seller. I don't really think a reason would even matter right now. I paid, and then some time later they shipped it. Could I get it for the same price I purchased it for if they put it back up for sale? Can't find anything similar on Amazon.","@131788 Hi Rachelle, really sorry about this. Unfortunately, we wouldn't be able to give you any info in regard to sellers prices, due to them being individual sellers, we have no control over their prices. Have you emailed them to ask if they can send out another? 

- Jenna",2017-11-30 09:39:12+00:00,2017-11-30 09:55:00+00:00,288,275
271910,271896,271897,@AmazonHelp I was informed d refund will be done by Oct7. It's HASN'T.  have quite a few purchases 2 make &amp; I need the money. (1/2),@180884 Sorry about the stretch. I'd like to help. Please write to us here: https://t.co/GIJyeYqKE0 and I'll reach out to you. ^SA,2017-10-10 05:09:26+00:00,2017-10-10 05:55:00+00:00,135,130
314383,314379,314381,"@AmazonHelp @119356  @115821 Dear Amazon, Since you have failed to keep your commitment, I have decided to CANCEL this particular order
which was supposed 2 be delivered on 24 Nov17.Apart from this, I have cancelled all orders in transit. Hope I'll get refund for all these cancelled orders.",@191053 I'm sorry for the experience you've had. We never intended this inconvenience. Kindly share your details here: https://t.co/GIJyeYqKE0 so that we can assist you in a better way. ^GD,2017-11-26 16:22:20+00:00,2017-11-26 17:03:26+00:00,291,189
529032,529031,529033,"@AmazonHelp I ordered early yesterday, has said due for today on all 4 items and now the app says 2-5th","@242500 Apologies Jack, this is now one of the busiest shopping period of the year. During this busy period, some deliveries may take slightly longer than usual. More information can be found here:  https://t.co/WQDLCJU6jX ^BD",2017-12-02 09:24:56+00:00,2017-12-02 09:28:27+00:00,103,226
2769103,2769102,2769104,@AmazonHelp I calld ur service center after 3 days n one of the attendees assured me that has taken d complain n will arrange for pickup in next 2 days... The package was packed d same day n applied for refund / return.,"@774215 Sorry for the delay, Amit. We'd like to assist you. Please share your details here: https://t.co/beaaDm0muc and we’ll contact you at the earliest. ^NK",2017-11-21 14:14:35+00:00,2017-11-21 14:22:36+00:00,219,158
453175,453171,453172,"@AmazonHelp No, not sure why because they extended the return window to a year. However they've just said 'we have lied, that policy is false information'... Is this for real Amazon? 🙈",@222523 We'd like another chance to look into all available options. Please contact back once more by phone for real-time help: https://t.co/hApLpMlfHN ^LI,2017-12-01 00:05:30+00:00,2017-12-01 00:13:00+00:00,184,155
2966396,2966395,2966397,@AmazonHelp Yes. 3 so far this week. 2 arrived today (2days late) and one was supposed to arrive today and I have again received a sorry it's delayed email instead of my package. This last one did not even get picked up to be delivered today.,"@818380 Thanks for that information! We'll do all we can to help. Without any account or personal details, please confirm for us who the carrier is on these orders here: https://t.co/Y5jpI9gRhE ^SG",2017-11-29 23:13:59+00:00,2017-11-29 23:24:25+00:00,242,197
843147,1128099,1128102,@AmazonHelp I want a reply on Twitter. I will not let you get away easy.,"@161042 I get your concern. However, we can't view your account details from Twitter. [1/2] ^HA",2017-10-15 15:01:22+00:00,2017-10-15 15:18:00+00:00,72,95
279680,279679,279681,"@AmazonHelp Das habe ich gesucht, vielen, vielen Dank! Super! 😃",@182669 Na wunderbar. Schön wenn wir helfen konnten! 😊 Hab einen tollen Start ins Wochenende! ^TG,2017-10-06 09:57:30+00:00,2017-10-06 10:04:30+00:00,63,97
2597071,2597073,2597074,@AmazonHelp They said they turned it off all 3 other times I had to call,"@735315 Thank you for this information. When you spoke with us, were we able to provide a reason for the charge? For example: playing a Prime video, borrowing a book from Kindle Owners' Lending Library, or placing an order with Two-Day shipping. ^LR",2017-11-17 04:52:34+00:00,2017-11-17 05:13:52+00:00,72,249
132348,132340,132342,@AmazonHelp I’ve tried that too! Just get ‘it’s been marked as delivered’,@145861 Have you had a chance to reach out to the courier? https://t.co/2Vw61TN5Sd ^RO,2017-11-24 13:27:15+00:00,2017-11-24 13:34:50+00:00,73,86
1744109,1744081,1744082,"@AmazonHelp Yes, same mail id is used for place order.","@526003 The email ID from which the details were sent, doesn't belong to the order related account. Kindly use this link to club your mobile account to your email address:  https://t.co/qlBC0bC3Vl. Please refill your details post this and we'll take it up. ^PB",2017-11-10 14:56:06+00:00,2017-11-10 15:17:31+00:00,54,260
478523,478525,478526,@AmazonHelp I was not given a new date for arrival. I did receive an email and text that it's delayed.,@228691 May I ask which carrier is delivering your parcel?^CN,2017-12-01 13:14:28+00:00,2017-12-01 13:17:00+00:00,102,61
1357654,1357641,1357642,@AmazonHelp Waiting for tiresome but Lying is not. You people are pro at it. Lying since 100 hrs.,"@313517 I understand your concern, Arif. Please revert to the correspondence you've received from us. I'll get back to you. ^HD",2017-10-16 16:36:53+00:00,2017-10-16 17:01:29+00:00,97,127
1108234,2161778,2161777,@AmazonHelp This i have done 10 times. i have had chat and call everything but still no written confirmation on my product return request . Amazon india is cheater.. #amazonneedmy15k,@634815 We're unable to access your account details on Twitter. Please share them on the link above. We'll assist you. ^PS,2017-11-09 07:09:32+00:00,2017-11-09 07:37:00+00:00,182,122
280388,383284,383285,@AmazonHelp By follow up i dont mean just a bookish email reply. I need the final result/outcome on this issue pls.,"@182810 I understand your concern. As informed earlier, please respond to the same email and we'll look into this. ^MK",2017-10-26 18:27:20+00:00,2017-10-26 18:39:00+00:00,115,118
407456,407455,407457,"@AmazonHelp Mi cuenta está suspendida, se supone que tenía que contestar el correo para resolver esto y no he recibido respuesta.",@212125 ¿Cuándo enviaste la información solicitada? ^JQ,2017-10-09 23:31:13+00:00,2017-10-09 23:33:00+00:00,129,55
622371,622367,622369,@AmazonHelp I dont understand. We have Amazon Prime Video in India.,"@267727 I understand your point. However, as informed earlier the device is Geo-location specific. You can place an order for the device sold on amazon.in to the shipping address in India. ^NR",2017-11-22 18:12:04+00:00,2017-11-22 18:24:44+00:00,67,192
444312,444308,444307,@AmazonHelp I haven't had any indication of a time/ date to expect the package to be collected! Any idea how i can find out? Thanks!,"@220252 Hey Nia. As we don't have access to account info here, best to get in touch -  https://t.co/JzP7hlRCV9 we'll be happy to look into your return further. Please keep us posted. ^TP",2017-11-22 09:43:36+00:00,2017-11-22 09:48:29+00:00,132,186
497354,497358,497359,"@AmazonHelp Ce n'est pas vous le SAV ? Pouvez-vous faire passer le message, merci.","@233687 L'accès aux détails de votre compte client est nécessaire et cela est impossible depuis Twitter, merci de nous joindra via https://t.co/hgIrz98cdI ^KD",2017-12-01 23:15:19+00:00,2017-12-01 23:20:26+00:00,82,158
321963,321962,321964,"@AmazonHelp Yes but y’all didn’t email me to remind me of my free trial up, so now I’m waiting on a refund","@192709 Sorry, refunds can take up to 5 business days to process, please keep us posted. ^JJ",2017-10-07 13:42:19+00:00,2017-10-07 13:45:30+00:00,106,92
1147813,1147824,1147826,"@AmazonHelp Now i will just stop using @115850 and would share my posts with my friends and suggest them to not use @115850 
My last tweet
Thankyou","@388804 I understand your disappointment. Please be assured, we'll be able to assist you once we receive your email revert. (1/2) ^GS",2017-10-26 05:06:40+00:00,2017-10-26 05:31:13+00:00,147,133
141131,141130,141132,@AmazonHelp Tinha uns 2 meses! Agora faltam os outros da lista hahahhaha (porque lista de livros nunca tem fim!) 😘,"@147826 Com certeza! A minha lista de livros é infinita rsrs, e espero que continue assim! Espero que aproveite bastante Ludimille! 😃 Que tenha um ótimo fim de semana! ^NP",2017-11-24 14:20:04+00:00,2017-11-24 14:35:00+00:00,114,171
182583,182577,182575,@AmazonHelp i guess this is going the same way as the phone call to you,"@158935 I'm sorry for your poor experience. If you'd like, pls tell us more in the survey sent at the end of the phone conversation. ^KJ",2017-10-04 17:10:06+00:00,2017-10-04 17:23:00+00:00,71,136
1450028,1450027,1450029,@AmazonHelp La fecha de entrega era el día 31 de octubre. Ya he hablado con atención al cliente de Amazon y no pueden ni ellos ni yo contactar con ASM,"@456474 @130709 ¿podrían ayudarnos con este pedido? Gracias. Santi, en caso de que no recibas respuestas, avisanos. ^DA",2017-11-02 18:56:40+00:00,2017-11-02 19:00:09+00:00,150,119
128087,128021,128022,@AmazonHelp No I haven't received any mail of that type..resend me,"@144768 We have sent you an email on 26th November. For further concerns, request you to reply to the mail and we will assist you accordingly. ^VH",2017-11-27 17:09:26+00:00,2017-11-27 17:21:33+00:00,66,146
1206017,1206016,1206018,@AmazonHelp The delivery date was originally 2. Oct but got moved to 4 (without explanation). https://t.co/1qiVU6A45r,@232347 Thanks for including the image. We'd like to look into this. Please reach out to us here: https://t.co/JzP7hlA23B ^BH,2017-10-15 22:34:47+00:00,2017-10-15 22:48:00+00:00,117,125
727847,727846,727848,@AmazonHelp I purchased an item and amazon charged me twice,"@294368 Thanks for letting us know, Robert! When you place an order, we may send an authorization: https://t.co/R1vgQ1AzBn ^FD",2017-10-11 15:58:33+00:00,2017-10-11 16:02:39+00:00,59,126
2772368,2772364,2772369,@AmazonHelp Só passou uns 4 dias e já estão bem pertinho💙,"@774912 Ah, que bom que você conseguiu aproveitar nossos descontos! Nos envie uma foto da sua compra assim você receber o pacote, para dividir a felicidade! :3 ^CR",2017-11-27 00:35:28+00:00,2017-11-27 00:45:34+00:00,57,163
917838,917837,1843615,@AmazonHelp I am still not getting any update from your side as well as delivery side. Should i cancel my all pending orders,"@337892 Apologies for the delay in delivery. You must have received a correspondence to your registered email address, request you to check the same and reply back for any further assistance. You can also find all the emails sent by us here: https://t.co/5DJ1e0hTXH. ^AR",2017-11-26 07:00:32+00:00,2017-11-26 07:32:00+00:00,124,270
1199448,1199447,1199451,@AmazonHelp I need a call on this no 9818238051,"@200292 As this is a social media platform, we can't view your account/order details. Please elaborate on your concern (1/2)^HR",2017-10-25 08:36:14+00:00,2017-10-25 09:10:05+00:00,47,127
2668698,2668697,2668699,"@AmazonHelp Hmm... Have used that card for ages, and don't have any orders pending... And still no sign of the money being returned!","@751687 We'd still like to assist. To clarify, do you have any subscriptions with Amazon? There is more information here: https://t.co/Wzy6z5N5Nq ^SJ",2017-11-27 19:48:35+00:00,2017-11-27 19:55:44+00:00,132,149
2909138,2909137,2909139,@AmazonHelp @805429 It was delivered via AMZL US (the order was from my account).,@805430 I apologize for this. I would like a member of our team to look into this for you. Please provide more info here: https://t.co/keW1G3K1Uk,2017-11-28 21:11:36+00:00,2017-11-28 21:14:27+00:00,81,145
990368,990363,990364,"@AmazonHelp I was promised via your chat service that my card wouldn’t be charged for this, but now I have been anyway. Not really amused... https://t.co/ediYI7uKqs",@354593 My apologies. Jasper. What were you advised when you contacted us back following the chat? ^DC,2017-10-24 08:57:19+00:00,2017-10-24 09:07:06+00:00,164,102
532668,532666,532665,"@AmazonHelp I orderd for wet mop,i hv not received the item but sms got for deliverd. https://t.co/nCbS8UVu9T",@243386 We apologize for the conflicting update. Allow our support team to investigate this. You can report this here: https://t.co/R3EfhyZiK1 . Please don't provide your order details as we consider it personal information. Our twitter page is visible to public.^CB,2017-12-02 10:57:26+00:00,2017-12-02 11:05:34+00:00,109,266
1075297,1075288,1075290,@AmazonHelp No way I am gonna go to that link 5th time. Do your work properly &amp; solve from your end.,@359367 I get your frustration and I'm sorry about this. Request you to reply to our email for further assistance. ^HA,2017-10-23 16:54:53+00:00,2017-10-23 17:22:47+00:00,104,118
322040,322046,322048,@AmazonHelp Hi @AmazonHelp - is there anyway I can send me old kindle to for it to be recycled?,@192725 I'm glad to hear you're interested in recycling your old Kindle! You can find out more about how to recycle your Kindle device here: https://t.co/cCTIYtCcuS. I hope this helps! ^BN,2017-12-01 06:47:37+00:00,2017-12-01 06:58:48+00:00,95,188
2278305,2278309,2278310,@AmazonHelp This is what they say. However I’m running out of time for my wedding if they don’t arrive soon. And it will be too late to reorder. https://t.co/fqO8gnQcJi,@315042 Hi Donna. Was your order sold via seller or Amazon directly? ^TP,2017-11-12 08:42:13+00:00,2017-11-12 09:01:30+00:00,168,72
2321068,2321074,2321075,"@AmazonHelp i don't care about this order id,what i do care about is my product that is stuck at your warehouse along with my hard earned money.",@292688 We'd like to check this and work on it right away. Could you please confirm if you've shared the details in the link provided earlier? ^MO,2017-11-13 14:30:50+00:00,2017-11-13 15:00:39+00:00,144,146
937278,937277,937279,@AmazonHelp shows undeliverable which is quite frankly rubbish as it's been in process for 36 hours !!!,"@342197 Have you had a chance to contact us? If not, please feel free to do so here: https://t.co/JzP7hlA23B ^BG",2017-10-21 18:36:54+00:00,2017-10-21 18:46:29+00:00,103,112
2356857,2356856,2356858,"@AmazonHelp I’ve already looked in this page, the parcel was delivered by ‘amazon shipping’ and when I try to look for their contact details I am directed to ‘my orders’ on the amazon site. From here I see no way of flagging the failed delivery.","@680849 I understand your concern. At your convenience, give us a shout anytime here: https://t.co/JzP7hlA23B We'll be happy to assist in real-time to see what's going on with your order. ^SK",2017-11-13 20:35:26+00:00,2017-11-13 20:39:00+00:00,245,191
2943253,2943247,2943249,"@AmazonHelp Incredibile. Anche a sto giro nulla. 
“È stato effettuato un tentativo di consegna” dicono. Notare che io sono chiuso in casa.",@482500 Mi spiace! Segnala l'accaduto al Servizio Clienti da qui: https://t.co/7NPoeJyjRX. ^CS,2017-11-29 15:30:06+00:00,2017-11-29 15:32:34+00:00,138,94
16882,16862,16861,@AmazonHelp U people not even understanding the situation...there was fire on stove n if cylinder got fired what worst could happened...,@119703 I'm sure our team would reach out to you soon. (2/2) ^VM,2017-10-19 04:27:27+00:00,2017-10-19 06:06:10+00:00,136,64
2887365,2887364,2887366,"@AmazonHelp Oh jeez hi. It hasn't been shipped, the seller actually contacted me and suggested I cancel the order so nothing has been shipped or changed other than it needing to be canceled.","@800695 Hi Kirsten,

Here are step by step instructions on how to cancel an order, https://t.co/JQpNKJCPEK\\

-RD",2017-11-28 12:55:02+00:00,2017-11-28 13:19:00+00:00,190,113
1391546,1393957,1393959,@AmazonHelp Just said 24-48 hours and nothing. And 48 hours time is already completed.,@295979 I'm sorry for that. Please reply to the email that you have received from the social media team. ^BV,2017-10-28 16:14:09+00:00,2017-10-28 16:41:31+00:00,86,108
2360467,2360472,2360473,"@AmazonHelp Bjr. Les colis amazon ont été livrés à mon entreprise mais pas le mien. De + la dernière mise à jour des détails de la livraison date de vendredi 10. Donc je pense que le statut ""Livraison prévue aujourd'hui avant 20h"" est bloqué depuis vendredi et que le colis n'arrivera jamais.","@681664 J'en suis navré. Veuillez dans ce cas contacter notre SAV afin qu'un suivi puisse être fait. Vous pouvez contacter le SAV via ce lien :  https://t.co/hgIrz98cdI
^ARC",2017-11-14 13:50:37+00:00,2017-11-14 14:08:29+00:00,292,173
1009231,1009230,1009232,"@AmazonHelp The product works, though the collector's value is gone because of poor shipping. It's inexcusable.",@358806 I understand how frustrating this may be. We value your feedback. Please provide your thoughts here: https://t.co/KRFjprS3TV ^VB,2017-10-22 22:44:33+00:00,2017-10-22 23:03:00+00:00,111,136
1622310,1622308,1622307,@AmazonHelp Und das muss dann auf 3 verschiedene Versender sein? Das hätte auch 1 auf dem Auto haben können. Der Umwelt und dem Kunden zuliebe.,"@497048 Wir versenden aus dem jeweiligen Logistikzentrum so, dass es am schnellsten auf dem Weg zu dir ist. Danke für dein Feedback ^TA",2017-10-17 11:59:09+00:00,2017-10-17 12:01:29+00:00,143,135
338119,338126,338127,@AmazonHelp Still was not delivered today. This was the latest my updates said it would be.,"@196707 We don't have acct access via Twitter, so reach us via phone/chat and we'll explore options together: https://t.co/hApLpMlfHN ^KN",2017-10-11 17:37:28+00:00,2017-10-11 17:43:01+00:00,91,137
111839,111833,111832,@AmazonHelp 1 commande par colis privé et l’autre par également par colis privé.,@140837 L'avez-vous signalé à notre SAV ? ^SN,2017-11-23 10:57:16+00:00,2017-11-23 11:24:25+00:00,80,45
1917125,1917130,1917131,"@AmazonHelp Form filled, still no response from @115850 @AmazonHelp Pathetic service continues.",@571012 We have sent a correspondence to your registered email id. Request you to check and reply back for further assistance. ^SB,2017-11-08 11:40:16+00:00,2017-11-08 11:56:00+00:00,95,130
2338460,2338455,2338459,@AmazonHelp Already did that. I'm not satisfied with their response too.,@676497 I understand your concern. Orders are shipped to meet the estimated delivery dates. Could you please confirm if (1/2) ^ST,2017-10-20 06:17:56+00:00,2017-10-20 06:25:33+00:00,72,129
1194504,1194508,1194509,@AmazonHelp Also I've paid twice and expecting refund on both.,@400676 send us the details using the link provided by 'MK' and I will look into the issue right away. (2/2)^SF,2017-10-25 04:45:14+00:00,2017-10-25 05:24:26+00:00,62,111
2301357,2301356,2301358,@AmazonHelp Thank you for your concern. I called customer service and it was rectified.,@667905 You're very welcome! I'm glad we were able to get that taken care of for you. ^DG,2017-11-12 22:56:09+00:00,2017-11-12 23:03:00+00:00,87,89
339918,339917,339919,@AmazonHelp For the last five orders! Waited 56 mins for a supervisor Jessica to get on the phone with no solution. #Cancelprime,@197175 Are you seeing a trend with the same carrier for your orders? You can check this here: https://t.co/Y5jpI9gRhE ^DW,2017-10-08 00:12:47+00:00,2017-10-08 00:20:11+00:00,128,122
527761,527763,527764,@AmazonHelp thats what ive already tried which let to me JOINING TWITTER to complaint here,"@237635 I am afraid we can't see your account or order details here. If you click the link provided by my colleague you can contact us by Phone, chat or email and we can look at the order details.^BZ",2017-12-02 09:13:19+00:00,2017-12-02 09:19:00+00:00,90,199
2682208,2682210,2682211,@AmazonHelp Doesn’t say anything about why,@754527 Please reach us via phone or chat so we can look further into this: https://t.co/JzP7hlA23B ^AB,2017-10-31 16:45:29+00:00,2017-10-31 16:47:35+00:00,42,103
2226373,2226371,2226369,"@AmazonHelp gotta love how you refund an order you have failed to delivery for over a week, rather than replace it cos the item costs a few pounds more! been on hold to staff more than 15 mins just to see if they can cancel the refund &amp; get me my item!","@280562 Hi Dee, I'm sorry to hear about that. What has been advised as the reason why a replacement couldn't be sent? ^AT",2017-11-10 10:31:45+00:00,2017-11-10 10:40:27+00:00,256,121
2431228,2511553,2511555,"@AmazonHelp Frustration? Your AMZL driver stole my items! That’s beyond frustration! “Preorder from Amazon and get your cake 3 days early”. Well, not when the driver steals your shipment!","@697878 I certainly understand! When you have time, please provide your information via the link previously provided and a specialist will contact you as soon as possible to get this reported. ^HC",2017-11-15 23:33:35+00:00,2017-11-15 23:36:00+00:00,187,196
312147,312151,312153,"@AmazonHelp As mentioned earlier, you guys are dead for me and no more orders. Cursing myself for having Kindle and Firestick. 1/2","@130759 package. Further, I'll pass along your comments as feedback to our team internally. (2/2) ^GK",2017-10-07 03:52:14+00:00,2017-10-07 05:10:00+00:00,130,101
2871543,2871542,2871544,"@AmazonHelp Two of them went to the wrong address, the third was supposed to come Friday, was marked as delivered, never arrived. I spoke w Amazon Logistics this morning and they said it was out for delivery today but now it’s lost.","@797317 I'm terribly sorry that your package has been lost. We'd like to have a member of our team look further into this. When you have a moment, please submit specifics using the following link and we'll be in touch: https://t.co/wZAFKA7KRk ^KL",2017-11-28 03:32:13+00:00,2017-11-28 03:42:00+00:00,232,246
2825480,2825478,2825477,"@AmazonHelp Hi, I have sent 2 messages this morning, but no reply yet. I only ordered yesterday evening around 7pm, so less than 24 hours.","@787126 Hi, the Seller has 2 business days to respond, please keep us updated. ^JJ",2017-11-27 10:01:21+00:00,2017-11-27 10:03:35+00:00,138,82
179101,179094,179098,"@AmazonHelp I had purchased a led projector on 24.09.17 and it's not connected with our Laptop, or Mobil than we make a replacement request",@158232 We will work on it.  2/2^SB,2017-10-04 11:22:03+00:00,2017-10-04 11:47:30+00:00,139,35
2936664,2936668,2936669,@AmazonHelp Also going to try an internet cafe on the way home. It's something to do with this library I'm sure because I can't even use Google! Thanks again.,@811832 No worries at all Russell!^MA,2017-11-29 11:59:43+00:00,2017-11-29 12:02:53+00:00,158,37
179225,256613,256614,@AmazonHelp You people took my money and then closed my account saying that I am a fraud this is my only account and I have never used any other.,"@177027 Everytime an account is put on hold, specialty team sends you an e-mail . We would request you kindly reply to the same. ^CB",2017-10-05 19:06:55+00:00,2017-10-05 19:21:35+00:00,145,132
1072548,1072546,1072549,@AmazonHelp I was promised a refund of bank fees and 4 purchases from 10/14. The refund was promised to be in my account on 10/20,@373089 I'm sorry you haven't received the refund yet! Please reach out to us here: https://t.co/hApLpMlfHN so we can check into this. ^AH,2017-10-23 16:27:58+00:00,2017-10-23 16:47:27+00:00,129,138
279455,279403,279404,@AmazonHelp Are you people going to refund my money ????,@182606 Only the account specialist has access to it. Please revert their email. [2/2] ^HA,2017-10-11 12:44:08+00:00,2017-10-11 12:54:29+00:00,56,90
2925580,2925578,2925576,"@AmazonHelp We did have an issue with Amazon Logistics, so a customer service rep placed something on our account to have them removed, &amp; now I have an order from UPS that is 2 days late.  :(  I'll take Amazon Logistics back, just no more UPS!!",@809479 Thanks for the update! Let's continue this conversation via phone or chat here: https://t.co/hApLpMlfHN. We want to make sure your carrier feedback is forwarded to our delivery department. ^SH,2017-11-29 03:17:18+00:00,2017-11-29 03:21:27+00:00,248,200
441819,441816,441814,@AmazonHelp No just refund has been sent. I have emailed. But out of a order of 6 items. 1 has been delivered so the address shouldnt be a problem,@219778 Sorry to hear that. Get in touch here: https://t.co/JzP7hlA23B and we'll be happy to help. ^RS,2017-10-11 10:49:44+00:00,2017-10-11 10:55:29+00:00,146,102
1731582,1731581,1731583,"@AmazonHelp Kundenservice sagt ,nöö wird nix ,morgen dann 🙄 Konsole kommt 1 Tag später.. das müsst ihr euch mal durch den Kopf gehen lassen 😔","@523169 Diese Verzögerung tut mir leid. Wenn ich könnte, würd ich dir die Konsole selbstverständlich persönlich vorbei bringen. 😉😊 ^SM",2017-11-07 12:45:34+00:00,2017-11-07 12:54:00+00:00,141,134
33293,33292,33294,"@AmazonHelp Doing that right now. So I'll have to send it back if I want a replacement, right?","@123357 Yes, you'll have 30 days to get the item back to us. We don't need to receive the return 1st before we ship the replacement. ^KN",2017-11-01 13:15:10+00:00,2017-11-01 13:21:42+00:00,94,136
2336596,2336594,2336593,@AmazonHelp Increíble partido !!!,"@329808 ¡Excelente! Jose, cuéntanos lo que más te gusta del fútbol americano y de Prime Video en este enlace: https://t.co/lFwwV5iyJG ^CR",2017-10-20 03:52:28+00:00,2017-10-20 03:55:28+00:00,33,137
2931347,2931342,2931343,@AmazonHelp Thank you I've emailed them now,"@810809 Thanks, Laura. Please keep us posted!!",2017-11-29 08:17:10+00:00,2017-11-29 08:23:24+00:00,43,46
377933,377941,377942,@AmazonHelp Not that i know of. I got more than one email and one of my other ones got that message,@205681 Please request a call back here so we can check this for you https://t.co/Fxdv1qt2IH ^KM,2017-10-09 06:15:23+00:00,2017-10-09 06:25:31+00:00,99,96
2966393,2966391,2966389,@AmazonHelp It was  delivery to a client. I sent additional address info and a phone number this morning,@818379 We'd like to make sure this is looked into. Can you please reach out via phone or live chat here: https://t.co/JzP7hlA23B? ^WJ,2017-11-29 23:10:11+00:00,2017-11-29 23:12:01+00:00,104,134
182973,182950,182948,"@AmazonHelp And even today also i talked to CCC executive and he asked me for another 24-48hours .what do you(@115850 )thinks,why we are paying 499 ??",@159036 here: https://t.co/OS38oBdjsr and we'll fix this for you right away. 2/2 ^KH,2017-10-04 16:12:55+00:00,2017-10-04 17:11:00+00:00,150,84
2936595,2936594,2936596,"@AmazonHelp Non, est-ce nécessaire ? Que-es que cela apporte ?",@811815 C'est pour faire une remontée auprès du service qui se charge des transporteurs de façon précise dans le cadre de l'amélioration de nos méthodes de livraison. ^SB,2017-11-29 12:19:51+00:00,2017-11-29 12:36:28+00:00,62,170
1071163,1071156,1071160,"@AmazonHelp if you could give me email or somethingSo i can identify myself, so you can fix my account and the cancelled orders on the bits @AmazonHelp","@372772 Hi, please contact my colleagues via this link: https://t.co/bNI5V70pNj you can skip the registration ^AK",2017-10-15 01:44:43+00:00,2017-10-15 04:28:29+00:00,151,113
666915,666914,666916,"@AmazonHelp Specifically requested delivery before. 5.  Received message at 4 delivery delayed but might be there by 8. Contacted CS, they assured me...",@151670 Can I ask have you selected a commercial address that would require this order to be delivered before 5pm?^GA,2017-11-23 17:16:23+00:00,2017-11-23 17:22:00+00:00,152,117
1868767,1868766,1868768,"@AmazonHelp If it had been for me, I wouldn't care, but it's a birthday present so the date's important. Inconvenient to now look for a store with stock","@558207 Apologies, were you able to cancel the order? ^JJ",2017-10-18 08:57:40+00:00,2017-10-18 09:15:25+00:00,152,57
2935852,2935848,2935849,@AmazonHelp Yeah she just told me that it would be coming tomorrow when I’m not in. As I said TERRIBLE SERVICE!,"@811659 So sorry for the delay, Sarah!  If you're unavailable during the delivery tomorrow it will be reattempted on the next business day as well. ^GS",2017-11-29 11:57:59+00:00,2017-11-29 12:03:24+00:00,111,151
2111097,2111088,2111090,@AmazonHelp USPS hasn't updated since Tuesday.  There is no way to tell.,@622712 Please get in touch with us via: https://t.co/oGDklGgbCZ for further assistance. ^CN,2017-11-08 16:34:45+00:00,2017-11-08 16:44:00+00:00,72,92
2521752,2521751,2521753,@AmazonHelp confirmed was updated. Happens frequently. Amazon app will not allow kindle purchases only samples. Mobile browser allows only if logged out,"@718239 Currently, you can't shop for Kindle content directly from the Kindle reading app. However, you can purchase content from the Kindle Store using the Safari browser. Here's a link to our Help page with details: https://t.co/yhOArdrlRv ^BV",2017-11-26 20:01:20+00:00,2017-11-26 20:12:00+00:00,152,245
2907880,2907879,2907881,@AmazonHelp Seems a bit extreme but I’ll give it a go,@249847 Let us know if you need additional assistance. We'll be here to help if possible! ^EA,2017-11-28 22:11:39+00:00,2017-11-28 22:16:03+00:00,53,93
837134,837135,837136,"@AmazonHelp Yes, there has been explanations. But not satisfactory. There's even a case where the Support Executive asked to place the order again (1/2)","@319193 for improvements. As mentioned earlier, we'll not be able to reinstate delivery for a canceled order. 2/2 ^MJ",2017-10-13 09:56:37+00:00,2017-10-13 10:09:00+00:00,152,117
1014703,1014706,1014707,@AmazonHelp I want to talk to senior who have the authority to take action,@360103 Request you to share your details in the link provided earlier and we'll look into this. ^SQ,2017-10-22 19:12:48+00:00,2017-10-22 19:23:56+00:00,74,100
450836,450835,450837,@AmazonHelp So are you going to look into this? I can DM you the address. This is really serious.,@221893 We would love to have one of our team members look into this with you. Please give us more information here: https://t.co/8qJiE0qPwA ^LM,2017-11-30 22:07:44+00:00,2017-11-30 22:13:00+00:00,97,144
235143,235147,235148,@AmazonHelp I am a prime member and had purchased Nokia 6 on 30th Aug. I should have got Rs 1K Cash back. I got only 500 on 27 Sep. Used contact us pg 1,@172000 Sorry for the trouble Sujit. Kindly report this to our support team here: https://t.co/vlvfJr4nN9 and we'll check this. ^HN,2017-10-05 15:09:11+00:00,2017-10-05 15:34:53+00:00,152,131
2532006,2532795,2532797,@AmazonHelp No. Nothing received this morning after finding out about this screw up and after my call with the help line.,"@720617 Hi, please get in touch with us here: https://t.co/oGDklGgbCZ &amp; we'll look into this for you. ^TS",2017-10-30 12:28:54+00:00,2017-10-30 12:34:18+00:00,121,109
2720050,2720056,2720057,@AmazonHelp No I complained to customer service gave my email and just got automated response,"@763267 Hey Jane, really sorry about that. This is not what we want our customers to experience! Have you checked your spam folder? If your account is locked you should have received an email from an account specialist to get the issue resolved. ^JC",2017-11-20 10:55:26+00:00,2017-11-20 11:26:27+00:00,93,249
1342564,1342562,1342560,@AmazonHelp I'm in your chat now. Trouble is this is happening a lot. Being told something is delivered and it isn't,@433126 Please keep us posted. We want to make sure this is taken care of for you ^VS,2017-10-27 16:11:58+00:00,2017-10-27 16:15:32+00:00,116,85
697268,697266,697265,@AmazonHelp Yes. Was supposed to be delivered the 5th. It’s the 10th. UPS wasn’t a help when I reached out to them,@186341 We'd like to help you! Please reach out to us via phone/chat here: https://t.co/hApLpMlfHN for more assistance with this. ^TK,2017-10-10 18:35:04+00:00,2017-10-10 18:51:41+00:00,114,133
1469183,1469177,1469179,"@AmazonHelp you don't seem to understand - my order qualifies for free shipping to Mexico - I have done 10 orders so far, no charges",@199311 We'd like to look into these items. Please reach out to us by phone or chat here: https://t.co/hApLpMlfHN ^VB,2017-11-03 00:22:07+00:00,2017-11-03 00:46:00+00:00,132,117
1466829,1466835,1466836,@AmazonHelp Yes I have filled the form and You please stop asking irrelevant questions and do please check the filled form &amp; ask ur team to work on this,"@460459 Thanks for sharing the details, Rahul. We'll get back to you with an update soon. Appreciate your patience.^HS",2017-11-05 19:27:24+00:00,2017-11-05 19:40:35+00:00,156,118
2385787,2385786,2385788,"@AmazonHelp Hello, no update as whether they will be delivering today, it only says delivery delayed.",@271571 Have you tried reaching out to Hermes directly to see if they can help? ^KM,2017-10-20 10:05:15+00:00,2017-10-20 10:09:00+00:00,101,83
1374037,1374035,1374033,@AmazonHelp I just spoke to a rep -- they couldn't deliver the package.,@439815 Oh no! Did we give any further options or information when you contacted us? ^HC,2017-10-28 00:55:50+00:00,2017-10-28 01:00:07+00:00,71,88
274226,274225,274228,@AmazonHelp Your Amazon teams Mr Junaid has really made me pissed off and on the name of the helping he showed attitude. Strict action should be taken,@171151 Please reply to the email correspondence and we'll be glad to help you. (2/2) ^SI,2017-10-06 05:50:05+00:00,2017-10-06 07:03:29+00:00,150,89
2401321,2401320,2401322,@AmazonHelp I bought membership in 2 Oct 2017 my order no 408-8671617-3711546 after 45 days no CB yet !,"@690906 Are you referring to any cash back, Suraj? If yes, please contact our support team here: https://t.co/vlvfJr4nN9 so that we can check. Please don't provide your order details, as we consider it to be personal information. Our Twitter page is public.​ ^NK",2017-11-14 16:39:48+00:00,2017-11-14 16:54:25+00:00,103,262
350761,350760,350762,@AmazonHelp Voila le type de réponse reçu de vos services ! Lamentable !!! #AMazon #Escroquerie #AchatsGratuits #BONPLAN https://t.co/5Y0WVeQhYX,"@199452 Comme expliqué dans l'email, la réclamation est close et aucune action ne sera prise. ^SM",2017-10-08 12:20:36+00:00,2017-10-08 12:27:14+00:00,144,97
2617304,2617308,2617309,@AmazonHelp No indication and no definite date. All were prime eligible.,"@739725 I can understand your disappointment and frustration. When you have a moment, check your Message Center to confirm what the e-mail with the delay confirmation states as the reason, and let us know: https://t.co/wiaquWkRhj ^NN",2017-11-26 23:44:20+00:00,2017-11-27 00:18:00+00:00,72,233
2673151,2673150,2673152,@AmazonHelp Das hatte ich sofort getan. Mehr als ein hohles Template kam nicht. Wie man angesäuerte Kunden endgültig eskaliert ... https://t.co/UE4TBvM6wy,"@752584 Bitte melde dich bei uns im Social Media Team, dann sehen wir uns das nochmal an: https://t.co/br7bhrlJn8 Liebe Grüße ^TA",2017-10-31 12:05:54+00:00,2017-10-31 12:12:01+00:00,154,129
861246,2337563,2337565,"@AmazonHelp They are telling that they are not able to find my order
I didn't got my refund back",@308334 I'm sorry you haven't received the refund. I'd like to look into the issue and assist you with it. Please provide 1/2 ^SH,2017-10-20 05:34:18+00:00,2017-10-20 05:46:53+00:00,96,129
1043727,1043688,1043689,@AmazonHelp @115821 @115850 what reply you want? I have not received it. Please send it again. Why are you troubling your customers,@366798 Kindly reply to the email sent to you by social media escalations team by clicking here: https://t.co/J6RuVjH2b0. ^KS,2017-10-23 19:29:58+00:00,2017-10-23 19:51:01+00:00,131,125
1386200,1386199,1386201,@AmazonHelp 1度キャンセルしたのにまた会員になってたのはなぜ？,@442569 誠に申し訳ございませんが、Twitter上では個々のアカウントについて確認することができません。状況を確認した上でご案内させていただきますので、恐れ入りますが、リンクよりお問い合わせください。https://t.co/J6YEizo6qC TN,2017-10-28 09:42:37+00:00,2017-10-28 09:46:26+00:00,37,130
936678,936677,936679,@AmazonHelp Yea right! I didn't even mentioned about estimated delivery. I asked you where was my shipment from 13 to 21 Oct. Why the dates of Amazon and BlueDart not matching?,@342050 That's strange. Did you happen to escalate this to our support team here: https://t.co/T6y6Xlutbs? ^VN,2017-10-21 18:13:33+00:00,2017-10-21 18:41:32+00:00,176,110
381695,381694,381696,@AmazonHelp https://t.co/4oEBuwQwX4 😅,@206512 Was any notification of a delay advised to you? ^PK,2017-10-09 10:11:13+00:00,2017-10-09 10:16:52+00:00,37,59
1041109,1041105,1041104,@AmazonHelp what happened? why you make us wait for Refund? Why your customer satisfaction worst?,@366246 I apologize for the delay in resolving this issue. Please reply to the email sent to you by our team. We'll help you. ^PJ,2017-10-28 12:29:50+00:00,2017-10-28 12:39:00+00:00,97,129
2903596,2903595,2903597,"@AmazonHelp Síiiii ya la usé y me facilita la toma de decisiones en la oficina, gracias!",@804150 ¡Que bueno Betty! Amamos contribuir y facilitar tu trabajo. Parece que tanto entrenamiento esta rindiendo frutos 😄 ^ PC https://t.co/4vTf4auEJz,2017-11-29 21:18:01+00:00,2017-11-29 21:24:15+00:00,88,151
1053568,1053591,1053593,@AmazonHelp I am willing to bet that product never ever in it's history cost 300. Show me proof. I have a clear case of fraud here.,"@368940 As mentioned earlier, our website represents the full retail price listed on the product shared by our sellers. ^VN (1/2)",2017-10-23 14:51:59+00:00,2017-10-23 15:16:43+00:00,131,129
1150877,1150881,1150882,@AmazonHelp PF - that link just goes to my amazon webpage.,"@327894 Please sign-in and follow the prompts that best fit your issue. After that, you should be offered to reach us by phone or chat. ^KJ",2017-10-24 19:34:50+00:00,2017-10-24 19:39:01+00:00,58,139
706846,706843,706845,"@AmazonHelp aaaaaa vcs merecem, uma empresa maravilhosa dessas merece ser enaltecida ❤️❤️❤️",@288992 Agradeçemos muito o seu carinho! Ouvir isso motiva a gente a continuar melhorando!😊❤️ Grande abraço! ^HC,2017-10-10 19:40:32+00:00,2017-10-10 19:47:33+00:00,91,112
284391,284395,284397,@AmazonHelp My dear to how many ppl should I be asking?Cant u suggest me the ID or name of person who sent me.,"@183737 I get your concern. Unfortunately, we wouldn't be able to check your order details from here on Twitter. (1/2) ^SV",2017-10-06 17:41:45+00:00,2017-10-06 17:51:40+00:00,110,122
646696,646694,646693,"@AmazonHelp La entrega por lo visto fue ayer y esta persona no ha contactado con la persona destinataria. Pero se ha enterado gracias a vuestra maravillosa encuesta de satisfacción. Imaginaréis la valoración, ¿verdad? #Amazon #Chapuza .@116928",@273588 Comprendo. ¿El artículo fue vendido por Amazon o por un vendedor tercero? ^DB,2017-11-22 18:49:07+00:00,2017-11-22 18:54:29+00:00,243,85
2641733,2641732,2641734,@AmazonHelp You guys said have to send a report for my account. Yes changed it couples times and said pw incorrect. So I cant login in when change pw.,@745485 We'd like to have our Account Specialists look into this! Please visit us here: https://t.co/jzvkhdlrK5 ^WT,2017-10-31 01:32:27+00:00,2017-10-31 01:40:56+00:00,150,115
334058,334069,334070,"@AmazonHelp That is wat I'm saying,replied to all your communication protocols but no solution. HELL is the experience. Don't even tend to buy next time",@183298 Request you to wait. 2/2 ^NK,2017-10-13 15:03:14+00:00,2017-10-13 15:32:00+00:00,152,36
870036,870035,870037,@AmazonHelp thanks but it says @115888 premium is not supported for repeating songs. Curious why?,"@326591 We'd love to get your feedback on this, so our developers can look at this: https://t.co/6fs0AFeZqi ^VS",2017-10-13 15:48:03+00:00,2017-10-13 15:53:00+00:00,97,111
59541,59544,59545,@AmazonHelp @AmazonHelp Still no sign of my item that should have arrived Wednesday....not impressed,@129582 I'm sorry your order hasn't arrived. When you contacted us with the link provided yesterday what options did we provide? ^LR,2017-11-02 21:23:28+00:00,2017-11-02 21:34:38+00:00,100,132
862516,862515,862517,"@AmazonHelp My wife already is in discussion vth ur team,bt nt reaching concluson.Shooting another request won't help.doing DM her mail ID nd order nmbr",@324803 Sorry about the delay in delivery. Please drop in your details here: https://t.co/GIJyeYqKE0. We will sort this for you. ^SB,2017-10-14 04:14:10+00:00,2017-10-14 05:39:32+00:00,152,132
226702,226697,226698,@AmazonHelp No. I've did sent my packet 8 workdays. Didn't get any confirmation. Just my label for my package,@170116 I'm terribly sorry for the delay with that! Please reach out to us via phone/chat here: https://t.co/JzP7hlA23B for more help. ^TK,2017-10-09 13:38:25+00:00,2017-10-09 13:44:29+00:00,109,138
2427491,2427490,2427492,@AmazonHelp Na verdade a minha reclamação é com relação ao péssimo serviço prestado pelos @47130 . A @117086 enviou dentro do prazo.,"@697008 Entendi, o produto era vendido pela Amazon ou por algum vendedor externo? ^MB",2017-11-16 15:23:11+00:00,2017-11-16 15:26:31+00:00,132,85
1495562,1495561,1495560,@AmazonHelp It was unable to be cancelled,@467253 We are unable to access your account via Twitter. Please contact us by chat or phone here: https://t.co/hApLpMlfHN ^DA,2017-11-03 11:50:25+00:00,2017-11-03 11:58:56+00:00,41,126
270638,270634,270636,@AmazonHelp Não sei qual começo primeiro...estou entre o do C.S. Lewis e o Lado Bom da Vida,@180544 Os dois livros são ótimos Léo! ^JJ,2017-10-06 02:16:38+00:00,2017-10-06 02:21:41+00:00,91,42
2667900,2667899,2667901,"@AmazonHelp Estimada no, comprometida por vuestra parte, el martes 21... posterior a esa fecha devolveré el pedido","@219502 Miguel, puedes mantenernos al tanto de esta entrega. Estamos para servirte ^VL",2017-11-19 10:28:26+00:00,2017-11-19 10:29:53+00:00,114,86
1282256,1282255,1282259,"@AmazonHelp 408-5147372-5324332
LOOK INTO IT",@419985 We can't gain access to your account details via Twitter. Please share your details here: https://t.co/GIJyeYqKE0 (1/2) ^KA,2017-10-27 03:50:19+00:00,2017-10-27 04:20:07+00:00,44,131
1604993,1604992,1604994,@AmazonHelp Nov 5th to 7th but I need it today that’s why i ordered next day delivery??? Can I not get it myself from the depot or something,@492354 Sorry we don't offer depot collections.^RS,2017-11-05 09:05:08+00:00,2017-11-05 09:16:30+00:00,140,50
382579,382576,382577,@AmazonHelp Yep did that. Called support line again. They confirmed that Hermes cannot give me a date. You still haveny sent new order. Birthday ruined,"@206695 Apologies. Just to clarify - have you complete the Form we have just provided, or called us, or both ?  ^TD",2017-10-09 13:21:18+00:00,2017-10-09 13:27:00+00:00,151,115
2162447,2162442,2162443,"@AmazonHelp Yes, I have the option both to delete and Edit that card, although I'm not sure how that explains why it is there.","@634953 I see. Please reach out to us via phone/chat here: https://t.co/JzP7hlA23B, and we'll see if we can find more information. ^WJ",2017-10-19 12:11:38+00:00,2017-10-19 12:21:01+00:00,126,134
2061594,2061587,2061589,@AmazonHelp I am sorry I wasn't clear in my 1st tweet.  I have a new phone # so the authenticator app was dead when the phone died.  The change of phone and # was an emergency situation and I didn't have time to clear all the settings. Please just remove the 2-step verification.,@609705 Hi Zach. We wouldn't have access from here to do this. Can you make this request directly via: https://t.co/jzvkhdlrK5 Thank you. ^NV,2017-11-26 12:38:29+00:00,2017-11-26 12:41:56+00:00,279,141
93632,93639,93642,"@AmazonHelp Der Drittanbieter hatte mich heute einmal weitergeleitet, aber der englische Telefonsupport verweist mich an den deutschen Support, kann mich aber weder weiterleiten noch mir weiterhelfen.",@136294 Über den genannten Link erreichst du den deutschen Kundenservice. Liebe Grüße ^TA,2017-11-30 17:45:58+00:00,2017-11-30 17:50:27+00:00,200,89
180261,180255,180254,"@AmazonHelp Nothing will change, have done this fr my last order almost every single day! Thanks for acknowledging.",@158411 I understand your disappointment and I'm sorry about this. Our team is awesome and will be happy to help. ^HA,2017-10-04 11:46:22+00:00,2017-10-04 11:58:31+00:00,115,117
101791,101790,101792,@AmazonHelp They shipped yesterday (Wednesday) and won’t be here until Monday. I think our ideas of two day shipping is a bit different.,@138296 What was the delivery date in your order confirmation e-mail? ^AJ,2017-12-01 02:15:35+00:00,2017-12-01 02:31:00+00:00,136,73
394488,394487,394489,@AmazonHelp La fecha era hoy pero no ha llegado.,@209464 ¿Has entrado en contacto con la compañía de transporte para obtener más información? ^JQ,2017-10-09 19:24:45+00:00,2017-10-09 19:26:01+00:00,48,96
606224,606228,606229,"@AmazonHelp Sorry only just got this message, anyway I have a new problem. According to your website tracking I've been handed an Amazon parcel today.
Funny that, because I haven't....  I sincerely hope my neighbour has it....",@264073 Please let us know if there is no sign of it and we will be happy to help.^BZ,2017-11-23 11:39:51+00:00,2017-11-23 11:49:29+00:00,226,85
2260850,2260844,2260843,@AmazonHelp Not sure if it worked. Says m-f 8am-5pm,@658284 I can confirm that we have received your information! We will review your information as soon as possible! ^LS,2017-11-11 01:37:59+00:00,2017-11-11 01:41:03+00:00,51,118
1537521,1537520,1537522,@AmazonHelp supposed to be delivered today and now app is saying won’t be here until Wednesday possibly. On line with CS,@476650 Thanks for letting us know. Hope you have a great rest of your night! ^LI,2017-11-04 01:21:41+00:00,2017-11-04 01:30:40+00:00,120,81
1773844,1773843,1773845,@AmazonHelp yes I do i can't use phone no email option so used live chat they said company policy I must email certificate of deafness to them 1st,@466284 Ok do that please as we don't have access to account details here on Twitter I'm afraid. ^KM,2017-10-18 05:25:34+00:00,2017-10-18 05:59:27+00:00,146,100
156682,156680,156679,@AmazonHelp Yes... Was told that I rescheduled. Which I never did . Was billed although I never received .  Very disappointed,"@151986 I certainly understand your frustration! We want to help. Just to confirm, was your order said to be shipped by Amazon or a third-party seller? You can view this information under the item name in your orders here: https://t.co/Y5jpI9gRhE. ^HC",2017-11-24 17:30:39+00:00,2017-11-24 17:34:28+00:00,125,251
817619,817625,817626,"@AmazonHelp I dont think I should repeat the issue more than thrice. Anyways, manager call doesnt need your attention. Manager is all I ask.  #callback",@199380 Please share your details on the link here: https://t.co/GIJyeYqKE0 and we'll get back to you soon. ^PS,2017-10-15 12:31:24+00:00,2017-10-15 12:34:30+00:00,151,111
2475940,2475944,2475945,@AmazonHelp muchas gracias. Como he comentado anteriormente alguna vez me ha pasado ya con esta empresa de mensajería,"@707775 Con gusto Jose, cualquier incidencia o comentario puedes reportarla con Servicio al Cliente directamente y con gusto te asistiremos. ^KS",2017-11-15 14:35:17+00:00,2017-11-15 14:39:33+00:00,117,144
845689,845681,845683,@AmazonHelp No. I just seem to be getting the same ‘stock’ email.,"@321014 Hmm... that is odd, Rebecca. What exactly does the email you receive say? Does it ask you to fax something to us? ^AD",2017-10-20 14:26:34+00:00,2017-10-20 14:32:02+00:00,65,125
1592481,1592475,1592477,"@AmazonHelp Yes, the package was supposed to be here today by 8pm but didn't get to the carrier facility until about 5:30pm 😭","@489481 Thank you for clarifying. Please reach us when you can, so we can look into options with you: https://t.co/hApLpMlfHN ^DW",2017-11-05 01:12:44+00:00,2017-11-05 01:24:00+00:00,125,129
2897627,2897625,2897623,@AmazonHelp creo que fue externo pero el que yo me compre quedaban pocos y se agotó en la página pero llevo un montón esperando,"@234608 Entiendo, Juan. En este caso lo que debes hacer contactar con el vendedor directamente para verificar lo que está sucediendo. En el siguiente enlace puedes encontrar información de como puedes hacerlo: https://t.co/usfx3HIWVI. ^AA",2017-11-28 16:51:29+00:00,2017-11-28 16:56:27+00:00,127,238
1457242,1457239,1457241,"@AmazonHelp Okay, I will. Thanks for your help.",@457170 No problem! Keep us updated! ^LR,2017-11-02 20:48:03+00:00,2017-11-02 20:57:00+00:00,47,40
2135664,2135668,2135669,@AmazonHelp Called and no look. Don't want refund as amazing price for son's no.1 item on Xmas list which it won't be that cheap again &amp; no others in stock. Been told to wait a few more days to see if anything comes back in stock or if it turns up which is stress I don't need.,@148218 Sorry to hear about the stock issues. Please keep us posted. ^ES,2017-11-09 08:30:03+00:00,2017-11-09 08:42:54+00:00,281,72
1152618,1152615,1152619,"@AmazonHelp La anterior compra el 26 de sep y llegó el día 2 de octubre, decíais 3 días en la página de compra",@391227 (2/2) ¿podrías informarme si tienes algún pedido pendiente de entrega? ^AZ,2017-10-24 17:28:21+00:00,2017-10-24 17:41:38+00:00,110,82
1146952,1146947,1146945,"@AmazonHelp I do, but the order's from Amazon.de",@389940 Our colleagues will have a look into this. You can get in touch with them via https://t.co/ohyvGrpvrY ^SK,2017-10-24 14:00:10+00:00,2017-10-24 14:06:09+00:00,48,113
1600414,1600417,1600419,"@AmazonHelp Give me a call on 9878992809, and take my feedback","@155893 unable to connect with you via phone. Hence, request you to use the link shared earlier to connect with our support  2/3 ^RS",2017-11-05 04:59:59+00:00,2017-11-05 05:20:53+00:00,62,132
721458,721450,721453,@AmazonHelp Shared details &amp; agn gt same rply of read user manual. Boss mI askn fr Moon?? Need #nokia6 service centre address in Patna. Y can't u share?,"@292692 I get your concern, RK. Please reach out to the manufacturers support team from here: https://t.co/6TmnJGfail (1/2) ^SV",2017-11-02 01:09:11+00:00,2017-11-02 01:12:30+00:00,156,127
2941923,2941919,2941918,"@AmazonHelp es un vendedor externo, el vendedor envió el paquete y al parecer DHL lo recibió. DHL lo envió a mi casa un dia antes de lo que me dijeron y por no estar ese dia dieron por supuesto que me había mudado.","@812834 En este caso, te recomiendo ponerte en contacto directamente con el vendedor, ingresando al siguiente enlace: https://t.co/usfx3HIWVI ^KA",2017-11-29 14:08:36+00:00,2017-11-29 14:12:31+00:00,214,145
656098,656100,656101,"@AmazonHelp If i do that, i will be unable to use my computer for however long it takes to get a new one, this is the only keyboard i own....","@276081 You can request the replacement order, and then send the current keyboard back when the replacement arrives.^SM",2017-11-23 12:04:15+00:00,2017-11-23 12:18:00+00:00,141,119
180353,180324,180325,@AmazonHelp Will the pickup happening in this year or not?@115850  don't play around with me on mails and on words...this is too much now,@158418 Apologies for the delay in pickup. Please revert to the email you've received from us. I'll get back to you. ^HD,2017-10-05 02:10:55+00:00,2017-10-05 02:22:27+00:00,137,120
440340,440313,440314,@AmazonHelp I have choose this platform only because cs was not solving my problem. I have already mail you to ask about my refund@amazonIN @AmazonHelp,"@219482 Kindly confirm, if you've shared your details via https://t.co/GIJyeYqKE0 ^SG",2017-10-26 14:39:07+00:00,2017-10-26 14:48:30+00:00,151,85
21586,21579,21581,@AmazonHelp Sure..so if compensation is not available...can I name and shame you guys...because u guys are pathetic..can u quickly tell me ur name and employee ID and also ur escalation point of contact..because I am not sitting quiet,"@120701 I'm sorry but I wouldn't' be able to disclose those details. However, I'll be sure to share your comments 1/2 ^OS",2017-10-31 12:05:52+00:00,2017-10-31 12:19:33+00:00,234,121
1704068,1704066,1704064,@AmazonHelp Expected delivery was 2/11. Passed to courier 1/11 near midnight. No update after that according to tracking.,@516551 We'd like to look into this with you. At your nearest convenience please reach out to us here: https://t.co/oGDklGgbCZ ^GM,2017-11-06 22:01:19+00:00,2017-11-06 22:11:32+00:00,121,130
516577,516570,516573,@AmazonHelp I want the delivery guy contact no. If can't contact me atleast i can,@239066 We've received your details. We'll surely take these comments and get back to you at the earliest. ^SC,2017-12-02 03:13:18+00:00,2017-12-02 03:33:26+00:00,81,110
1325880,1325878,1325881,"@AmazonHelp @115850 YES, You missed it. My order no. is 404-5817555-2501927 @115851","@429377 Please don't provide your order details, as we consider it to be personal info. Our page is visible to the public. 2/2 ^OS",2017-10-16 13:33:21+00:00,2017-10-16 13:59:00+00:00,83,130
1331119,1331118,1331120,"@AmazonHelp Yes, ""sometime between Oct 27-29."" Which doesn't help me very much with a costume event tomorrow.",@430547 Who's the carrier listed for this order here: https://t.co/Y5jpI9gRhE ? Please let us know! ^LB,2017-10-27 13:04:23+00:00,2017-10-27 13:18:00+00:00,109,103
448237,448233,448229,@AmazonHelp No email. Rep said I should’ve received one and that’s all she can say. I was literally logged into my account providing her with the order # to correct info and then got logged out.,"@221187 Our Account Specialists will reach out to update you via e-mail within two business days of your contact with us. For the fastest resolution, please keep an eye on the e-mail linked to your account, and respond with any requested information or questions. ^JR",2017-11-30 20:19:34+00:00,2017-11-30 20:26:30+00:00,194,267
1147813,1147821,1147822,@AmazonHelp I HAVE OPTED for no cost emi thats why i am doing follow ups... Otherwise i am not a free person to exchange tweets and mails with u,@388804 Sorry for the trouble with the no-cost EMI. Kindly respond to our email and we'll get in touch with you. ^NS,2017-10-26 04:29:51+00:00,2017-10-26 04:58:57+00:00,144,116
282234,282236,282237,"@AmazonHelp Hi, it still hasn't arrived. Saturday midnight. This 6 days after I ordered, on 1-day delivery on Prime. What are my options? Refund? Thanks",@183229 The best way for us to view available options is by contacting in directly with the link: https://t.co/qy3J24VGxb ^GL,2017-10-07 22:48:40+00:00,2017-10-07 22:52:00+00:00,152,125
1200019,1200021,1200024,"@AmazonHelp This product is cancelled by amazon side, and amazon say  this is seller mistake for dewali offer. https://t.co/zl6DNqfTWp","@401962 I'm sorry about the canceled order, we'll work on your experience for improvements so that such instances 1/2 ^MJ",2017-10-26 07:41:13+00:00,2017-10-26 08:10:00+00:00,134,121
2585557,2585565,2585566,"@AmazonHelp They have no issue getting weekend delivery and if I change my delivery address to one of my alternatives it can deliver, but just says no to my home address","@732651 Can you try removing the address from your account and reapplying it, then placing your order? Keep us posted! ^CN",2017-11-17 08:32:57+00:00,2017-11-17 08:45:29+00:00,169,122
2349601,2349600,2349602,"@AmazonHelp They are full when accessing from a desktop, think it's just the app. We're using Android by the way. Thanks",@679149 Thanks for confirming! Please take a moment to contact us here: https://t.co/JzP7hlA23B so we may better research this issue.^AP,2017-11-13 17:14:46+00:00,2017-11-13 19:07:31+00:00,120,136
2889255,2889253,2889256,"@AmazonHelp No, I wasn’t given a new delivery date or refund or replacement copy. My track my package section, shows this https://t.co/639dUaEIL1",@801082 Strange. Please reach out to us here: https://t.co/JzP7hlA23B and we can look into this further.^PK,2017-11-28 15:12:13+00:00,2017-11-28 15:17:00+00:00,145,107
2841703,2841697,2841699,@AmazonHelp What if it was delivered but the code wasn’t redeemable,@790705 Can you provide more specifics on the item ordered without posting order or account details?  ^DO,2017-11-27 17:13:17+00:00,2017-11-27 17:16:00+00:00,67,105
93684,93667,93669,@AmazonHelp General customer support has no idea what I’m talking about and is just offering me the standard prime extension. I want the problem fixed not bribes to make me go away. Who do I need to speak with that’s a specialist in this area?,"@136304 You mentioned the past delivery issues were with the same carrier, have you had a chance to contact the carrier directly for more information about the delays? If so, what insight did they provide? ^LI",2017-11-30 15:51:23+00:00,2017-11-30 16:08:28+00:00,243,209
2011955,2011950,2011951,"@AmazonHelp And it's out of stock right now (steelbook). My sixth sense is telling me something is wrong, I'll let you know tomorrow at 9pm.","@594935 Yes, please keep us posted!! We want to help in any way we can, Ross! ^KN",2017-10-18 20:54:22+00:00,2017-10-18 21:03:28+00:00,140,81
2345575,2345574,2345576,@AmazonHelp I am unable to contact manufacturer.if possible could you please contact them about the product,@678254 I understand that you've a query regarding the Spigen cases. You can reach out to them by posting your query here: https://t.co/OwvIvlkBin and they'll get back to you. ^BV,2017-11-26 16:58:55+00:00,2017-11-26 17:21:00+00:00,107,179
360202,360216,360217,@AmazonHelp No. The options were regular or priority 1 day shipping. I chose the priority shipping 1 day delivery.,@201311 Not all items have release day delivery. Your delivery time should be one-day once it's in the shipping process. ^MH,2017-10-08 20:11:08+00:00,2017-10-08 20:28:26+00:00,114,124
141067,2721782,2721783,@AmazonHelp I hv already updated on the given link yesterday,@147817 We have crosschecked and can confirm that we haven't received your details. Kindly request you to resubmit the details to the link provided earlier. We will assist you further. ^JS,2017-11-21 08:27:28+00:00,2017-11-21 09:00:06+00:00,60,188
2810249,2810248,2810250,"@AmazonHelp Sir my point is if cannot be delivered in one or two days it should not be mentioned in prime, because the Ida of prime was one day delivery",@783715 Guaranteed delivery is only offered to select cities and available on eligible items.Could you confirm me if the product which you have ordered was eligible for guaranteed delivery? ^JS,2017-11-22 07:02:05+00:00,2017-11-22 07:31:26+00:00,152,193
1682685,1682695,1682696,@AmazonHelp Apparemment elle serait quand même livrée aujourd'hui... A suivre.,@402244 Je suis sincèrement désolée du désagrément causé. N'hésitez pas à nous tenir au courant.^FA,2017-11-07 12:04:47+00:00,2017-11-07 12:25:28+00:00,78,99
1402193,1402197,1402199,@AmazonHelp last time also the same thing happened,"@232634 I'm sorry to hear that, Shwetabh. Please contact using the above link so that we can assist you accordingly. ^BA",2017-10-28 18:00:45+00:00,2017-10-28 18:27:00+00:00,50,120
294789,294801,294803,@AmazonHelp no email or phone recieved yet even after passing of 21 hours. Is this kind of aftersale service one customer wants?? plz dont delay.,@186217 I'm sorry for the stretch. Our team must be still working on the issue. Request you to 1/2 ^NK,2017-10-08 10:34:17+00:00,2017-10-08 13:16:36+00:00,145,102
1049812,1049811,1049813,@AmazonHelp Happier to DM if you follow for short time,@368117 We will certainly reply to your DM. ^CR,2017-10-23 07:58:32+00:00,2017-10-23 08:01:00+00:00,54,47
1731157,1731160,1731161,"@AmazonHelp Still doesn’t say dispatched, I preordered it within minutes of becoming available surely I should be prioritised as 1 of the 1st to order",@523075 Hey Marcus. It's not uncommon for an order to be dispatched and delivered on the same date. Please keep us posted. ^TP,2017-11-07 12:32:29+00:00,2017-11-07 12:47:28+00:00,150,126
2465671,2465670,2465672,@AmazonHelp Tried all of that. Also deleted and reconnected my Dot. Nothing. Understands via #reverb and alexa app (ie drop in) but not w/ 'HEY ALEXA',@705590 Have you used the Voice Training feature in the Alexa app? You can also create a Voice Profile: https://t.co/SPc7db6Nr8 ^DD,2017-10-29 20:02:15+00:00,2017-10-29 20:14:30+00:00,150,131
468749,468748,468746,"@AmazonHelp Can you let me know where will be the list announced i.e., on which social platform or any specific url ? So I can check it on time ..",@226616 You may check the updates on the winner's list here: https://t.co/ICRkX2fNTQ  ^SC,2017-12-01 06:34:23+00:00,2017-12-01 06:55:23+00:00,146,89
2783230,2783229,2783231,@AmazonHelp Directlt thru amazon,"@777183 Thanks for that information! Did you happen to notice if the shipping date has updated?
^AV",2017-11-21 17:43:41+00:00,2017-11-21 18:10:00+00:00,32,99
206735,206724,206723,@AmazonHelp Look https://t.co/0TOnUlF9Wq,@164963 We'd like to have a member of our team personally look into this. Please send your details here: https://t.co/Sgw5tBSSK6 ^VS,2017-10-04 21:52:28+00:00,2017-10-04 21:56:29+00:00,40,132
2176543,2176541,2176540,"@AmazonHelp $229 Refund was promised within 2-3 days two weeks ago, today i called, they told me it would be 2-3 days. After being on hold for this long i found out they accidentally only refunded $29. 

Still waiting. 😒","@555305 Oh no! When you contacted us and they told you of the accidental refund, were they able to provide you with other options or any alternatives? Please be sure to let us know! We're here to help. ^TG",2017-11-09 15:36:41+00:00,2017-11-09 15:54:00+00:00,220,205
651448,651447,651449,"@AmazonHelp Merci. Cependant normalement, la livraison express est supposément plus rapide que la livraison dite rapide :)",@269781 ça ne concerne pas uniquement le délai mais également la garantie de livraison ainsi qu'une date précise au lieu d'un créneau,2017-10-31 12:43:29+00:00,2017-10-31 12:47:49+00:00,122,133
1258271,1258274,1258275,@AmazonHelp It’s of no use considering my previous experience. Once I returned a leather jacket which was never replaced.,@414841 I understand your concern. Please get in touch with us here : https://t.co/rS49hgaADF so that we can assist you accordingly. ^RI,2017-10-28 15:17:48+00:00,2017-10-28 15:39:26+00:00,121,136
363319,363324,363325,"@AmazonHelp Wht abt d solution &amp; mental pressure I hv gone thru...u guys are not even giving my product wht r u doing cnf
@1840 @115851 
@118341","@202081 I'm afraid, we will not be able to reinstate the order. Request you to place new order. ^SQ",2017-10-09 01:10:55+00:00,2017-10-09 01:33:31+00:00,148,99
315748,315746,315745,"@AmazonHelp that’s too bad, thanks!",@191386 You're welcome. Sorry for any inconvenience caused. ^NV,2017-10-07 07:47:04+00:00,2017-10-07 07:54:55+00:00,35,63
2829416,2829412,2829411,@AmazonHelp On vous tient au courant,"@787924 Entendu :) Merci de nous tenir informé de la situation, nous restons à votre disposition en cas de besoin. 
^SA",2017-11-27 12:39:02+00:00,2017-11-27 12:43:00+00:00,36,119
2176503,2176499,2176498,"@AmazonHelp No ,leave that, can you answer my questions here in public?
Why ia nowhere in your policies mentioned that  prime promised date can be breached??",@139232 I understand that you had an unpleasant experience. I've noted your comments and forwarded them internally for a review. Please let us know if you've shared your details in the link provided earlier? ^BV,2017-11-09 15:09:21+00:00,2017-11-09 15:25:00+00:00,157,211
31333,31332,31334,@AmazonHelp Saying arriving Friday,@122906 Has the order shipped yet? We don't charge for an order until it ships. ^TH,2017-11-01 12:28:22+00:00,2017-11-01 12:36:29+00:00,34,83
2824715,2824714,2824716,@AmazonHelp ありがとうございます。解決しました！！m(_　_)m,@786974 解決されたとのことで安心いたしました。今後もhttps://t.co/st4oU5QbhPをどうぞよろしくお願いいたします。TN,2017-11-27 09:46:37+00:00,2017-11-27 09:47:56+00:00,38,72
2714656,2714655,2714657,"@AmazonHelp hola, la entrega no está programada para mañana pero conociendo los tiempos de la paquetería podría asegurar que la entrega se haría mañana a menos de que no haya labores y me preocupa porque no estaré para recibirlo",@364260 En caso de algún intento de entrega se te estaría dejando notificación y podrás coordinar la entrega para luego ^AR,2017-11-20 04:59:30+00:00,2017-11-20 05:01:52+00:00,228,123
1110777,1110776,1110778,"@AmazonHelp そうなんですね！
ありがとうございます！",@382156 とんでもないことでございます。その他ご不明な点がありましたら、ご遠慮なくお知らせください🙏 YM,2017-10-24 02:15:38+00:00,2017-10-24 02:18:29+00:00,32,56
1572206,1572208,1572209,@AmazonHelp Esto es lo que me pone continuar la subscripción yo tengo una. Cuenta gratuita,@484671 ¿Nos podrías enviar un print de la página o del error? ^MB,2017-11-04 14:04:21+00:00,2017-11-04 14:14:00+00:00,90,66
1404779,1404789,1404790,@AmazonHelp How can it be the best solution? If that is your answer I am sorry to say I have to abandon Amazon.. Not going to renew prime.,@446599 We apologize for the inconvenience. We'll work on your feedback for the future. Appreciate your understanding. ^ZH,2017-10-29 09:12:17+00:00,2017-10-29 09:22:29+00:00,138,122
2284156,2284152,2284154,@AmazonHelp Ja bisher keine Antwort,"@663786 Falls es schon länger her ist, kannst du dich gerne auch per Telefon oder Chat (wird per PC / Notebook angeboten) melden, um den aktuellen Stand zu klären. Gruß ^MH",2017-11-11 14:38:41+00:00,2017-11-11 15:06:35+00:00,35,172
924474,944852,944855,"@AmazonHelp Complaint still not resolved. Have written to cis@amazon, invetigate@ and account-assist @115821.in",@339391 Are you getting the error as 'You account is on hold'? ^HA,2017-10-22 13:09:21+00:00,2017-10-22 13:37:36+00:00,111,66
2566935,2566934,2566936,@AmazonHelp Vos services visiblement. https://t.co/ye3eqxyZ3X,"@310561 En effet, un incident d'acheminement a dû impacter votre livraison, je remonter cela de suite au service concerné. Je vous propose de contacter notre SAV : https://t.co/qzuu0dgDXz si vous n'avez pas de nouvelles dans les prochains jours. ^MH",2017-11-16 19:45:34+00:00,2017-11-16 19:57:30+00:00,61,249
470824,470820,470822,"@AmazonHelp For another order, I got an e-mail with this message:
-
This is to confirm that we have rescheduled the delivery of a package  from your order, with tracking ID xx , shipped via FedEx, as  per your request. 
-
I have never requested re-scheduled delivery.  Why false updates?",@227098 Sorry to hear that. You may write back to us with the below issue on the email correspondence and we'll look into this for you. ^RB,2017-12-01 18:39:03+00:00,2017-12-01 18:46:30+00:00,287,139
725572,725570,725573,@AmazonHelp Kuch nhi kar skte ho sir online faltu help ke message karte ho,@194888 details here: https://t.co/JkjHIHdIMO and I'll get back to you. 2/2 ^SH,2017-10-11 05:16:53+00:00,2017-10-11 05:26:00+00:00,74,79
1299345,1299347,1299348,@AmazonHelp Can’t as my account is now closed and does not exist,@423678 Do you have the option to 'Skip Sign In'? ^NV,2017-10-16 10:22:55+00:00,2017-10-16 10:35:00+00:00,64,53
101719,101712,101713,"@AmazonHelp Die Kaffeemaschine kam an! :)

Natürlich kam sie Defekt an.","@138281 Oh nein... wenn einmal der Wurm drin ist. Melde dich bitte einmal im Kundenservice, damit die Kollegen sich das anschauen können: https://t.co/dDmBEPionb Gruß ^AN",2017-11-29 17:20:47+00:00,2017-11-29 17:31:00+00:00,71,170
2280097,2280099,2280100,@AmazonHelp Jägerschnitzel mit Pommes. 💁,@662849 #läuftbeidir ^MI,2017-11-11 20:26:11+00:00,2017-11-11 20:56:01+00:00,40,24
1054776,1054772,1054773,@AmazonHelp This takes me to another order that I received on the 5th Oct,"@171750 Hi Colin- It would just depend on which order you select, you can select no order and skip forward the steps. ^NV",2017-10-23 11:48:41+00:00,2017-10-23 11:50:40+00:00,73,121
2473520,2473517,2473519,"@AmazonHelp I had sent u the details https://t.co/0EUC7pM9HU,I don't need ur help,just seek for legal assistance.It is the wastage of time to share","@703559 I get your disappointment. However, I've checked and see that we haven't received your details. Kindly share it via the secured link provided earlier so that we can help. Appreciate your understanding. ^MO",2017-11-15 12:58:52+00:00,2017-11-15 13:10:56+00:00,147,213
204930,204924,204926,"@AmazonHelp はい！たくさん聴かせて頂きますー♪公式さんからのリプ嬉しい😆
お掃除には「TVCM洋画ソングス」もテンポが良くてぴったりです^ ^これからもプライムミュージックにはお世話になります✨","@164539 「TVCM洋画ソングス」ですね、、( ..)φﾒﾓﾒﾓ
勝手に突撃させていただいたのに、喜んでいただけて嬉しいです(*ﾉωﾉ)
朝のお忙しい時間帯に、リプライいただきまして、ありがとうございました。
今後ともどうぞご贔屓に。。。。(‘v`◎)TY",2017-10-05 00:44:05+00:00,2017-10-05 00:49:00+00:00,103,131
250568,250566,250564,@AmazonHelp It says shipped with amzl us,@175555 Thank you for confirming! A member of our team would like to look into this further. Please send us the order details here: https://t.co/sh2NnGSXtF ^SB,2017-11-25 02:48:25+00:00,2017-11-25 02:50:30+00:00,40,159
1757977,1757976,1757978,@AmazonHelp J'attends l'écho d'amazon!!! bientôt en France?,"@529266 Malheureusement, nous n'avons aucune information concernant cela pour le moment. ^MA",2017-11-11 20:51:49+00:00,2017-11-11 21:00:00+00:00,59,92
207579,207567,207568,@AmazonHelp Not yet received any mails from @115850  to my registered mail id.,"@165091 If you have shared your details via secured link our correspondence will be sent to your registered email account, kindly verify again. You may need to fill the details again if you are unable to locate our correspondence. ^MJ",2017-11-11 07:38:29+00:00,2017-11-11 08:06:36+00:00,78,234
626885,626880,626881,"@AmazonHelp No use, can't bring back this day until next year. Leave it. At best try to deliver at earliest.",@268454 I understand it is very disappointing. Request you to fill the details so that we can check and help you out from our end. ^NK,2017-10-21 17:25:28+00:00,2017-10-21 17:49:01+00:00,108,134
2260530,2260528,2260527,"@AmazonHelp But every single product has huge variations.
Is Amazon is such a bad damn slow to update a these long flexuation of price? And I got this too again in all product. Which I'm ready to buy for cover price. But when I click it was huge disappointing i don't wanna loyal to u right? https://t.co/eIoIukdq81","@658216 I get your concern. The prices on our website are set by individual sellers. The constantly changing marketplace and our efforts to offer you the lowest price, may result in fluctuations in our prices over time. Appreciate your understanding. ^SV",2017-11-11 01:42:05+00:00,2017-11-11 01:47:23+00:00,315,254
2308110,2308109,2308111,@AmazonHelp but I paid extra for one day delivery!,"@597296 At your convenience, please reach us directly via phone or chat so we can look into this and go over available options with you: https://t.co/EKXRLsnxJu ^BV",2017-11-13 01:53:21+00:00,2017-11-13 02:01:51+00:00,50,164
2928377,2928376,2928378,@AmazonHelp Ok I understand I will send it in message.,@810140 I understand your concern about the refund. Please reach us from the link provided. We'll check your details and help you further accordingly. ^SV,2017-11-29 16:26:23+00:00,2017-11-29 16:46:00+00:00,54,154
2212188,2212186,2212184,@AmazonHelp YOU ARE THE CARRIER! YOUR REPS SAID REPEATEDLY IT’D BE HERE FOR SURE!,@282337 Our team would like to personally look into this. Please send us your details so we can escalate this to our Amazon Logistics team here: https://t.co/Quf1e8o1II ^JP,2017-11-10 04:36:17+00:00,2017-11-10 04:48:32+00:00,81,172
2338864,2338857,2338859,"@AmazonHelp not in emails or the website, but delivery went from today at 8pm to estimated tomorrow through monday 
imma have to buy wire tomorrow now😩",@676580 Apologies Edward. We try our best to delivery on the date initially provided. Has your order been dispatched? ^TP,2017-10-20 06:57:00+00:00,2017-10-20 07:02:29+00:00,151,121
18945,18960,18962,@AmazonHelp I want a proper resolution here...,"@120228 Due to restricted access to your amazon account through Twitter, we shall not be able to provide any update here. (1/2) ^SI",2017-11-03 06:47:35+00:00,2017-11-03 07:03:34+00:00,46,131
2756067,2756066,2756068,@AmazonHelp Thanks for the reply. The carrier is: AMZL US.,@771377 No problem! Someone from my team would like to look into this with you. Please provide as many details on the issue here: https://t.co/gp5oc33joW Thanks! ^AJ,2017-11-21 02:24:54+00:00,2017-11-21 02:30:36+00:00,58,165
2897532,2897540,2897541,"@AmazonHelp Already have. Fobbed me off with the usual, ""I've emailed the courier to expedite the delivery"" yep said that Monday its now Wednesday. Said it again today. No confidence in ability to resolve the issue. Driver has 39 minutes then I'm gone",@802821 We do deliver until 22:00 daily. Please reach back out if you haven't received by then. We're here for you. ^AN,2017-11-29 16:21:26+00:00,2017-11-29 16:26:29+00:00,251,119
989004,989003,989005,@AmazonHelp I have shared my details 3 times already,@318369 the link shared via DM and we'll reach out to you. (2/2) ^GK,2017-10-14 11:15:46+00:00,2017-10-14 11:28:00+00:00,52,68
2889238,2889237,2889239,@AmazonHelp Ordered on Sunday with delivery by 9pm yesterday. Tracking shows out for delivery by noon. Checked status around 9p and now says to come back thurs if not there. No notification nothing. Tracking # is not even searchable on google.,"@801078 That's definitely not the experience we want our customers to have.  As we don't have access to account information via Twitter, can you reach out to us here:  https://t.co/hApLpMlfHN? We'd like to take a closer look at this with you. ^AZ",2017-11-28 14:28:13+00:00,2017-11-28 14:36:35+00:00,243,246
884877,884879,884880,@AmazonHelp UPS who verified they don’t even have the package yet. Delay on Amazon end,"@329902 Was there any extra processing time listed in the item's detail page? If you link us, we can take a look, too. ^DW",2017-10-21 03:46:24+00:00,2017-10-21 04:27:01+00:00,86,122
1271945,1271951,1271952,"@AmazonHelp Patienter pendant que quelqu'un d'autre à accès à tout mon compte et mes coordonnées ? Bien sûr, pas de soucis ! Je ne vous embête plus",@417747 Votre dossier est pris en charge par le département concerné. C'est pour cela que je vous invite à patienter. ^FA,2017-10-16 07:47:55+00:00,2017-10-16 08:05:00+00:00,147,121
930125,930114,930116,"@AmazonHelp Oh.. Thank you so much for your assistance... You advised me that the delivery was due to be delivered yesterday &amp; then today, so of course I'll be happy to let you know if it doesn't arrive almost a week late #PATHETICSERVICE",@340676 I can understand the frustration. Who's the courier shown in Your Orders here: https://t.co/aaDyEz1VgE? ^JM,2017-11-20 21:07:02+00:00,2017-11-20 21:12:27+00:00,242,115
285157,285617,285620,"@AmazonHelp Instead, can you call me on 9810486357.",@183935 Please don’t provide your contact details as it is personal information. Our page is visible to the public.2/2^HN,2017-10-07 09:46:18+00:00,2017-10-07 11:24:40+00:00,51,121
963230,963229,963231,"@AmazonHelp Seems to be. But it's a Blu ray so won't know until I open it. Either way, not cool! Looks like someone stepped on it. ☹️","@348584 If needed, you can check out the return options here: https://t.co/8upjJwzo2v ^AC",2017-10-21 22:41:16+00:00,2017-10-21 22:45:39+00:00,133,89
651576,651568,651570,"@AmazonHelp Which email are you talking about? I have replied to all the email so far, have received nothing new. And you anyways send a generic mail.",@274953 you received from our Social Media team for further assistance on this.(2/2)^AU,2017-11-07 08:34:52+00:00,2017-11-07 09:54:29+00:00,150,87
312401,312400,312402,@AmazonHelp  https://t.co/qfNcnhDAmU,@190603 Thanks for the info. I understand your frustration. Please let us know if your order does not arrive by the 11th. ^GG,2017-10-07 04:15:30+00:00,2017-10-07 04:17:54+00:00,36,125
180859,180852,180853,@AmazonHelp @115851 will help you on this. or @115850 will give you more details on what i got till date,@158494 account/order details. Kindly drop in your details in the link provided earlier and we'll look into it right away. 2/2^EM,2017-10-06 05:18:03+00:00,2017-10-06 06:25:59+00:00,104,129
1203422,1203419,1203420,@AmazonHelp Christy's Adults Viking Warrior Costume (M/ L) https://t.co/2vSZSteYUr,"@402708 I've included a similar costume, which is available for dispatch that may suit your needs - https://t.co/quuKawCvK2 2/2 ^TP",2017-10-25 09:47:43+00:00,2017-10-25 09:56:38+00:00,82,131
1427901,1427899,1427896,@AmazonHelp That it’s been out for delivery since this morning and “it’s on it’s way”,@451682 Parcels can be delivered as late as 21:00. Keep us posted on your delivery ^JF,2017-11-06 15:15:39+00:00,2017-11-06 15:38:28+00:00,85,86
271910,271883,271885,@AmazonHelp - hey there is NO update rgd my refund. Last email said 5 days. No update since then. Pls check b4 u reply &amp; stop misinforming.,@180884 received from us and we will get back with the latest update? (2/2) ^GK,2017-10-06 04:12:16+00:00,2017-10-06 05:10:00+00:00,143,79
229814,229813,229815,"@AmazonHelp No, none. What’s the point in paying for prime when you don’t receive your items the next day as stated?",@170766 Have the delays occurred with a particular carrier? ^PK,2017-10-05 09:42:06+00:00,2017-10-05 09:56:50+00:00,116,63
281324,734071,734104,@AmazonHelp I don't know when your 3-5 business days ll get over?,"@183033 We have sent you a correspondence to your email, kindly check and reply to the email so that we can assist you accordingly. ^VH",2017-10-30 10:18:19+00:00,2017-10-30 10:41:00+00:00,65,135
18945,18957,18959,@AmazonHelp I need a proper compensation and full refund of my order. Contact me on 9140560819 for any other detail.,"@120228 As informed you earlier, please reply to our correspondence with your concerns and we'll get back. 1/2 ^SC",2017-11-03 06:29:13+00:00,2017-11-03 06:42:00+00:00,116,114
2465465,2465464,2465466,@AmazonHelp And I thought Amazon was to save time and money instead of wasting.,"@191152 Kindly fill in the form, we will check and connect with you accordingly. ^RW",2017-11-15 09:58:31+00:00,2017-11-15 10:28:25+00:00,79,84
38563,38557,38559,@AmazonHelp Oui assez :) En tout cas j'attends le black friday avec impatience. Faites moi plaisir ;),@124406 Restez connecté alors 😉 ^MA,2017-11-22 19:38:04+00:00,2017-11-22 19:53:57+00:00,101,35
2277774,2277772,2277771,@AmazonHelp Apparently a coat I ordered for myself from a 3rd party seller is not a real seller and is actually a fraudulent seller. 😔👎 The ship date is not until next month and after doing research discovered it's a fake.,"@662364 Hi, sorry to hear that, were you in touch with the seller regarding your order? 
^AS",2017-11-11 09:13:24+00:00,2017-11-11 09:30:01+00:00,222,92
2478854,2478846,2478844,"@AmazonHelp was supposed to be delivered on Saturday, haven’t received package yet! last two weeks has been horrible, please switch to reliable carrier.","@708438 I'm very sorry to hear this, can I ask have you been updated via email as to why this order is delayed please? You may have an email in your spam/junk folder. Thanks. ^GA",2017-11-15 15:02:43+00:00,2017-11-15 15:08:03+00:00,152,178
176507,176506,176508,"@AmazonHelp Originally, when I got the device and then maybe did some additional training a few months later. I figured it must be time to do that again. So I will and promise to report back!","@130270 Yes, please do! We'd love to know how it goes! 😁 ^HM",2017-11-25 02:43:49+00:00,2017-11-25 02:51:01+00:00,191,60
2929522,2929520,2929518,@AmazonHelp Vendido y enviado por Amazon EEUU,"@810415 Toma en cuenta que el Centro de Devoluciones te mostrará todas las opciones disponibles para solucionar el problema, por lo que si no te mostró la opción de reemplazo no sería posible  ^AR",2017-11-29 06:27:03+00:00,2017-11-29 06:35:53+00:00,45,196
699454,699456,699457,@AmazonHelp No puedo contactar con el porque no hay información del transporte 😅,@286852 Y tu compra fue realizada directamente con Amazon o con uno de nuestros vendedores? ^AG,2017-11-23 17:40:01+00:00,2017-11-23 17:54:56+00:00,80,95
164908,164906,164905,@AmazonHelp La paquetería no ha entregado mi pedido que estaba programado para ayer. Es raro porque con el otro servicio de paquetería esto no pasa,"@154221 ¡Hola, Edwardo! Lamentamos el atraso de tu pedido, ¿te has puesto en contacto con el transportista asignado a la entrega? ^LC",2017-11-24 19:56:06+00:00,2017-11-24 20:00:00+00:00,147,133
1349140,1349137,1349141,@AmazonHelp Currently waiting on a call back from a UK manager.,@434620 Please reach out to us if you're still in need of assistance after speaking with one of our representatives. ^WM,2017-10-27 17:43:45+00:00,2017-10-27 17:46:41+00:00,63,120
2682490,2682488,2682487,"@AmazonHelp Did that! You need to replace the fake product with the original one. I don't think that's gonna happen considering that the refund has been initiated. I don't want a refund. I want original product, not a fake one.","@754593 Apologies for the inconvenience. However, once the refund is initiated, we wouldn't be able to send out a new product. Kindly place a new order for the same. Appreciate your understanding. ^BV",2017-11-18 12:38:50+00:00,2017-11-18 12:48:00+00:00,227,200
2975786,2975785,2975787,@AmazonHelp Order placed: 28th October. Now expected: 31 Oct - 3 Nov,"@820695 We might not have an immediate solution, but we'd like to look into your options with you here: https://t.co/qy3J24VGxb ^AF",2017-10-31 20:05:16+00:00,2017-10-31 20:15:57+00:00,68,131
499927,499930,499931,"@AmazonHelp Pone que el destinatario estaba ausente cuando he estado todo el dia en casa y aqui no ha llegado nadie, y normalmente cuando no dan contigo llaman al telefono","@234411 Hola Nikka, lamentamos el inconveniente. Comentanos, ¿tu pedido es enviado y vendido por Amazon o por alguno de nuestros vendedores externos? ^RC",2017-12-01 19:52:57+00:00,2017-12-01 19:55:05+00:00,171,153
898539,898534,898536,@AmazonHelp Besides that it didn’t ship? No,"@333362 Hmm. Have you been able to reach us via phone or chat? If not, please do so here: https://t.co/hApLpMlfHN. ^AL",2017-10-21 13:22:33+00:00,2017-10-21 13:31:58+00:00,43,118
674235,674230,674228,"@AmazonHelp Hi, thanks for the quick reply. The italian link is the following https://t.co/SfY8Nmq831",@280803 What error message are you receiving when purchasing the ebook?^CN,2017-11-23 10:15:56+00:00,2017-11-23 10:28:00+00:00,101,74
1381174,1381173,1381175,"@AmazonHelp No ,my friend had booked the same product on cash on delivery,same location ,he got that option,I'm not getting it ,why ??",@283411 That's strange. Let us check and confirm this. Please reach us via (1/2) ^VM,2017-10-28 06:04:15+00:00,2017-10-28 06:34:31+00:00,134,84
324189,324185,324184,@AmazonHelp Still not got refund while it's showing refund issued on 29 SEP registered email __email__ https://t.co/fHf3y3vFV6,@193226 Please revert to our previous e-mail stating the same and we'll check this further. ^HT,2017-10-07 14:44:43+00:00,2017-10-07 15:09:00+00:00,126,95
856047,856029,856028,@AmazonHelp Heres the order from yesterday using that email https://t.co/VGDbysDf5o,@323282 I'd like a member of our team to take a look at this for you. Please provide detailed info here: https://t.co/M4IrMUKbOZ ^KP,2017-10-19 15:35:36+00:00,2017-10-19 15:49:04+00:00,83,132
399834,399833,399835,@AmazonHelp No me aparece ninguna de esas opciones https://t.co/PuQSLkjAk0,@210537 Te sugerimos contactar a nuestro Servicio de atención al cliente: https://t.co/OjvUxwnzPe ^HC,2017-10-09 21:31:58+00:00,2017-10-09 21:37:00+00:00,74,101
1268317,1721027,1721028,@AmazonHelp Anexo foto: https://t.co/5RslMch0qW,"@416965 Como se te informa ha sufrido un retraso. ¿Has consultado las opciones disponibles en ""Ver opciones""? ^JD",2017-11-07 08:02:38+00:00,2017-11-07 08:05:50+00:00,47,113
1698758,1698756,1698755,@AmazonHelp It was shipped by Amazon. I filled out the form and hopefully I’ll see the book I ordered by Wednesday?,@515226 We'd like to make sure you receive your book so please keep us posted! ^DD,2017-11-06 23:33:44+00:00,2017-11-06 23:45:00+00:00,115,82
848242,2386636,2386637,@AmazonHelp deleted that particular tweet,@321583 Appreciate your understanding. Please be assured we are working on getting this resolved at the earliest. ^EM,2017-10-20 10:56:07+00:00,2017-10-20 11:08:33+00:00,41,117
238580,238574,238571,"@AmazonHelp No puedo contactar con el chat ahi, solo email. Cuanto van a tardar en contestar? Es urgente ya que hice 2 pedidos que se cancelaron.","@172750 Michael, la respuesta puede demorar hasta 12 horas. En el enlace también verás el # de teléfono al que puedes llamar. ^LG",2017-10-04 13:42:25+00:00,2017-10-04 13:47:25+00:00,145,129
2787692,2787688,2787690,"@AmazonHelp There are 5 orders listed ""eligible"" for feedback and this particular order is not one of those listed on the link you guys keep giving me.",@221662 You can always leave us packaging feedback via e-mail here: https://t.co/hApLpMlfHN ^KP,2017-11-21 19:28:06+00:00,2017-11-21 19:34:54+00:00,151,95
425509,425508,425510,@AmazonHelp the service center confirmed the product is not genuine. I believe I have explained enough and its you who'll tell me wht went wrong,@216209 and we'll get back to you soon. 2/2^AP,2017-10-10 13:13:28+00:00,2017-10-10 13:26:00+00:00,144,46
1480815,1480827,1480828,@AmazonHelp As told you earlier i have tried all those methods and resolution hasnt been provided. And my tweets wont stop until i get refund or access,@463845 I'm afraid we'll not be able to provide any further insight on this. Suggest you to wait. ^SG,2017-11-05 16:43:53+00:00,2017-11-05 17:03:30+00:00,151,101
2602237,2602231,2602229,@AmazonHelp I cant get to the site to even loh in,@736324 Have you tried clearing your cookies and cache please? Can I ask what internet browser you are using please? Thanks. ^GA,2017-11-17 08:25:52+00:00,2017-11-17 08:34:25+00:00,49,128
2679513,2679515,2679516,@AmazonHelp Immediately! It asked me to sign in again &amp; then brings up session expired every time ;/,"@265718 We'd like to take a closer look into this with you. When you have a moment, please call or chat with us here: https://t.co/uBUuKlS0wJ ^MB",2017-11-22 00:27:38+00:00,2017-11-22 00:36:00+00:00,104,145
2523323,2523327,2523328,"@AmazonHelp When I try on web, it grays out the option to add to cart. When using web app it add wrong size to cart. https://t.co/8fij0avjpa","@202088 Thank you for bringing this to our attention, Mack! I've escalated this to the proper department to be fixed. Please use this link to place your order for the SuperFeet Insoles: https://t.co/Vd3OEwkDXH and let us know if we may be of further assistance. ^KL",2017-11-16 03:35:55+00:00,2017-11-16 04:00:00+00:00,140,265
113716,113710,113712,@AmazonHelp The matter has hopefully now been resolved and we have been told that it should be with us by tomorrow. Thank you,"@141258 You're very welcome. Thank you for the update, and your patience! ^JR",2017-11-23 23:32:49+00:00,2017-11-23 23:35:00+00:00,125,77
2230301,2230299,2230298,"@AmazonHelp A tela agradável pra ler . A leveza e fluidez para ler , trocar de livro , comprar livros.",@621534 É muito amor pelo Kindle né?❤️ você está lendo algum livro no momento? ^AZ,2017-11-10 14:40:54+00:00,2017-11-10 14:50:00+00:00,102,82
1599623,1599622,1599624,"@AmazonHelp ""Nous avons supprimé l'accès a votre compte"" et vous me demander de vous fournir relevé de ma carte et une piece d'identité","@491196 compte, afin de débloquer la situation, je vous invite à suivre la démarche indiquée. Merci pour votre compréhension. 2/2 ^RA",2017-10-28 22:28:57+00:00,2017-10-28 22:37:29+00:00,135,133
2367267,2367263,2367261,@AmazonHelp Yesterday. I paid extra for it to be delivered yesterday.,"@683319 Oh no! Does your order have an updated delivery date? Keep us posted.
^AV",2017-11-26 17:13:53+00:00,2017-11-26 17:24:02+00:00,69,81
2380854,2380853,2380855,"@AmazonHelp I was just speaking with an entirely unhelpful agent who refused to assist me, refused to connect me with a supervisor, and when I asked for her name she hung up on me.",@686474 I'm so sorry for the poor experience! That's not the service we aim to provide! We'd like another opportunity to help you with your issue. Please reach out to us through the link ^DW provided to speak with us again. Let us know the outcome of the call! ^TK,2017-11-14 13:37:16+00:00,2017-11-14 13:43:27+00:00,180,264
2812793,2812792,2812794,@AmazonHelp Update: we good. https://t.co/9nmD0YLdf9,@419658 Thanks for the update! Let us know if there is anything else you need assistance with! ^BE,2017-11-27 02:23:09+00:00,2017-11-27 02:30:00+00:00,52,98
912898,912905,912907,@AmazonHelp I am sending my mobile number on https://t.co/RmpRsEyjU5 may call me.,"@336791 It's important that, we receive you details using that link provided in the previous post. [1/2] ^SK",2017-10-21 15:31:09+00:00,2017-10-21 16:34:35+00:00,81,108
497315,497312,497310,"@AmazonHelp Ordered using Amazon prime with no notification when ordering it would be delayed, wouldn't be so bothered if the item ordered wasn't for business purposes.",@233679 Did you have a chance to check the spam/junk folder of your e-mail account? Sometimes notifications get filtered to there. What's the new delivery date for the order?  ^DO,2017-12-01 18:33:22+00:00,2017-12-01 18:36:00+00:00,168,179
332038,332043,332044,"@AmazonHelp It was my right, I fought and I got warranty service! But problem was it that the product I purchased from Amazon was not a valid product!",@195059 we would look into the issue and assist. (3/3) ^KA,2017-10-08 07:34:01+00:00,2017-10-08 10:18:30+00:00,150,58
1255432,1255423,1255424,"@AmazonHelp Read through the tweets, I'm also talking to someone on fbook page, they've just said for me to provide feedback when I asked about raising a complaint?!","@414365 Hey Malcolm! You would have received an email after you contacted this morning, reply to that with your concerns using the link provided. ^CH",2017-11-21 17:39:23+00:00,2017-11-21 17:52:30+00:00,165,149
1252174,1252172,1252173,@AmazonHelp When it's going to be resolved? @13150 @AmazonHelp @115850,"@335919 As mentioned earlier, out team is working on your issue and will get back to you as soon as possible.(1/2)^AU",2017-10-26 05:01:03+00:00,2017-10-26 05:23:45+00:00,70,117
2269109,2269113,2269114,@AmazonHelp Me parece super bien 😎🎧🎶,"@660322 Genial Sofía, ¿Qué tal suena la canción con tus nuevos auriculares? 💃🎧🎼🤘 Por favor, cuéntanos en el siguiente enlace: https://t.co/3VbbUbYsSx ^AD",2017-11-11 14:45:58+00:00,2017-11-11 14:58:28+00:00,36,153
391640,391639,391641,"@AmazonHelp Amazons tracker is now saying there was an attempted delivery but I’ve been in all day, it’s still saying arriving today. Is that correct?",@208734 Unfortunately we can't see your account info on Twitter! To confirm please call or chat here:  https://t.co/Q7Ftz6nj80 ^JD,2017-10-09 18:33:53+00:00,2017-10-09 18:43:34+00:00,150,130
1918489,1918488,1918490,@AmazonHelp Gebt Bescheid sobald ihr was wisst 😊,"@571362 Sobald es Infos gibt, werden diese bekannt gegeben. :) Gruß ^NW",2017-10-31 17:39:00+00:00,2017-10-31 17:51:29+00:00,48,71
643,638,637,@AmazonHelp Hi ready for some help,@115834 Were you able to reach us at the link DW provided? ^TR,2017-10-31 22:19:56+00:00,2017-10-31 22:26:07+00:00,34,62
80668,80674,80676,"@AmazonHelp Il y a qd même un gros problème avec Chronopost de manière générale car sur les sms et mails ils donnent la possibilité de modifier le créneau (encore sur le sms ce matin, j'avais jusque 9.30!) mais impossible de le faire !",@133896 Notre SAV reste à votre disposition pour qu'il vous aide en cas de besoin.,2017-12-01 12:40:41+00:00,2017-12-01 12:45:00+00:00,235,82
2903577,2903576,2903578,@AmazonHelp please provide me any customer care no so I can get in touch with them,@804147 Using the link previously provided will take you to a page where you can get in touch with us! :) ^DY,2017-11-29 17:30:11+00:00,2017-11-29 17:32:36+00:00,82,109
2918720,2918719,2918721,@AmazonHelp Not sure where it says who delivered it. I can give the order number if that's what you meant?,"@807853 Hi there! When you click the link provided, it should open your Orders page. Find the order in question and then click Track Package. On the new screen, the name of the carrier is in the lower left. Will say UPS, USPS, AMZL, etc. ^SP",2017-11-29 04:39:50+00:00,2017-11-29 04:45:24+00:00,106,241
609416,609407,609404,"@AmazonHelp Tened la vergüenza ya sea @AmazonHelp o @116928 de respondernos. Hemos pagado por un servicio Prime que no se está cumpliendo, y encima NOS HABÉIS MENTIDO diciendo que no estábamos en casa para recoger el pedido hace dos días. Esto es inadmisible.",@264866 Sentimos mucho las molestias. ¿Has contactado a nuestros compañeros de Soporte al Cliente nuevamente para que puedan verificar las opciones disponibles? ^DA,2017-11-22 12:48:05+00:00,2017-11-22 12:51:58+00:00,259,164
16882,16844,16843,@AmazonHelp Many mails done...need clarification on what I asked...why 500 deposited as compensation..why no action against seller &amp; brand,@119703 further assistance as we wouldn't have the access to your account from here. Appreciate your understanding. 2/2 ^NK,2017-10-21 14:36:58+00:00,2017-10-21 14:43:36+00:00,142,123
1065677,1065676,1065678,@AmazonHelp I might be missing it but I cannot see that for Playmobil 6120 Country Large Farm,"@371609 We'd like to look into this further with you, Andrew. Can you please contact us here,  https://t.co/JzP7hlA23B ^HS",2017-10-23 14:47:52+00:00,2017-10-23 15:37:42+00:00,93,122
397293,1331159,1331163,@AmazonHelp @115850 @1840 Now agn ur CS asking for 3 days time to return pk-up? Have u done a mistake to buy a ph frm u?What a rubbish service frm u,@210089 Have you responded to the email you've received from Social media team? ^HK,2017-10-30 11:10:01+00:00,2017-10-30 11:20:28+00:00,148,83
2804254,2804253,2804255,@AmazonHelp ご丁寧にありがとうございます。現在仕事で出ておりますので、帰宅次第確認いたします。,@782181 万が一到着していない場合は、文末のリンクよりカスタマーサービスまでご連絡ください。どうぞよろしくお願いいたします。https://t.co/J6YEizFHia SK,2017-11-22 02:42:48+00:00,2017-11-22 02:48:33+00:00,53,91
2526224,2526223,2526225,"@AmazonHelp You are asking me to work hard even after making advance payment. Convinience is the reason I buy from site like yours. Options suggested aren't convenient, you wanna fix IVR or arrange a call back? @115851",@293898 I’m sorry to make you feel disappointed. We can't gain access to your account details via Twitter. Please share your details in this link here: https://t.co/GIJyeYqKE0 and I'll reach out to you. ^AR,2017-11-16 04:11:13+00:00,2017-11-16 04:31:00+00:00,218,206
529139,529141,529142,"@AmazonHelp Sure, Just let me know what I need to do","@242517 Let's try this option. You can click the ""Click to call"" and a representative will call you directly. You can do so here: https://t.co/Ik1W3fXGSa ^BA",2017-12-02 10:00:23+00:00,2017-12-02 10:02:51+00:00,52,157
885533,885530,885531,@AmazonHelp I have. Yet it is not done. Check the correspondence. I am taking it legal now.,@330267 We've received your details and shall reach out to you with an update soon. ^GS,2017-10-15 06:49:21+00:00,2017-10-15 07:11:00+00:00,91,87
314375,314374,314376,"@AmazonHelp 届いてました！
ありがとうございます😊","@191052 商品が届いていたとのこと、安心しました。
こちらはAmazonの公式アカウントなので、これからもお気づきの点やご不明点などがございましたらご遠慮なくお知らせください☺　MH",2017-11-25 04:12:47+00:00,2017-11-25 04:19:27+00:00,31,94
388457,388489,388490,@AmazonHelp I m already mail so many times Alwys reply we r working on it and appricate ur patience. last 12 days waiting 4 justice@JeffBezos,@207926 I get your disappointment. We're following up on this. We'll update you soon. ^SG,2017-10-21 15:25:29+00:00,2017-10-21 15:55:00+00:00,141,89
1159333,1159331,1159332,@AmazonHelp My Kindle App was updated 3 days ago. But it is still the same app with the same icon as always.,@392730 We'd like to take a look at this with you in real-time. Please call or chat with us here: https://t.co/hApLpMlfHN ^MH,2017-10-24 16:47:34+00:00,2017-10-24 16:56:01+00:00,108,125
1438602,1438604,1438605,@AmazonHelp When is Prime Music being launched in India?,@174520 We don't have any announcement yet. Kindly stay tuned to our website for the update. ^MN,2017-11-02 15:58:45+00:00,2017-11-02 16:28:00+00:00,56,96
89182,89181,89183,"@AmazonHelp Gracias, me comunico y cualquier detalle, les informo. Saludos.","@135289 Fue un gusto. Estamos para ayudarte, cualquier consulta adicional no dudes en contactarnos. ^AA",2017-11-30 15:16:44+00:00,2017-11-30 15:20:00+00:00,75,103
2318865,2318861,2318863,"@AmazonHelp Yes it says that the book has been delivered but not in  Rome , in another city called Piacenza",@672171 I'm sorry! From Twitter we cannot check your order so I'd suggest you to get in touch with our Customer Service here: https://t.co/YtcS8zMWhk. My colleagues will be able to double-check your order and provide you with the necessary support. See you soon! ^LF,2017-11-14 10:36:55+00:00,2017-11-14 10:58:55+00:00,107,266
1673653,1708430,1708431,"@AmazonHelp Didn't get an update till now what actually happens.
Is Amazon's customer service is so inefficient to solve such a simple issue?","@509281 As you've shared the required details, you must've received a correspondence from us here: https://t.co/8DAc10S7ww. ^MN",2017-11-07 12:27:16+00:00,2017-11-07 12:37:00+00:00,141,127
1072659,1072658,1072660,@AmazonHelp No refund option on website. Amazon India says you can’t get a refund. What if a customer doesn’t like the product? No benefit from Amazon??,"@373110 Apologies for this ordeal, Pragnesh. Please report this to our support team here: https://t.co/TdDksLo6Mf. ^HD",2017-10-23 17:11:22+00:00,2017-10-23 17:27:51+00:00,152,118
281012,281015,281016,@AmazonHelp Amazon help line says keep waiting,@182958 Did our customer service offer any replacement options? ^PK,2017-10-06 11:00:58+00:00,2017-10-06 11:04:39+00:00,46,67
1048782,1048781,1048783,"@AmazonHelp Tried but no option there of attaching screenshot. had bad experience with @118702 , so being double sure. As per your T&amp;C, it's fine. https://t.co/qEHdwlChJ2","@192514 I'd suggest you reach our support team right away and later you may forward the screenshots for same, we'll assist you on that. ^HT",2017-10-23 08:17:21+00:00,2017-10-23 08:31:00+00:00,174,139
2805891,2805890,2805892,"@AmazonHelp ご心配おかけして申し訳ありません。
楽しみだったもので出勤前に届いたらちょっと試せるなーと勝手に期待していただけです…。
本日中の配達予定でただいま確認したところ無事投函されたようです。
わざわざありがとうございます。",@782578 こちらこそ、突然のリプライ失礼いたしました。お困りではないかと思い、お声がけさせていただきました。無事にお届けできていたとのことで、安心いたしました。Twitterでもサポートさせていただいておりますので、お困りの際にはお知らせください。ご利用ありがとうございます！ET,2017-11-22 03:27:36+00:00,2017-11-22 03:33:00+00:00,121,143
965242,965253,965255,@AmazonHelp I didn't rcv any correspondence @AmazonHelp,@201415 You may check all emails sent to you here: https://t.co/8DAc10S7ww. (2/2)^SQ,2017-10-15 21:48:59+00:00,2017-10-15 22:13:31+00:00,55,84
878774,878769,881048,"@AmazonHelp shall i contact to media,  for looting the common people of india. 
Amazon india is fraud company. 
@120320 @120319",@320839 I get your disappointment. We'd like to assist you. Please drop in your details through the link that was provided earlier1/2 ^NK,2017-10-20 19:25:52+00:00,2017-10-20 19:44:34+00:00,127,137
539762,539740,539739,"@AmazonHelp Sonntag Nacht könnte man scheinbar spontan anrufen, Dienstag Nachmittag muss ich erst wieder das gleiche Formular ausfüllen, dass mir schon beim ersten mal statt einem angekündigten Anruf dann doch nur die oben genannte idiotische E-Mail eingebracht hat...? Tolles Spiel, Amazon.","@245182 Wie gesagt, unser Angebot steht. ^AW",2017-11-28 12:58:44+00:00,2017-11-28 13:15:34+00:00,291,44
2571848,2571842,2571844,@AmazonHelp Dudo mucho que me llegue mañana... pero cuando eso pase tendré que llamaros hecho un basilisco... porque es una tomadura de pelo lo vuestro,"@729303 Entiendo, Charles. Por favor mantennos al tanto de esta entrega. Si necesitas asistencia adicional, contáctanos. ^LG",2017-11-16 20:18:01+00:00,2017-11-16 20:21:58+00:00,151,124
1308581,1308585,1308586,@AmazonHelp hi there! The replacement wasn't processed I sent an email 48 hours ago &amp; no1 has responded so nothing is happening on my order.,"@425803 Please contact us by phone or chat, so we can look into this order in real-time. ^AF",2017-10-30 16:51:40+00:00,2017-10-30 17:06:33+00:00,144,92
1372739,1372728,1372726,@AmazonHelp No I haven’t received anything. You guys always screw up the delivery of items from @125066. @439480 and I now cannot play.,@439479 I'd like to have a member from our support team help you with this; please contact us here: https://t.co/hApLpMlfHN ^WM,2017-10-28 00:02:59+00:00,2017-10-28 00:10:00+00:00,135,127
348356,348355,348357,"@AmazonHelp Bin bei Kabel Deutschland. Neustart habe ich gestern mehrfach durchgeführt, teste es eben aber nochmal...",@198931 Danke dir für dein Feedback! Wir prüfen das. Probier es bitte im Laufe des Tages erneut. ^KM,2017-10-08 07:05:47+00:00,2017-10-08 07:13:29+00:00,117,100
1423024,1423022,1423025,"@AmazonHelp Have also had deliveries when courier claimed to have delivered, but put it back in the van and ended up back at the depot.","@450691 Apologies, did you report this to us via the website? ^JJ",2017-11-02 09:53:58+00:00,2017-11-02 09:57:00+00:00,135,65
1030300,1030299,1030301,"@AmazonHelp ""We can't do nothing""  is the answer by amazon care. Very very diappointed wid you Amazon. It will minimize trust on you. @115850","@363768 Sorry to knwo that, please drop in the details here: https://t.co/GIJyeYqKE0 and we'll reach out. ^MS",2017-10-14 18:15:53+00:00,2017-10-14 18:47:01+00:00,141,109
83408,83404,83406,@AmazonHelp And the other 3 times?,@134324 Sorry to hear that. Can I ask if you contacted us when your orders were delayed before so we could take a look into it for you? ^TI,2017-11-30 13:55:00+00:00,2017-11-30 14:04:00+00:00,34,139
472349,472345,472344,"@AmazonHelp As you can see, If I order today.. Only can get delivery on Monday &amp; I ordered on Monday this week for delivery on Wednesday . https://t.co/4jTcgTon9A",@227489 During this busy time we have slightly extended the delivery window for some Prime eligible items. You can find out more info here: https://t.co/EnfHNv6sOe.^SM,2017-12-01 09:19:42+00:00,2017-12-01 09:23:00+00:00,166,167
107328,107327,107329,@AmazonHelp Yes. All week. Utterly useless. Two now been stolen,@139837 Oh my! I'm sorry for the trouble! We'd like to help if we can. We don't have access to your account via Twitter. Please reach out to us here: https://t.co/JzP7hlA23B ^MO,2017-12-01 12:42:37+00:00,2017-12-01 12:46:57+00:00,63,177
2843815,2843829,2843830,@AmazonHelp Je pense que vous êtes une des pages les plus actif de tout Twitter 😝😍,@791131 Et comment 😎😎!!!   ^SA https://t.co/vffuWgskTM,2017-11-29 15:28:00+00:00,2017-11-29 15:45:45+00:00,82,54
185811,244699,244700,@AmazonHelp I have not received any update. contact me on 9987001252,"@174122 Also, please don't provide your order/account details as we consider them to be personal information. ^HK",2017-10-22 12:45:33+00:00,2017-10-22 12:54:00+00:00,68,113
125359,125357,125355,"@AmazonHelp El producto que agregué al carrito decía ""vendido y enviado por amazon mexico""","@144106 Pablo, en este caso te recomiendo entrar en contacto con nuestros colegas de Servicio al Cliente para una atención personalizada y para verificar el rastreo del pedido.
Lo puedes hacer a través del siguiente enlace: https://t.co/beR78zMMYB ^LC",2017-11-24 02:25:28+00:00,2017-11-24 02:30:00+00:00,90,251
1756502,1756495,1756497,@AmazonHelp My account has been hacked twice this year and yesterday our saved and basket was all emptied?!? They had over 30items in it. Who emptied it,"@411181 Have you been able to gain access to your account now, Sammie? Would there be anyone else that can log into your account?^FR",2017-11-07 19:58:05+00:00,2017-11-07 20:04:31+00:00,152,132
173543,173539,173541,@AmazonHelp お世話になります。再度配送業者（TMG）と連絡をとり、無事に商品を回収いたしました。ありがとうございました。,@156630 リプライありがとうございます。この度はご不便をおかけし申し訳ございませんでした。至らぬ点が多々あるかと存じますが、また利用したいと思っていただけるように努めてまいりますのでどうぞよろしくお願いいたします。SK,2017-11-25 02:41:02+00:00,2017-11-25 02:44:34+00:00,66,112
385656,385655,385657,"@AmazonHelp It is shipped by Amazon, it says it's been handed over! It hasn't!",@207292 Have you checked with family/neighbors who may have accepted the order on your behalf? ^NV,2017-10-09 12:24:36+00:00,2017-10-09 12:39:28+00:00,78,98
205104,205100,205099,@AmazonHelp Still can't understand what my Prime membership is for if I have to wait 5 days for an order.,"@164579 Letting you down is never what we want! Two-Day Shipping refers to business days in transit, &amp; doesn't include (1/2) ^MV",2017-10-04 23:41:41+00:00,2017-10-04 23:59:30+00:00,105,132
712498,712497,712499,@AmazonHelp Appreciate ur offer of help. Sick of repeating myself. If you could tell me where I direct complaints to that would help tremendously?,"@290392 To e-mail us, follow this sequence: https://t.co/JS3mw5dLb7 An order I placed &gt; Other order issues &gt; Give Amazon feedback. ^MB",2017-10-11 18:55:38+00:00,2017-10-11 19:03:36+00:00,146,140
2827686,2827684,2827685,@AmazonHelp There is nothing close to resolution of problem in the mail received on 29th.. 72 hrs you asked for will be over in next  2-3 hours..,"@787586 Sorry for the stretch, Rahul. Kindly write back to the email you have received here: https://t.co/9OllYTGo3U and we'll get back to you soon. ^SY",2017-11-30 05:41:46+00:00,2017-11-30 06:13:30+00:00,145,152
2845581,2845587,2845589,"@AmazonHelp order dt-21/11/17,order#-408-1451886-4609126","@791502 This being a public platform, we wouldn't be able to check your details, Bijay. Please share your details from the link provided. We'll check your details and assist you. (1/2) ^SV",2017-11-27 19:33:19+00:00,2017-11-27 19:55:44+00:00,56,188
1218286,1218293,1218294,"@AmazonHelp original payment mode Amazon cash , but why Can't a customer get the cash in aCcount , product defected not available, ur fault","@405848 We're following up on your concern, here: https://t.co/26tj9Tkakm. ^YP",2017-10-25 14:33:30+00:00,2017-10-25 15:02:21+00:00,139,78
